txn_id,merchant_id,timestamp,amount,hour_of_day,is_odd_hour,billing_city,shipping_city,location_mismatch,device_type,new_device_flag,velocity_last_hour,amount_deviation_ratio,is_fraud
T10000,M115,2026-07-30T22:10:39.750457,5532.57,22,0,Jaipur,Hyderabad,1,tablet,0,1,0.69,0
T10001,M102,2026-08-31T01:44:46.750511,1611.81,1,1,Chennai,Delhi,1,mobile,0,3,1.07,1
T10002,M113,2026-08-23T19:26:29.750540,3372.23,19,0,Bengaluru,Chennai,1,mobile,0,1,0.17,0
T10003,M137,2026-08-12T18:57:41.750556,3012.05,18,0,Kolkata,Pune,1,mobile,0,8,1.0,0
T10004,M103,2026-09-02T19:03:27.750567,716.95,19,1,Kolkata,Bhubaneswar,1,mobile,0,1,1.43,0
T10005,M116,2026-08-18T20:21:17.750580,4072.03,20,0,Mumbai,Delhi,1,tablet,0,3,1.36,0
T10006,M121,2026-07-28T09:46:03.750591,177940.23,9,0,Chennai,Jaipur,1,mobile,0,1,8.9,0
T10007,M132,2026-08-21T13:18:06.750605,613.0,13,0,Pune,Bengaluru,1,tablet,1,4,1.23,1
T10008,M138,2026-08-07T17:28:09.750615,402.83,17,0,Chennai,Hyderabad,1,mobile,0,1,0.81,0
T10009,M131,2026-08-31T14:32:09.750625,506.97,14,0,Jaipur,Bengaluru,1,mobile,1,1,1.01,0
T10010,M133,2026-09-03T08:15:29.750634,570.56,8,0,Hyderabad,Chennai,1,desktop,0,8,0.19,0
T10011,M133,2026-08-13T21:49:10.750646,1076.26,21,0,Hyderabad,Delhi,1,desktop,0,1,0.36,0
T10012,M100,2026-07-26T10:30:46.750656,481.76,10,0,Mumbai,Pune,1,mobile,0,1,0.96,0
T10013,M134,2026-07-29T09:57:16.750665,2596.55,9,0,Bhubaneswar,Bhubaneswar,0,desktop,0,1,0.87,0
T10014,M106,2026-07-27T16:43:57.750674,398.76,16,0,Mumbai,Delhi,1,mobile,0,1,0.8,0
T10015,M115,2026-08-01T07:01:07.750684,5483.19,7,0,Ahmedabad,Bengaluru,1,desktop,0,1,0.69,0
T10016,M104,2026-08-13T12:05:05.750693,25615.14,12,0,Jaipur,Mumbai,1,mobile,0,3,1.28,0
T10017,M131,2026-08-15T08:37:23.750702,132.15,8,1,Kolkata,Mumbai,1,mobile,1,1,0.26,0
T10018,M129,2026-08-05T20:08:21.750710,55.33,20,0,Jaipur,Ahmedabad,1,mobile,0,1,0.11,0
T10019,M134,2026-07-25T22:49:14.750719,4401.78,22,1,Mumbai,Mumbai,0,tablet,1,1,1.47,0
T10020,M103,2026-08-16T15:27:47.750728,612.34,15,0,Hyderabad,Kolkata,1,mobile,0,4,1.22,0
T10021,M102,2026-08-22T01:25:54.750739,1685.58,1,1,Bhubaneswar,Bhubaneswar,0,tablet,0,1,1.12,0
T10022,M120,2026-08-03T13:53:21.750885,2937.74,13,0,Ahmedabad,Pune,1,mobile,0,1,0.98,0
T10023,M106,2026-07-26T13:09:17.750898,605.42,13,0,Jaipur,Chennai,1,mobile,1,4,1.21,1
T10024,M123,2026-08-05T19:50:03.750909,11320.23,19,1,Bhubaneswar,Jaipur,1,mobile,0,1,1.42,1
T10025,M106,2026-09-03T14:53:31.750920,816.98,14,0,Delhi,Delhi,0,tablet,0,1,1.63,0
T10026,M121,2026-08-01T21:00:29.750929,14005.62,21,0,Chennai,Mumbai,1,mobile,0,1,0.7,0
T10027,M121,2026-08-29T10:13:08.750942,5529.03,10,0,Chennai,Bengaluru,1,tablet,0,1,0.28,0
T10028,M107,2026-07-26T15:27:55.750952,788.44,15,0,Mumbai,Pune,1,tablet,0,1,1.58,0
T10029,M123,2026-09-04T15:11:21.750963,6340.17,15,0,Mumbai,Pune,1,mobile,0,1,0.79,0
T10030,M135,2026-09-03T21:53:29.750973,5286.39,21,0,Hyderabad,Bengaluru,1,mobile,0,3,1.76,0
T10031,M121,2026-08-29T23:20:46.750983,4702.29,23,0,Hyderabad,Chennai,1,mobile,0,2,0.24,0
T10032,M130,2026-08-02T18:57:14.750992,1918.56,18,0,Hyderabad,Hyderabad,0,mobile,0,1,1.28,0
T10033,M104,2026-08-29T12:47:27.751001,37020.41,12,0,Jaipur,Kolkata,1,tablet,0,5,1.85,0
T10034,M107,2026-09-03T13:37:25.751010,623.28,13,0,Chennai,Mumbai,1,mobile,0,1,1.25,0
T10035,M127,2026-08-21T10:05:04.751019,19072.17,10,0,Delhi,Kolkata,1,tablet,0,1,0.95,0
T10036,M133,2026-09-05T22:10:23.751027,3635.74,22,0,Hyderabad,Pune,1,desktop,0,1,1.21,0
T10037,M120,2026-08-24T04:42:08.751037,1285.42,4,0,Chennai,Jaipur,1,desktop,0,1,0.43,0
T10038,M135,2026-07-29T04:06:03.751046,3634.14,4,0,Bengaluru,Bhubaneswar,1,tablet,0,1,1.21,0
T10039,M118,2026-08-02T04:40:50.751055,776.23,4,1,Bhubaneswar,Bhubaneswar,0,tablet,0,1,1.55,0
T10040,M132,2026-08-14T23:06:06.751063,637.61,23,0,Delhi,Chennai,1,tablet,0,1,1.28,0
T10041,M115,2026-08-24T15:39:49.751072,190.45,15,0,Hyderabad,Bengaluru,1,mobile,1,1,0.02,0
T10042,M104,2026-08-14T02:23:53.751081,10313.16,2,1,Kolkata,Ahmedabad,1,desktop,0,1,0.52,0
T10043,M106,2026-08-29T18:43:31.751089,644.37,18,0,Bengaluru,Jaipur,1,desktop,0,1,1.29,0
T10044,M129,2026-07-29T11:09:04.751097,594.23,11,0,Bhubaneswar,Pune,1,desktop,0,1,1.19,0
T10045,M135,2026-08-13T15:19:37.751106,1311.15,15,0,Ahmedabad,Ahmedabad,0,desktop,0,2,0.44,0
T10046,M133,2026-08-15T12:23:47.751114,2327.6,12,0,Chennai,Hyderabad,1,desktop,1,1,0.78,0
T10047,M109,2026-08-03T05:14:20.751124,15417.73,5,1,Bengaluru,Hyderabad,1,mobile,0,1,0.77,0
T10048,M103,2026-08-02T00:46:46.751132,598.86,0,1,Mumbai,Bhubaneswar,1,desktop,1,1,1.2,1
T10049,M124,2026-09-02T10:08:20.751140,327.66,10,0,Kolkata,Jaipur,1,tablet,0,2,0.66,0
T10050,M131,2026-08-02T15:26:41.751148,466.88,15,0,Kolkata,Bengaluru,1,desktop,1,3,0.93,0
T10051,M125,2026-08-20T17:24:18.751159,728.23,17,0,Mumbai,Delhi,1,tablet,1,1,1.46,0
T10052,M116,2026-08-10T09:29:16.751172,2382.69,9,0,Kolkata,Chennai,1,desktop,0,1,0.79,0
T10053,M134,2026-07-25T12:29:02.751188,4168.51,12,0,Pune,Hyderabad,1,tablet,1,1,1.39,0
T10054,M101,2026-08-03T23:54:21.751201,3076.18,23,1,Bengaluru,Ahmedabad,1,tablet,1,1,1.03,1
T10055,M116,2026-08-29T05:18:03.751213,3231.29,5,1,Bhubaneswar,Bhubaneswar,0,tablet,0,2,1.08,0
T10056,M119,2026-07-28T05:44:39.751225,1523.15,5,1,Kolkata,Kolkata,0,tablet,0,1,0.19,0
T10057,M115,2026-07-27T22:31:25.751251,4508.71,22,0,Chennai,Bhubaneswar,1,mobile,0,2,0.56,0
T10058,M134,2026-08-12T18:53:47.751271,2760.61,18,0,Mumbai,Kolkata,1,desktop,1,1,0.92,0
T10059,M129,2026-08-26T07:52:27.751281,435.78,7,1,Bengaluru,Jaipur,1,tablet,0,1,0.87,0
T10060,M130,2026-08-14T13:25:01.751290,606.23,13,0,Hyderabad,Delhi,1,desktop,0,3,0.4,0
T10061,M139,2026-08-24T10:17:45.751299,1882.94,10,0,Mumbai,Ahmedabad,1,desktop,0,1,1.26,0
T10062,M121,2026-08-05T13:37:32.751307,29081.39,13,0,Mumbai,Jaipur,1,mobile,0,1,1.45,0
T10063,M115,2026-08-25T12:25:05.751316,4602.52,12,0,Ahmedabad,Ahmedabad,0,mobile,0,1,0.58,0
T10064,M119,2026-08-24T05:22:10.751324,4842.04,5,1,Kolkata,Jaipur,1,desktop,0,1,0.61,0
T10065,M114,2026-07-28T20:22:27.751333,388.97,20,0,Pune,Delhi,1,tablet,0,1,0.78,0
T10066,M113,2026-08-27T20:20:12.751342,7215.97,20,0,Jaipur,Bhubaneswar,1,desktop,0,5,0.36,0
T10067,M123,2026-07-31T16:51:52.751356,8509.37,16,0,Jaipur,Bengaluru,1,desktop,0,1,1.06,0
T10068,M108,2026-08-22T22:58:19.751370,1972.31,22,1,Bhubaneswar,Chennai,1,desktop,0,1,1.31,1
T10069,M116,2026-09-02T19:46:48.751379,1974.39,19,0,Delhi,Kolkata,1,desktop,0,1,0.66,0
T10070,M109,2026-08-31T08:50:56.751387,13715.2,8,1,Delhi,Jaipur,1,desktop,0,1,0.69,0
T10071,M133,2026-08-10T10:58:21.751396,2607.15,10,0,Ahmedabad,Chennai,1,tablet,0,8,0.87,0
T10072,M139,2026-08-27T22:03:59.751404,2326.24,22,1,Chennai,Delhi,1,mobile,0,1,1.55,0
T10073,M126,2026-08-13T20:40:29.751413,4188.47,20,1,Ahmedabad,Chennai,1,mobile,0,1,1.4,0
T10074,M129,2026-07-26T10:43:49.751421,325.98,10,0,Bhubaneswar,Hyderabad,1,desktop,0,1,0.65,0
T10075,M117,2026-09-01T02:53:42.751432,242.2,2,0,Mumbai,Bengaluru,1,desktop,0,1,0.16,0
T10076,M128,2026-07-29T00:40:57.751440,13319.23,0,1,Chennai,Jaipur,1,tablet,0,1,0.67,0
T10077,M127,2026-08-27T15:35:38.751450,21331.16,15,0,Chennai,Mumbai,1,mobile,0,1,1.07,0
T10078,M137,2026-07-23T23:58:12.751459,4792.46,23,1,Mumbai,Bengaluru,1,desktop,0,1,1.6,0
T10079,M137,2026-08-13T03:38:34.751467,2995.18,3,1,Ahmedabad,Delhi,1,desktop,0,1,1.0,0
T10080,M110,2026-08-08T00:02:56.751475,12047.56,0,1,Kolkata,Jaipur,1,mobile,0,1,0.6,0
T10081,M125,2026-09-02T23:29:37.751484,623.31,23,1,Mumbai,Jaipur,1,desktop,0,1,1.25,0
T10082,M131,2026-08-22T08:27:14.751492,439.16,8,1,Bengaluru,Chennai,1,desktop,0,3,0.88,0
T10083,M138,2026-08-30T19:04:04.751501,523.19,19,1,Bengaluru,Chennai,1,tablet,0,1,1.05,0
T10084,M107,2026-08-14T09:25:32.751508,773.07,9,0,Chennai,Jaipur,1,tablet,0,1,1.55,0
T10085,M115,2026-08-14T03:59:41.751517,6490.65,3,0,Kolkata,Hyderabad,1,tablet,1,1,0.81,0
T10086,M117,2026-08-29T12:01:54.751525,1654.52,12,0,Jaipur,Chennai,1,mobile,0,1,1.1,0
T10087,M131,2026-09-02T23:54:05.751536,299.42,23,1,Jaipur,Ahmedabad,1,desktop,0,1,0.6,0
T10088,M120,2026-09-03T04:57:33.751544,3697.7,4,0,Hyderabad,Kolkata,1,mobile,0,1,1.23,0
T10089,M124,2026-08-10T17:36:51.751552,786.59,17,0,Bengaluru,Ahmedabad,1,mobile,1,1,1.57,0
T10090,M106,2026-09-03T10:18:20.751560,551.54,10,0,Mumbai,Bengaluru,1,desktop,1,3,1.1,0
T10091,M116,2026-08-08T10:15:08.751568,2545.17,10,0,Kolkata,Delhi,1,desktop,1,3,0.85,0
T10092,M120,2026-08-22T10:04:26.751577,2604.42,10,0,Mumbai,Bhubaneswar,1,mobile,0,1,0.87,0
T10093,M114,2026-08-28T05:50:45.751586,168.91,5,1,Delhi,Delhi,0,desktop,0,1,0.34,0
T10094,M120,2026-08-30T15:22:27.751594,4061.1,15,0,Hyderabad,Jaipur,1,desktop,0,1,1.35,0
T10095,M105,2026-08-21T13:54:33.751602,22603.13,13,0,Bhubaneswar,Hyderabad,1,desktop,0,3,1.13,0
T10096,M116,2026-08-14T07:14:18.751610,2994.48,7,1,Chennai,Jaipur,1,mobile,1,1,1.0,1
T10097,M119,2026-08-23T00:13:03.751620,8439.49,0,1,Chennai,Ahmedabad,1,desktop,0,1,1.05,0
T10098,M115,2026-08-10T12:07:17.751628,4235.02,12,0,Chennai,Mumbai,1,tablet,0,1,0.53,0
T10099,M103,2026-09-05T04:44:44.751637,385.78,4,1,Ahmedabad,Chennai,1,mobile,0,1,0.77,0
T10100,M139,2026-08-04T03:48:04.751645,1079.7,3,1,Bengaluru,Delhi,1,tablet,0,1,0.72,0
T10101,M137,2026-08-09T16:53:38.751653,1276.89,16,0,Delhi,Chennai,1,desktop,0,2,0.43,0
T10102,M134,2026-09-03T12:57:02.751661,4452.75,12,0,Bengaluru,Chennai,1,desktop,0,4,1.48,0
T10103,M107,2026-08-14T17:26:44.751670,456.16,17,0,Bengaluru,Hyderabad,1,tablet,1,2,0.91,1
T10104,M135,2026-08-09T17:57:31.751678,4013.81,17,0,Delhi,Ahmedabad,1,desktop,0,1,1.34,0
T10105,M123,2026-07-28T06:01:56.751686,9722.92,6,1,Ahmedabad,Mumbai,1,tablet,0,3,1.22,1
T10106,M114,2026-08-23T10:22:10.751694,843.7,10,0,Chennai,Kolkata,1,mobile,1,1,1.69,0
T10107,M131,2026-07-28T15:05:24.751704,644.18,15,0,Jaipur,Bengaluru,1,desktop,0,1,1.29,0
T10108,M134,2026-08-12T08:07:05.751712,1351.2,8,1,Delhi,Ahmedabad,1,tablet,1,1,0.45,0
T10109,M123,2026-08-02T12:56:15.751721,5311.7,12,0,Hyderabad,Pune,1,mobile,0,5,0.66,0
T10110,M122,2026-07-25T22:20:45.751729,395.92,22,1,Ahmedabad,Delhi,1,tablet,0,1,0.79,1
T10111,M103,2026-08-30T04:28:55.751738,577.5,4,1,Bengaluru,Bhubaneswar,1,mobile,0,1,1.16,0
T10112,M113,2026-08-31T11:04:31.751746,24878.01,11,0,Bhubaneswar,Mumbai,1,desktop,0,3,1.24,0
T10113,M116,2026-08-30T18:08:09.751754,2217.82,18,0,Mumbai,Bengaluru,1,mobile,0,1,0.74,0
T10114,M101,2026-07-31T10:48:41.751764,2939.77,10,0,Delhi,Delhi,0,desktop,0,1,0.98,0
T10115,M128,2026-08-16T10:48:52.751772,24145.87,10,0,Bhubaneswar,Mumbai,1,tablet,1,2,1.21,0
T10116,M129,2026-08-23T05:20:46.751780,569.05,5,1,Kolkata,Kolkata,0,tablet,0,1,1.14,0
T10117,M105,2026-08-07T15:05:14.751789,19364.83,15,0,Delhi,Bengaluru,1,desktop,0,1,0.97,0
T10118,M124,2026-08-20T23:48:43.751797,284.11,23,0,Delhi,Delhi,0,tablet,0,1,0.57,0
T10119,M113,2026-08-12T20:52:04.751806,18321.35,20,0,Hyderabad,Kolkata,1,desktop,0,2,0.92,0
T10120,M120,2026-08-12T17:00:57.751814,2647.61,17,0,Ahmedabad,Delhi,1,mobile,0,2,0.88,0
T10121,M123,2026-08-31T09:34:47.751823,10267.73,9,1,Mumbai,Bhubaneswar,1,tablet,0,1,1.28,0
T10122,M127,2026-09-03T03:12:02.751831,22245.0,3,0,Chennai,Pune,1,mobile,0,1,1.11,0
T10123,M114,2026-09-02T02:56:48.751840,467.21,2,1,Jaipur,Pune,1,mobile,0,2,0.93,1
T10124,M135,2026-08-29T05:55:25.751848,3689.74,5,0,Mumbai,Bhubaneswar,1,tablet,0,2,1.23,0
T10125,M119,2026-09-05T17:28:08.751856,3988.82,17,0,Mumbai,Bengaluru,1,mobile,0,1,0.5,0
T10126,M101,2026-07-27T10:42:19.751864,2979.6,10,0,Pune,Bengaluru,1,desktop,0,1,0.99,0
T10127,M138,2026-07-27T02:46:55.751877,360.83,2,1,Bengaluru,Bengaluru,0,tablet,0,1,0.72,0
T10128,M127,2026-08-15T13:38:12.751886,13529.49,13,0,Jaipur,Delhi,1,desktop,0,1,0.68,0
T10129,M131,2026-08-17T13:43:21.751896,371.11,13,0,Mumbai,Hyderabad,1,desktop,0,5,0.74,0
T10130,M113,2026-08-29T05:49:37.751905,23999.05,5,0,Mumbai,Ahmedabad,1,tablet,0,1,1.2,0
T10131,M114,2026-08-16T06:38:52.751913,616.66,6,1,Pune,Delhi,1,desktop,0,3,1.23,0
T10132,M104,2026-09-02T20:13:51.751921,16729.99,20,0,Kolkata,Chennai,1,mobile,1,1,0.84,0
T10133,M139,2026-08-14T07:51:06.751929,2086.24,7,1,Pune,Delhi,1,desktop,0,2,1.39,0
T10134,M133,2026-07-26T19:25:49.751937,2179.69,19,0,Pune,Bengaluru,1,mobile,0,1,0.73,0
T10135,M122,2026-08-09T00:51:39.751945,605.0,0,1,Bengaluru,Hyderabad,1,mobile,0,1,1.21,0
T10136,M104,2026-07-31T14:11:24.751954,30727.01,14,0,Bhubaneswar,Bhubaneswar,0,desktop,1,1,1.54,0
T10137,M139,2026-08-07T16:21:53.751963,1245.8,16,0,Pune,Bengaluru,1,desktop,0,1,0.83,0
T10138,M117,2026-08-20T16:51:14.751971,2169.93,16,0,Ahmedabad,Mumbai,1,mobile,0,1,1.45,0
T10139,M105,2026-08-21T20:20:12.751980,23290.38,20,0,Kolkata,Ahmedabad,1,tablet,0,1,1.16,0
T10140,M128,2026-09-05T02:55:11.751988,24265.53,2,1,Ahmedabad,Jaipur,1,mobile,0,4,1.21,1
T10141,M121,2026-08-26T16:02:16.751996,9189.99,16,0,Bengaluru,Mumbai,1,mobile,1,2,0.46,0
T10142,M139,2026-07-30T16:45:09.752004,619.7,16,0,Pune,Bhubaneswar,1,mobile,0,2,0.41,0
T10143,M106,2026-08-19T01:52:27.752012,837.52,1,1,Chennai,Chennai,0,tablet,1,3,1.68,1
T10144,M109,2026-08-08T04:11:41.752020,30294.24,4,1,Chennai,Kolkata,1,mobile,1,1,1.51,1
T10145,M124,2026-08-23T05:31:26.752028,644.66,5,0,Bengaluru,Jaipur,1,mobile,0,1,1.29,0
T10146,M123,2026-08-06T23:39:18.752037,8942.69,23,1,Ahmedabad,Hyderabad,1,mobile,0,8,1.12,1
T10147,M106,2026-08-16T15:18:04.752046,625.75,15,0,Jaipur,Mumbai,1,tablet,0,1,1.25,0
T10148,M124,2026-07-30T11:31:02.752054,697.67,11,0,Bengaluru,Ahmedabad,1,mobile,0,1,1.4,0
T10149,M128,2026-08-21T15:11:42.752063,32857.16,15,0,Ahmedabad,Hyderabad,1,tablet,1,1,1.64,0
T10150,M112,2026-08-09T20:21:56.752072,1160.41,20,0,Chennai,Kolkata,1,tablet,1,1,0.77,0
T10151,M138,2026-07-29T17:02:45.752082,265.94,17,0,Mumbai,Ahmedabad,1,desktop,0,1,0.53,0
T10152,M107,2026-08-05T19:55:20.752090,602.19,19,0,Jaipur,Bengaluru,1,desktop,1,1,1.2,0
T10153,M122,2026-07-24T06:52:22.752098,559.46,6,1,Kolkata,Jaipur,1,desktop,1,1,1.12,1
T10154,M101,2026-08-07T11:05:41.752106,5080.83,11,0,Bengaluru,Bengaluru,0,mobile,0,1,1.69,0
T10155,M108,2026-08-28T19:54:50.752114,1017.0,19,1,Ahmedabad,Bhubaneswar,1,mobile,0,3,0.68,0
T10156,M109,2026-08-18T15:12:11.752122,30197.65,15,0,Chennai,Hyderabad,1,desktop,0,1,1.51,0
T10157,M139,2026-08-14T04:22:33.752132,1198.44,4,1,Ahmedabad,Bhubaneswar,1,tablet,0,1,0.8,0
T10158,M109,2026-08-06T03:09:23.752139,10023.8,3,1,Kolkata,Bengaluru,1,tablet,0,1,0.5,0
T10159,M133,2026-08-18T09:42:05.752148,3712.93,9,0,Jaipur,Jaipur,0,mobile,0,1,1.24,0
T10160,M123,2026-08-04T07:19:26.752156,7949.29,7,1,Hyderabad,Delhi,1,tablet,0,2,0.99,0
T10161,M134,2026-08-08T10:14:10.752164,1872.22,10,0,Bengaluru,Ahmedabad,1,tablet,0,1,0.62,0
T10162,M129,2026-07-24T18:53:21.752172,483.86,18,0,Mumbai,Pune,1,desktop,1,1,0.97,0
T10163,M116,2026-07-24T18:27:58.752180,3345.88,18,0,Hyderabad,Chennai,1,desktop,0,3,1.12,0
T10164,M117,2026-07-29T00:49:26.752187,1696.2,0,0,Ahmedabad,Kolkata,1,desktop,0,5,1.13,0
T10165,M133,2026-08-04T22:33:07.752196,1775.14,22,0,Kolkata,Delhi,1,desktop,0,1,0.59,0
T10166,M120,2026-07-27T23:20:06.752203,4546.2,23,0,Bhubaneswar,Kolkata,1,mobile,0,1,1.52,0
T10167,M122,2026-08-21T20:09:14.752212,641.82,20,1,Chennai,Mumbai,1,mobile,0,1,1.28,0
T10168,M110,2026-07-24T12:04:53.752221,26826.53,12,0,Mumbai,Bengaluru,1,mobile,0,1,1.34,0
T10169,M136,2026-07-24T13:31:53.752229,2141.37,13,0,Ahmedabad,Pune,1,desktop,0,1,1.43,0
T10170,M123,2026-08-11T07:32:35.752237,6981.91,7,1,Mumbai,Bengaluru,1,desktop,1,1,0.87,0
T10171,M116,2026-08-26T04:03:48.752245,3891.68,4,1,Bhubaneswar,Chennai,1,tablet,0,3,1.3,0
T10172,M104,2026-08-13T22:28:04.752253,25906.88,22,1,Pune,Pune,0,tablet,0,1,1.3,0
T10173,M110,2026-08-26T13:07:03.752261,31182.7,13,0,Bengaluru,Pune,1,tablet,1,1,1.56,0
T10174,M115,2026-08-30T08:39:04.752269,4974.15,8,0,Ahmedabad,Jaipur,1,mobile,0,1,0.62,0
T10175,M130,2026-08-17T12:16:47.752278,1521.32,12,0,Kolkata,Bhubaneswar,1,mobile,0,1,1.01,0
T10176,M129,2026-08-25T00:11:03.752286,395.8,0,1,Jaipur,Bhubaneswar,1,mobile,0,2,0.79,0
T10177,M103,2026-09-01T08:26:25.752298,488.59,8,1,Bengaluru,Chennai,1,mobile,1,1,0.98,0
T10178,M133,2026-09-04T10:27:51.752307,2896.74,10,0,Jaipur,Chennai,1,mobile,0,1,0.97,0
T10179,M110,2026-08-20T17:18:24.752315,23168.66,17,0,Bengaluru,Bengaluru,0,tablet,1,1,1.16,0
T10180,M136,2026-07-24T23:47:41.752323,13734.7,23,1,Bhubaneswar,Chennai,1,tablet,0,1,9.16,1
T10181,M101,2026-08-16T04:03:23.752332,2743.66,4,1,Jaipur,Chennai,1,tablet,0,4,0.91,1
T10182,M125,2026-08-06T10:20:08.752341,207.41,10,0,Kolkata,Ahmedabad,1,desktop,0,1,0.41,0
T10183,M120,2026-08-27T15:12:16.752349,3527.49,15,0,Pune,Kolkata,1,mobile,0,2,1.18,0
T10184,M115,2026-08-14T15:16:47.752357,10510.92,15,0,Mumbai,Chennai,1,desktop,0,3,1.31,0
T10185,M110,2026-08-31T11:34:13.752365,26084.8,11,0,Bhubaneswar,Pune,1,mobile,0,2,1.3,0
T10186,M131,2026-09-03T15:59:50.752373,484.43,15,0,Jaipur,Ahmedabad,1,mobile,0,1,0.97,0
T10187,M131,2026-08-20T23:57:35.752383,540.41,23,1,Ahmedabad,Chennai,1,tablet,0,1,1.08,0
T10188,M116,2026-08-27T07:24:29.752390,7575.41,7,1,Jaipur,Hyderabad,1,desktop,0,1,2.53,0
T10189,M135,2026-08-05T13:41:53.752400,3910.7,13,0,Bhubaneswar,Bhubaneswar,0,mobile,0,1,1.3,0
T10190,M121,2026-08-19T01:43:16.752407,32441.82,1,0,Jaipur,Kolkata,1,tablet,0,1,1.62,0
T10191,M130,2026-08-17T04:51:59.752416,1123.4,4,0,Bhubaneswar,Jaipur,1,mobile,0,1,0.75,0
T10192,M139,2026-08-27T21:10:10.752423,1942.56,21,1,Jaipur,Jaipur,0,desktop,0,2,1.3,0
T10193,M123,2026-08-08T01:43:19.752432,4411.74,1,1,Kolkata,Bhubaneswar,1,desktop,0,2,0.55,0
T10194,M101,2026-08-20T23:15:00.752439,50,23,1,Bhubaneswar,Bhubaneswar,0,mobile,0,2,0.02,0
T10195,M139,2026-08-29T14:16:53.752449,1749.23,14,0,Bengaluru,Hyderabad,1,mobile,0,1,1.17,0
T10196,M128,2026-08-07T05:16:41.752458,12794.89,5,1,Jaipur,Bhubaneswar,1,desktop,0,3,0.64,0
T10197,M108,2026-08-17T04:06:35.752468,1802.49,4,1,Pune,Ahmedabad,1,tablet,1,1,1.2,1
T10198,M134,2026-08-08T14:38:23.752476,1274.31,14,0,Chennai,Bhubaneswar,1,desktop,0,1,0.42,0
T10199,M114,2026-08-06T10:32:45.752485,413.94,10,0,Hyderabad,Ahmedabad,1,desktop,0,1,0.83,0
T10200,M117,2026-08-05T23:05:56.752494,2149.91,23,0,Kolkata,Pune,1,mobile,0,1,1.43,0
T10201,M122,2026-09-05T20:20:57.752502,708.29,20,1,Chennai,Ahmedabad,1,mobile,0,1,1.42,1
T10202,M117,2026-07-29T15:44:04.752510,2262.84,15,0,Mumbai,Jaipur,1,mobile,0,1,1.51,0
T10203,M130,2026-07-27T20:56:35.752526,2124.85,20,0,Bengaluru,Mumbai,1,tablet,0,5,1.42,0
T10204,M130,2026-08-15T04:04:04.752534,910.48,4,0,Chennai,Mumbai,1,mobile,0,1,0.61,0
T10205,M102,2026-09-05T07:47:23.752543,682.79,7,1,Kolkata,Bengaluru,1,mobile,0,8,0.46,1
T10206,M118,2026-09-03T13:16:47.752551,663.73,13,0,Pune,Chennai,1,desktop,0,5,1.33,0
T10207,M108,2026-09-02T07:21:23.752561,1617.82,7,1,Chennai,Hyderabad,1,mobile,0,1,1.08,0
T10208,M111,2026-07-23T16:12:33.752569,18811.61,16,0,Hyderabad,Bengaluru,1,tablet,1,3,0.94,1
T10209,M132,2026-08-07T21:51:44.752578,147.49,21,0,Delhi,Bengaluru,1,mobile,1,1,0.29,0
T10210,M124,2026-08-03T10:12:07.752586,351.11,10,0,Bhubaneswar,Bhubaneswar,0,mobile,0,1,0.7,0
T10211,M107,2026-08-14T14:01:28.752595,551.78,14,0,Kolkata,Jaipur,1,tablet,0,2,1.1,0
T10212,M118,2026-08-09T20:01:10.752603,394.26,20,0,Bengaluru,Ahmedabad,1,tablet,0,5,0.79,0
T10213,M130,2026-08-28T18:10:38.752612,1221.67,18,0,Hyderabad,Hyderabad,0,tablet,1,2,0.81,0
T10214,M128,2026-08-17T15:09:58.752620,19075.89,15,0,Mumbai,Jaipur,1,tablet,0,1,0.95,0
T10215,M133,2026-08-13T10:34:53.752630,2536.33,10,0,Hyderabad,Bhubaneswar,1,desktop,0,1,0.85,0
T10216,M129,2026-07-29T09:31:34.752638,279.81,9,0,Ahmedabad,Chennai,1,tablet,0,1,0.56,0
T10217,M113,2026-08-20T01:34:53.752647,19265.16,1,0,Kolkata,Pune,1,tablet,1,1,0.96,1
T10218,M104,2026-08-14T21:48:10.752656,28040.6,21,0,Kolkata,Pune,1,desktop,1,1,1.4,0
T10219,M105,2026-08-25T03:14:18.752664,21624.86,3,0,Jaipur,Bengaluru,1,tablet,0,3,1.08,0
T10220,M125,2026-08-17T15:56:46.752672,886.61,15,0,Mumbai,Chennai,1,desktop,0,1,1.77,0
T10221,M114,2026-08-04T00:10:20.752680,898.18,0,1,Bengaluru,Chennai,1,mobile,0,4,1.8,0
T10222,M126,2026-08-21T20:14:14.752688,15781.24,20,1,Delhi,Bhubaneswar,1,mobile,0,1,5.26,1
T10223,M115,2026-08-27T22:35:34.752697,9695.41,22,0,Jaipur,Hyderabad,1,mobile,1,1,1.21,0
T10224,M136,2026-08-07T11:20:59.752706,587.39,11,0,Hyderabad,Chennai,1,mobile,0,5,0.39,0
T10225,M117,2026-07-25T22:49:14.752714,1016.98,22,0,Bhubaneswar,Bengaluru,1,tablet,0,1,0.68,0
T10226,M122,2026-08-23T05:19:03.752722,333.46,5,1,Kolkata,Kolkata,0,mobile,0,1,0.67,0
T10227,M115,2026-09-02T05:21:14.752732,3054.64,5,0,Bengaluru,Ahmedabad,1,mobile,1,1,0.38,0
T10228,M108,2026-08-10T20:20:27.752740,1518.15,20,1,Ahmedabad,Pune,1,mobile,0,1,1.01,0
T10229,M124,2026-08-24T16:41:04.752750,634.72,16,0,Mumbai,Delhi,1,mobile,0,2,1.27,0
T10230,M113,2026-08-15T06:20:05.752758,24454.3,6,0,Mumbai,Hyderabad,1,mobile,0,4,1.22,0
T10231,M130,2026-09-05T09:12:04.752766,2764.42,9,0,Bhubaneswar,Hyderabad,1,desktop,0,3,1.84,0
T10232,M124,2026-08-14T15:01:16.752774,315.49,15,0,Jaipur,Ahmedabad,1,desktop,1,1,0.63,0
T10233,M120,2026-09-05T09:04:20.752783,2762.39,9,0,Pune,Kolkata,1,mobile,0,1,0.92,0
T10234,M116,2026-08-18T20:27:16.752791,4447.97,20,0,Bengaluru,Hyderabad,1,desktop,0,1,1.48,0
T10235,M135,2026-08-23T18:28:24.752799,2370.79,18,0,Pune,Chennai,1,desktop,0,4,0.79,0
T10236,M110,2026-08-27T13:32:29.752806,21358.54,13,0,Ahmedabad,Bengaluru,1,tablet,1,8,1.07,1
T10237,M104,2026-08-31T16:50:03.752816,15321.18,16,0,Mumbai,Kolkata,1,mobile,0,2,0.77,0
T10238,M100,2026-08-02T14:37:36.752824,306.81,14,0,Bhubaneswar,Ahmedabad,1,tablet,0,1,0.61,0
T10239,M100,2026-07-23T19:17:14.752833,493.04,19,0,Chennai,Jaipur,1,desktop,0,1,0.99,0
T10240,M111,2026-07-28T04:28:59.752840,28488.46,4,0,Bhubaneswar,Jaipur,1,desktop,0,2,1.42,0
T10241,M123,2026-08-11T16:51:22.752849,6078.8,16,0,Hyderabad,Hyderabad,0,desktop,0,1,0.76,0
T10242,M102,2026-07-27T12:44:09.752858,1016.52,12,0,Mumbai,Bengaluru,1,mobile,0,1,0.68,0
T10243,M136,2026-09-02T15:23:46.752866,1827.34,15,0,Jaipur,Mumbai,1,mobile,1,1,1.22,0
T10244,M130,2026-08-05T03:38:55.752874,1725.83,3,0,Jaipur,Bhubaneswar,1,tablet,1,1,1.15,0
T10245,M113,2026-08-20T11:44:47.752882,20906.93,11,0,Kolkata,Delhi,1,desktop,0,1,1.05,0
T10246,M124,2026-08-24T20:36:10.752890,642.94,20,0,Bengaluru,Delhi,1,tablet,0,2,1.29,0
T10247,M114,2026-09-01T16:55:36.752900,391.31,16,0,Bhubaneswar,Bhubaneswar,0,tablet,0,1,0.78,0
T10248,M117,2026-08-30T00:41:59.752909,2196.14,0,0,Kolkata,Kolkata,0,mobile,0,1,1.46,0
T10249,M139,2026-08-06T07:56:31.752917,1467.55,7,1,Delhi,Delhi,0,desktop,0,1,0.98,0
T10250,M124,2026-08-07T08:45:24.752925,443.85,8,0,Ahmedabad,Pune,1,desktop,0,1,0.89,0
T10251,M135,2026-08-18T22:07:08.752933,3403.63,22,0,Delhi,Mumbai,1,mobile,0,1,1.13,0
T10252,M120,2026-09-02T22:06:16.752941,2251.2,22,0,Delhi,Jaipur,1,mobile,0,1,0.75,0
T10253,M108,2026-08-05T01:06:47.752949,1829.08,1,1,Ahmedabad,Bengaluru,1,mobile,0,1,1.22,0
T10254,M104,2026-08-09T12:32:27.752957,19935.71,12,0,Bhubaneswar,Bhubaneswar,0,mobile,0,1,1.0,0
T10255,M125,2026-08-08T02:51:39.752966,650.5,2,1,Kolkata,Pune,1,desktop,0,1,1.3,1
T10256,M138,2026-07-29T14:23:47.752974,415.26,14,0,Ahmedabad,Pune,1,mobile,1,4,0.83,0
T10257,M131,2026-08-19T22:44:52.752984,758.39,22,1,Pune,Kolkata,1,desktop,0,2,1.52,0
T10258,M136,2026-08-01T16:35:02.752992,869.4,16,0,Jaipur,Mumbai,1,tablet,0,1,0.58,0
T10259,M118,2026-09-01T08:18:48.753001,362.44,8,1,Kolkata,Ahmedabad,1,mobile,0,1,0.72,0
T10260,M127,2026-08-30T07:08:27.753009,13746.41,7,0,Bhubaneswar,Kolkata,1,tablet,1,1,0.69,0
T10261,M134,2026-07-24T18:38:04.753017,3914.86,18,0,Pune,Jaipur,1,tablet,0,1,1.3,0
T10262,M122,2026-07-31T01:35:54.753026,463.7,1,1,Kolkata,Pune,1,desktop,0,1,0.93,0
T10263,M133,2026-08-19T01:54:34.753035,2711.81,1,0,Bhubaneswar,Hyderabad,1,desktop,0,1,0.9,0
T10264,M132,2026-07-30T07:25:50.753043,474.94,7,0,Kolkata,Delhi,1,mobile,0,2,0.95,0
T10265,M121,2026-08-14T02:18:03.753051,21475.86,2,0,Jaipur,Ahmedabad,1,desktop,0,1,1.07,0
T10266,M120,2026-07-26T06:03:49.753059,2320.53,6,0,Pune,Delhi,1,tablet,1,2,0.77,0
T10267,M133,2026-07-31T11:03:09.753069,5079.44,11,0,Pune,Jaipur,1,desktop,0,4,1.69,0
T10268,M111,2026-08-01T00:57:23.753077,124449.74,0,0,Hyderabad,Ahmedabad,1,tablet,0,1,6.22,0
T10269,M117,2026-08-28T12:19:21.753086,1006.96,12,0,Delhi,Bhubaneswar,1,mobile,0,2,0.67,0
T10270,M112,2026-08-14T04:53:05.753094,2174.69,4,0,Pune,Bhubaneswar,1,desktop,0,1,1.45,0
T10271,M129,2026-08-21T23:04:46.753102,695.66,23,1,Chennai,Bhubaneswar,1,tablet,0,1,1.39,0
T10272,M119,2026-07-28T16:03:19.753110,10009.62,16,0,Kolkata,Bhubaneswar,1,mobile,0,1,1.25,0
T10273,M134,2026-08-25T15:42:28.753118,4684.4,15,0,Bengaluru,Jaipur,1,mobile,0,1,1.56,0
T10274,M128,2026-08-22T01:27:53.753126,114691.02,1,1,Kolkata,Jaipur,1,tablet,0,1,5.73,1
T10275,M128,2026-08-15T17:10:34.753135,22493.86,17,0,Bhubaneswar,Mumbai,1,mobile,0,1,1.12,0
T10276,M110,2026-08-29T21:25:41.753143,7292.55,21,0,Jaipur,Jaipur,0,mobile,0,1,0.36,0
T10277,M123,2026-08-18T07:19:34.753153,9396.68,7,1,Mumbai,Ahmedabad,1,tablet,0,1,1.17,0
T10278,M115,2026-08-06T10:39:21.753161,8578.51,10,0,Delhi,Ahmedabad,1,mobile,0,2,1.07,0
T10279,M137,2026-08-25T10:41:55.753171,2782.54,10,0,Bhubaneswar,Kolkata,1,mobile,0,1,0.93,0
T10280,M103,2026-08-19T15:59:05.753181,403.82,15,0,Pune,Chennai,1,desktop,1,1,0.81,0
T10281,M106,2026-07-29T13:46:21.753190,630.96,13,0,Kolkata,Mumbai,1,desktop,0,3,1.26,0
T10282,M115,2026-07-30T02:11:09.753199,6556.7,2,0,Kolkata,Ahmedabad,1,mobile,0,1,0.82,0
T10283,M128,2026-07-26T15:46:58.753208,5417.38,15,0,Delhi,Kolkata,1,tablet,0,2,0.27,0
T10284,M129,2026-08-15T16:24:46.753216,493.43,16,0,Delhi,Ahmedabad,1,tablet,0,1,0.99,0
T10285,M134,2026-08-11T07:10:21.753224,3074.68,7,1,Kolkata,Hyderabad,1,desktop,0,1,1.02,0
T10286,M136,2026-07-29T07:57:11.753232,867.3,7,1,Mumbai,Mumbai,0,mobile,0,1,0.58,0
T10287,M110,2026-08-13T09:56:07.753242,16277.34,9,0,Kolkata,Hyderabad,1,tablet,1,3,0.81,0
T10288,M117,2026-07-27T12:32:56.753250,1242.98,12,0,Bengaluru,Mumbai,1,desktop,0,1,0.83,0
T10289,M127,2026-08-23T19:29:44.753258,14985.42,19,0,Delhi,Mumbai,1,mobile,0,1,0.75,0
T10290,M128,2026-07-23T10:37:12.753266,27330.95,10,0,Kolkata,Bengaluru,1,desktop,0,1,1.37,0
T10291,M106,2026-07-28T00:02:18.753274,509.29,0,1,Chennai,Bengaluru,1,desktop,0,2,1.02,0
T10292,M109,2026-07-26T07:30:19.753282,18975.38,7,1,Ahmedabad,Pune,1,tablet,0,1,0.95,1
T10293,M139,2026-08-25T07:42:27.753291,1485.09,7,1,Hyderabad,Delhi,1,mobile,0,1,0.99,0
T10294,M122,2026-08-12T20:04:26.753298,456.72,20,1,Delhi,Hyderabad,1,tablet,0,1,0.91,0
T10295,M101,2026-09-02T03:39:57.753306,3605.28,3,1,Chennai,Hyderabad,1,tablet,0,1,1.2,0
T10296,M103,2026-08-30T00:59:42.753314,898.62,0,1,Delhi,Hyderabad,1,desktop,0,1,1.8,1
T10297,M100,2026-08-09T12:30:35.753324,202.32,12,0,Bengaluru,Kolkata,1,tablet,0,1,0.4,0
T10298,M130,2026-08-29T09:20:33.753332,10949.99,9,0,Mumbai,Kolkata,1,tablet,0,1,7.3,0
T10299,M127,2026-08-26T01:28:07.753341,24712.42,1,0,Jaipur,Jaipur,0,tablet,0,1,1.24,0
T10300,M113,2026-08-31T05:15:29.753349,23986.0,5,0,Delhi,Chennai,1,tablet,1,1,1.2,0
T10301,M115,2026-07-27T04:14:42.753358,10358.09,4,0,Delhi,Ahmedabad,1,tablet,0,1,1.29,0
T10302,M111,2026-07-28T18:57:40.753366,181709.18,18,0,Pune,Jaipur,1,tablet,0,2,9.09,0
T10303,M108,2026-08-28T09:21:10.753375,1525.91,9,1,Chennai,Delhi,1,mobile,0,1,1.02,0
T10304,M116,2026-08-26T13:43:00.753383,4665.83,13,0,Jaipur,Pune,1,mobile,0,1,1.56,0
T10305,M116,2026-08-29T12:47:36.753392,2736.7,12,0,Bhubaneswar,Delhi,1,mobile,0,2,0.91,0
T10306,M100,2026-08-03T20:43:23.753401,682.38,20,0,Bengaluru,Mumbai,1,tablet,0,2,1.36,0
T10307,M114,2026-08-07T14:43:35.753411,554.21,14,0,Pune,Chennai,1,mobile,0,1,1.11,0
T10308,M103,2026-07-31T16:45:04.753419,3571.07,16,0,Ahmedabad,Chennai,1,desktop,0,1,7.14,0
T10309,M112,2026-08-06T03:31:58.753428,2212.37,3,0,Chennai,Bhubaneswar,1,mobile,0,1,1.47,0
T10310,M112,2026-08-27T13:10:53.753436,2322.31,13,0,Mumbai,Kolkata,1,mobile,0,1,1.55,0
T10311,M100,2026-08-08T06:07:24.753444,2692.73,6,1,Chennai,Delhi,1,mobile,0,1,5.39,1
T10312,M103,2026-07-29T21:40:37.753453,478.91,21,1,Jaipur,Kolkata,1,tablet,0,3,0.96,1
T10313,M137,2026-07-27T15:09:19.753461,2485.03,15,0,Kolkata,Delhi,1,tablet,0,1,0.83,0
T10314,M115,2026-08-06T03:37:37.753469,7807.92,3,0,Pune,Pune,0,desktop,0,1,0.98,0
T10315,M137,2026-07-28T06:45:45.753477,4041.37,6,1,Bengaluru,Ahmedabad,1,desktop,0,1,1.35,0
T10316,M113,2026-08-13T22:19:17.753485,17751.18,22,0,Bengaluru,Chennai,1,tablet,0,1,0.89,0
T10317,M120,2026-07-30T04:36:35.753495,3879.18,4,0,Hyderabad,Pune,1,desktop,0,1,1.29,0
T10318,M111,2026-07-24T12:00:47.753503,35004.21,12,0,Jaipur,Hyderabad,1,mobile,0,1,1.75,0
T10319,M100,2026-07-25T23:38:59.753511,383.56,23,1,Hyderabad,Bengaluru,1,mobile,0,2,0.77,0
T10320,M105,2026-08-20T06:15:23.753519,4685.1,6,0,Delhi,Hyderabad,1,tablet,0,1,0.23,0
T10321,M121,2026-07-28T22:33:18.753528,77186.4,22,0,Bengaluru,Bhubaneswar,1,desktop,0,2,3.86,0
T10322,M127,2026-07-31T09:08:05.753536,9373.51,9,0,Ahmedabad,Bengaluru,1,mobile,0,1,0.47,0
T10323,M131,2026-08-11T23:48:20.753545,847.23,23,1,Ahmedabad,Mumbai,1,mobile,0,1,1.69,0
T10324,M133,2026-08-04T02:04:41.753552,1528.71,2,0,Kolkata,Pune,1,desktop,0,1,0.51,0
T10325,M132,2026-08-07T14:29:46.753561,236.38,14,0,Bengaluru,Mumbai,1,desktop,0,1,0.47,0
T10326,M117,2026-07-25T20:03:49.753568,1744.17,20,0,Bhubaneswar,Hyderabad,1,mobile,0,1,1.16,0
T10327,M103,2026-08-29T01:58:56.753578,289.24,1,1,Hyderabad,Bhubaneswar,1,desktop,0,1,0.58,0
T10328,M111,2026-08-03T11:24:07.753586,7887.66,11,0,Bhubaneswar,Mumbai,1,tablet,1,2,0.39,0
T10329,M136,2026-08-01T03:06:29.753594,903.12,3,1,Ahmedabad,Jaipur,1,desktop,0,1,0.6,0
T10330,M138,2026-08-02T14:43:51.753602,726.26,14,0,Bhubaneswar,Hyderabad,1,mobile,0,1,1.45,0
T10331,M120,2026-07-25T21:11:15.753610,26253.25,21,0,Bengaluru,Delhi,1,tablet,1,3,8.75,1
T10332,M125,2026-08-20T10:33:32.753622,636.49,10,0,Bengaluru,Kolkata,1,tablet,0,4,1.27,0
T10333,M135,2026-08-25T15:51:23.753631,3603.16,15,0,Bhubaneswar,Pune,1,mobile,0,1,1.2,0
T10334,M118,2026-07-29T04:10:17.753640,505.26,4,1,Bhubaneswar,Kolkata,1,tablet,0,1,1.01,1
T10335,M139,2026-08-02T17:09:41.753649,1532.35,17,0,Delhi,Ahmedabad,1,mobile,0,1,1.02,0
T10336,M120,2026-07-31T03:24:10.753657,978.88,3,0,Pune,Ahmedabad,1,mobile,0,1,0.33,0
T10337,M116,2026-08-30T04:44:41.753667,672.73,4,1,Mumbai,Mumbai,0,desktop,0,1,0.22,0
T10338,M126,2026-08-15T22:16:55.753674,3822.2,22,1,Ahmedabad,Bhubaneswar,1,tablet,0,2,1.27,0
T10339,M102,2026-08-06T07:23:36.753683,6005.38,7,1,Delhi,Delhi,0,desktop,0,1,4.0,0
T10340,M135,2026-09-04T14:11:25.753691,4079.49,14,0,Ahmedabad,Mumbai,1,desktop,0,4,1.36,0
T10341,M110,2026-07-25T14:11:49.753700,19000.75,14,0,Hyderabad,Hyderabad,0,desktop,0,1,0.95,0
T10342,M116,2026-08-24T01:27:08.753708,23021.13,1,1,Ahmedabad,Bengaluru,1,mobile,0,1,7.67,1
T10343,M138,2026-08-15T07:25:23.753717,644.42,7,1,Mumbai,Hyderabad,1,mobile,1,1,1.29,1
T10344,M107,2026-08-06T23:03:27.753754,549.06,23,1,Chennai,Delhi,1,tablet,0,1,1.1,1
T10345,M123,2026-08-01T01:11:05.753763,4475.42,1,1,Chennai,Ahmedabad,1,desktop,0,1,0.56,0
T10346,M109,2026-08-28T12:13:02.753772,18809.24,12,0,Jaipur,Kolkata,1,tablet,0,1,0.94,0
T10347,M133,2026-08-12T07:32:30.753782,2489.12,7,0,Ahmedabad,Bhubaneswar,1,mobile,0,1,0.83,0
T10348,M102,2026-08-16T08:47:26.753792,847.58,8,1,Bhubaneswar,Bengaluru,1,mobile,0,4,0.57,1
T10349,M110,2026-08-02T06:40:11.753801,15824.88,6,1,Bengaluru,Mumbai,1,desktop,0,1,0.79,0
T10350,M109,2026-09-01T11:36:23.753810,14192.88,11,0,Delhi,Delhi,0,desktop,0,1,0.71,0
T10351,M133,2026-08-14T05:35:30.753818,2407.64,5,0,Mumbai,Bhubaneswar,1,tablet,0,1,0.8,0
T10352,M109,2026-08-19T11:55:47.753827,8522.57,11,0,Delhi,Bhubaneswar,1,mobile,1,2,0.43,0
T10353,M126,2026-08-04T19:32:29.753836,1938.52,19,1,Ahmedabad,Bhubaneswar,1,tablet,0,1,0.65,0
T10354,M139,2026-08-21T12:56:05.753844,1243.87,12,0,Pune,Hyderabad,1,mobile,1,2,0.83,1
T10355,M101,2026-08-08T09:26:33.753852,1896.81,9,0,Chennai,Chennai,0,desktop,1,2,0.63,0
T10356,M114,2026-07-29T12:22:13.753860,397.07,12,0,Pune,Chennai,1,tablet,0,1,0.79,0
T10357,M113,2026-09-05T08:01:34.753870,32542.72,8,0,Ahmedabad,Jaipur,1,desktop,0,2,1.63,0
T10358,M119,2026-08-26T10:30:29.753878,6273.71,10,0,Bhubaneswar,Mumbai,1,mobile,0,1,0.78,0
T10359,M115,2026-07-24T14:19:50.753886,7926.25,14,0,Pune,Hyderabad,1,desktop,0,1,0.99,0
T10360,M107,2026-08-25T01:25:32.753894,689.52,1,1,Bengaluru,Ahmedabad,1,tablet,0,1,1.38,1
T10361,M116,2026-08-28T08:24:10.753903,3221.09,8,1,Delhi,Chennai,1,mobile,0,1,1.07,0
T10362,M113,2026-09-02T14:24:24.753910,21022.93,14,0,Kolkata,Jaipur,1,mobile,1,3,1.05,0
T10363,M130,2026-09-05T05:47:32.753919,1921.59,5,0,Bengaluru,Bhubaneswar,1,mobile,0,1,1.28,0
T10364,M117,2026-08-12T13:34:14.753927,2428.24,13,0,Hyderabad,Ahmedabad,1,desktop,0,1,1.62,0
T10365,M106,2026-07-23T08:21:37.753935,261.5,8,1,Pune,Jaipur,1,tablet,0,1,0.52,0
T10366,M130,2026-07-26T02:10:32.753943,1250.93,2,0,Chennai,Chennai,0,tablet,1,2,0.83,0
T10367,M109,2026-08-17T02:29:26.753952,25513.31,2,1,Mumbai,Bhubaneswar,1,desktop,0,1,1.28,0
T10368,M131,2026-08-06T08:12:15.753961,487.67,8,1,Mumbai,Bhubaneswar,1,tablet,0,8,0.98,1
T10369,M114,2026-08-25T07:25:06.753971,707.91,7,1,Ahmedabad,Pune,1,tablet,0,1,1.42,0
T10370,M135,2026-07-31T18:50:18.753979,2632.25,18,0,Jaipur,Bengaluru,1,tablet,0,3,0.88,0
T10371,M114,2026-08-28T02:52:02.753987,717.14,2,1,Kolkata,Pune,1,desktop,0,1,1.43,1
T10372,M130,2026-07-25T14:20:17.753995,2030.41,14,0,Delhi,Ahmedabad,1,mobile,1,1,1.35,0
T10373,M119,2026-08-12T01:06:17.754003,4847.37,1,1,Bengaluru,Bengaluru,0,mobile,1,1,0.61,0
T10374,M129,2026-07-29T22:40:05.754011,371.5,22,1,Ahmedabad,Pune,1,tablet,0,5,0.74,0
T10375,M128,2026-08-05T06:28:59.754019,31599.84,6,1,Bengaluru,Bhubaneswar,1,mobile,0,1,1.58,0
T10376,M139,2026-08-13T01:06:37.754027,1092.39,1,1,Kolkata,Mumbai,1,mobile,0,1,0.73,1
T10377,M120,2026-08-28T17:35:29.754036,2092.84,17,0,Hyderabad,Mumbai,1,tablet,0,1,0.7,0
T10378,M122,2026-08-07T03:24:49.754044,635.63,3,1,Bengaluru,Delhi,1,mobile,0,1,1.27,0
T10379,M138,2026-08-17T10:26:28.754052,642.5,10,0,Bengaluru,Pune,1,desktop,0,1,1.28,0
T10380,M125,2026-07-23T22:04:54.754061,543.58,22,1,Mumbai,Bhubaneswar,1,tablet,0,1,1.09,0
T10381,M102,2026-08-10T04:55:51.754069,2458.18,4,1,Chennai,Jaipur,1,tablet,1,1,1.64,1
T10382,M101,2026-07-25T07:59:52.754078,2539.45,7,1,Jaipur,Chennai,1,desktop,0,2,0.85,0
T10383,M100,2026-08-06T14:37:33.754087,307.02,14,0,Delhi,Jaipur,1,desktop,0,1,0.61,0
T10384,M106,2026-08-16T19:50:22.754094,480.48,19,0,Delhi,Ahmedabad,1,mobile,0,1,0.96,0
T10385,M112,2026-08-09T08:48:32.754102,1205.45,8,0,Chennai,Bengaluru,1,mobile,1,1,0.8,0
T10386,M130,2026-08-08T00:58:52.754110,1509.34,0,0,Delhi,Bhubaneswar,1,tablet,1,1,1.01,0
T10387,M104,2026-08-27T02:48:45.754119,21275.5,2,1,Chennai,Hyderabad,1,desktop,0,5,1.06,0
T10388,M106,2026-08-31T11:13:17.754127,525.85,11,0,Pune,Kolkata,1,tablet,1,1,1.05,0
T10389,M100,2026-09-02T08:27:01.754136,550.51,8,1,Bengaluru,Pune,1,desktop,1,3,1.1,1
T10390,M105,2026-08-10T01:56:10.754145,22018.18,1,0,Ahmedabad,Chennai,1,desktop,0,1,1.1,0
T10391,M110,2026-07-28T11:31:13.754153,15333.38,11,0,Mumbai,Bengaluru,1,mobile,0,1,0.77,0
T10392,M128,2026-07-31T18:59:01.754162,9360.78,18,0,Bengaluru,Ahmedabad,1,desktop,0,1,0.47,0
T10393,M116,2026-08-23T18:53:58.754170,1657.27,18,0,Jaipur,Bhubaneswar,1,tablet,1,1,0.55,0
T10394,M121,2026-08-17T04:35:41.754179,7706.65,4,0,Hyderabad,Ahmedabad,1,desktop,0,1,0.39,0
T10395,M135,2026-09-04T07:07:38.754187,2730.43,7,0,Mumbai,Mumbai,0,tablet,0,4,0.91,0
T10396,M131,2026-09-03T04:44:33.754196,669.14,4,1,Pune,Chennai,1,mobile,0,1,1.34,0
T10397,M115,2026-07-26T19:38:39.754205,12602.7,19,0,Bhubaneswar,Ahmedabad,1,mobile,0,3,1.58,0
T10398,M131,2026-08-28T04:03:58.754213,446.9,4,1,Jaipur,Jaipur,0,mobile,0,2,0.89,0
T10399,M119,2026-09-04T04:51:15.754222,6776.85,4,1,Hyderabad,Ahmedabad,1,desktop,0,1,0.85,0
T10400,M129,2026-08-08T02:34:34.754229,241.5,2,1,Pune,Ahmedabad,1,mobile,0,1,0.48,0
T10401,M122,2026-09-01T06:41:05.754238,397.37,6,1,Chennai,Jaipur,1,tablet,0,1,0.79,1
T10402,M131,2026-07-29T19:26:06.754246,643.71,19,0,Chennai,Bhubaneswar,1,mobile,1,1,1.29,0
T10403,M129,2026-09-01T00:28:30.754254,203.54,0,1,Pune,Delhi,1,desktop,0,1,0.41,0
T10404,M107,2026-08-29T11:24:51.754262,671.95,11,0,Jaipur,Bengaluru,1,desktop,0,1,1.34,0
T10405,M127,2026-09-01T17:05:29.754270,14436.73,17,0,Jaipur,Bengaluru,1,tablet,0,1,0.72,0
T10406,M124,2026-08-23T21:52:06.754280,165.86,21,0,Kolkata,Kolkata,0,tablet,0,3,0.33,0
T10407,M121,2026-08-06T06:32:13.754289,10219.15,6,0,Bengaluru,Bengaluru,0,desktop,1,1,0.51,0
T10408,M135,2026-09-02T18:35:49.754297,2233.62,18,0,Hyderabad,Hyderabad,0,mobile,0,1,0.74,0
T10409,M108,2026-08-26T11:28:18.754305,2402.39,11,0,Bengaluru,Jaipur,1,tablet,0,1,1.6,0
T10410,M122,2026-08-19T06:54:14.754313,241.91,6,1,Kolkata,Jaipur,1,desktop,0,3,0.48,0
T10411,M106,2026-07-24T05:14:39.754322,532.0,5,1,Mumbai,Mumbai,0,mobile,0,1,1.06,0
T10412,M116,2026-07-30T02:24:05.754330,3978.86,2,1,Jaipur,Mumbai,1,desktop,0,2,1.33,1
T10413,M135,2026-09-02T23:24:48.754338,1444.24,23,0,Jaipur,Kolkata,1,mobile,0,1,0.48,0
T10414,M103,2026-09-05T23:13:58.754346,347.25,23,1,Pune,Jaipur,1,mobile,0,1,0.69,0
T10415,M128,2026-09-01T06:48:03.754354,25624.54,6,1,Pune,Bhubaneswar,1,tablet,0,2,1.28,0
T10416,M112,2026-08-06T06:32:30.754362,50,6,0,Bengaluru,Jaipur,1,mobile,0,1,0.03,0
T10417,M108,2026-07-30T19:17:44.754372,2043.19,19,1,Chennai,Mumbai,1,desktop,1,1,1.36,0
T10418,M120,2026-08-20T23:12:57.754380,5644.39,23,0,Chennai,Ahmedabad,1,tablet,0,1,1.88,0
T10419,M133,2026-08-02T16:04:27.754389,3874.96,16,0,Jaipur,Delhi,1,tablet,0,1,1.29,0
T10420,M122,2026-08-02T17:30:51.754396,719.39,17,0,Chennai,Hyderabad,1,tablet,1,1,1.44,0
T10421,M100,2026-07-28T13:27:38.754405,302.62,13,0,Ahmedabad,Hyderabad,1,tablet,0,1,0.61,0
T10422,M120,2026-08-10T12:07:52.754413,5496.19,12,0,Jaipur,Chennai,1,mobile,0,3,1.83,0
T10423,M132,2026-08-13T14:54:41.754421,257.24,14,0,Chennai,Hyderabad,1,desktop,1,1,0.51,0
T10424,M134,2026-08-17T21:01:47.754429,3441.14,21,0,Hyderabad,Kolkata,1,mobile,0,1,1.15,0
T10425,M127,2026-08-23T09:05:54.754438,20135.55,9,0,Delhi,Bengaluru,1,mobile,0,1,1.01,0
T10426,M103,2026-07-31T15:10:33.754446,570.1,15,0,Hyderabad,Chennai,1,desktop,0,1,1.14,0
T10427,M101,2026-08-10T21:36:09.754455,1525.21,21,0,Jaipur,Mumbai,1,tablet,0,2,0.51,0
T10428,M102,2026-08-26T00:23:12.754463,1826.81,0,1,Chennai,Chennai,0,tablet,0,1,1.22,0
T10429,M125,2026-08-31T21:38:31.754471,346.54,21,1,Ahmedabad,Bengaluru,1,tablet,0,1,0.69,0
T10430,M134,2026-08-06T07:28:29.754478,3648.48,7,1,Pune,Mumbai,1,tablet,0,3,1.22,0
T10431,M136,2026-08-20T22:57:11.754487,1417.04,22,1,Jaipur,Delhi,1,desktop,0,1,0.94,0
T10432,M113,2026-08-12T00:34:38.754496,32956.14,0,0,Bengaluru,Hyderabad,1,tablet,0,2,1.65,0
T10433,M136,2026-09-02T08:44:40.754506,845.22,8,1,Jaipur,Ahmedabad,1,tablet,0,1,0.56,0
T10434,M106,2026-08-01T13:48:29.754514,464.69,13,0,Bengaluru,Hyderabad,1,mobile,0,1,0.93,0
T10435,M131,2026-08-13T20:50:26.754522,271.57,20,0,Chennai,Bhubaneswar,1,mobile,0,1,0.54,0
T10436,M127,2026-07-31T04:16:45.754560,26011.56,4,0,Kolkata,Chennai,1,desktop,0,1,1.3,0
T10437,M129,2026-08-13T14:40:46.754570,504.56,14,0,Chennai,Ahmedabad,1,tablet,0,1,1.01,0
T10438,M117,2026-09-02T16:16:26.754578,2084.05,16,0,Delhi,Delhi,0,mobile,0,2,1.39,0
T10439,M137,2026-08-11T15:48:57.754587,757.98,15,0,Hyderabad,Mumbai,1,tablet,1,1,0.25,0
T10440,M109,2026-08-09T18:00:34.754595,6843.09,18,0,Chennai,Bengaluru,1,desktop,0,1,0.34,0
T10441,M100,2026-08-24T03:52:35.754603,763.52,3,1,Bhubaneswar,Bengaluru,1,tablet,0,1,1.53,0
T10442,M136,2026-08-24T00:04:19.754611,1734.3,0,1,Pune,Mumbai,1,mobile,0,2,1.16,0
T10443,M114,2026-07-25T01:40:31.754619,419.1,1,1,Jaipur,Pune,1,desktop,0,1,0.84,0
T10444,M120,2026-07-28T00:03:57.754628,2582.49,0,0,Chennai,Bhubaneswar,1,tablet,0,1,0.86,0
T10445,M137,2026-08-23T16:59:32.754636,1604.38,16,0,Delhi,Jaipur,1,desktop,1,1,0.53,0
T10446,M122,2026-08-31T15:56:59.754645,655.72,15,0,Bhubaneswar,Mumbai,1,tablet,0,3,1.31,0
T10447,M132,2026-08-23T05:30:18.754659,329.33,5,0,Bengaluru,Bengaluru,0,mobile,0,1,0.66,0
T10448,M114,2026-08-12T02:51:35.754668,619.7,2,1,Ahmedabad,Ahmedabad,0,mobile,0,1,1.24,0
T10449,M115,2026-07-25T02:04:00.754676,3264.92,2,0,Bhubaneswar,Bengaluru,1,mobile,0,1,0.41,0
T10450,M103,2026-07-31T01:36:06.754684,493.46,1,1,Bhubaneswar,Bhubaneswar,0,tablet,0,1,0.99,0
T10451,M118,2026-07-27T03:42:15.754692,625.85,3,1,Bhubaneswar,Ahmedabad,1,desktop,0,1,1.25,0
T10452,M137,2026-08-31T19:41:50.754700,3183.88,19,1,Bengaluru,Pune,1,desktop,0,1,1.06,0
T10453,M108,2026-07-28T06:17:36.754709,5136.83,6,1,Jaipur,Kolkata,1,mobile,0,1,3.42,1
T10454,M138,2026-07-24T21:16:51.754717,677.12,21,1,Delhi,Ahmedabad,1,tablet,0,1,1.35,1
T10455,M127,2026-08-17T08:01:32.754726,13156.13,8,0,Mumbai,Jaipur,1,desktop,0,1,0.66,0
T10456,M124,2026-08-09T00:10:58.754734,221.22,0,0,Bhubaneswar,Delhi,1,desktop,0,1,0.44,0
T10457,M105,2026-08-05T17:49:46.754744,13016.56,17,0,Jaipur,Kolkata,1,desktop,0,1,0.65,0
T10458,M136,2026-08-17T08:36:14.754752,1553.23,8,1,Pune,Kolkata,1,desktop,0,1,1.04,0
T10459,M116,2026-09-02T11:55:13.754760,3097.27,11,0,Bhubaneswar,Pune,1,tablet,0,1,1.03,0
T10460,M126,2026-08-18T19:02:55.754768,3290.21,19,1,Jaipur,Ahmedabad,1,desktop,0,5,1.1,1
T10461,M125,2026-08-27T17:02:55.754776,275.6,17,0,Delhi,Hyderabad,1,desktop,1,2,0.55,0
T10462,M132,2026-08-11T10:29:14.754785,580.76,10,0,Mumbai,Bengaluru,1,desktop,0,4,1.16,0
T10463,M109,2026-08-14T21:20:01.754793,5995.7,21,0,Kolkata,Delhi,1,mobile,0,1,0.3,0
T10464,M124,2026-08-11T10:35:06.754801,316.94,10,0,Bhubaneswar,Mumbai,1,mobile,0,1,0.63,0
T10465,M133,2026-08-05T21:01:18.754810,2044.26,21,0,Bhubaneswar,Jaipur,1,tablet,0,1,0.68,0
T10466,M123,2026-08-03T14:33:15.754818,3098.02,14,0,Chennai,Kolkata,1,desktop,0,1,0.39,0
T10467,M100,2026-08-27T18:22:49.754827,50,18,0,Delhi,Jaipur,1,desktop,0,2,0.1,0
T10468,M122,2026-08-31T13:56:37.754835,454.72,13,0,Kolkata,Bhubaneswar,1,mobile,0,1,0.91,0
T10469,M104,2026-08-16T10:02:04.754844,30773.02,10,0,Delhi,Jaipur,1,desktop,0,3,1.54,0
T10470,M128,2026-08-10T07:07:49.754852,7351.18,7,1,Ahmedabad,Ahmedabad,0,tablet,0,3,0.37,0
T10471,M124,2026-08-22T18:04:10.754862,367.46,18,0,Hyderabad,Hyderabad,0,desktop,0,1,0.73,0
T10472,M116,2026-08-04T01:02:27.754870,2718.9,1,1,Pune,Delhi,1,tablet,0,4,0.91,0
T10473,M136,2026-08-05T01:17:45.754879,2088.86,1,1,Hyderabad,Ahmedabad,1,tablet,0,1,1.39,1
T10474,M113,2026-08-03T02:50:46.754887,21773.33,2,0,Bengaluru,Delhi,1,mobile,0,3,1.09,0
T10475,M139,2026-07-23T07:31:01.754895,1934.91,7,1,Jaipur,Mumbai,1,desktop,0,1,1.29,1
T10476,M136,2026-09-03T03:59:20.754903,1440.98,3,1,Jaipur,Chennai,1,desktop,0,1,0.96,0
T10477,M127,2026-08-15T05:04:59.754913,25023.1,5,0,Mumbai,Jaipur,1,desktop,0,1,1.25,0
T10478,M107,2026-08-25T21:18:49.754921,2964.43,21,0,Kolkata,Bhubaneswar,1,mobile,0,1,5.93,0
T10479,M135,2026-08-04T18:02:28.754930,2880.71,18,0,Ahmedabad,Bhubaneswar,1,desktop,0,1,0.96,0
T10480,M123,2026-08-09T17:08:48.754938,9579.82,17,0,Bengaluru,Bhubaneswar,1,tablet,0,1,1.2,0
T10481,M115,2026-08-18T22:49:04.754946,5945.4,22,0,Kolkata,Hyderabad,1,mobile,0,2,0.74,0
T10482,M100,2026-07-31T13:33:44.754954,405.32,13,0,Jaipur,Jaipur,0,tablet,0,1,0.81,0
T10483,M136,2026-07-25T07:23:07.754962,1652.64,7,1,Bengaluru,Mumbai,1,mobile,0,2,1.1,0
T10484,M128,2026-08-28T03:18:50.754971,16160.21,3,1,Chennai,Pune,1,mobile,0,1,0.81,0
T10485,M138,2026-08-01T15:36:10.754980,663.12,15,0,Jaipur,Bengaluru,1,desktop,0,1,1.33,0
T10486,M128,2026-09-04T04:17:48.754988,29721.27,4,1,Bengaluru,Bengaluru,0,tablet,0,2,1.49,0
T10487,M136,2026-08-11T15:23:39.754997,1891.38,15,0,Delhi,Delhi,0,mobile,0,1,1.26,0
T10488,M117,2026-08-21T09:07:28.755005,1206.61,9,0,Pune,Bhubaneswar,1,tablet,0,4,0.8,0
T10489,M101,2026-07-29T01:28:55.755014,2247.01,1,1,Chennai,Delhi,1,mobile,0,1,0.75,0
T10490,M130,2026-08-18T14:46:17.755022,2471.75,14,0,Delhi,Delhi,0,desktop,0,1,1.65,0
T10491,M124,2026-08-07T00:14:34.755030,613.92,0,0,Chennai,Ahmedabad,1,tablet,0,1,1.23,0
T10492,M102,2026-08-24T04:53:26.755037,670.8,4,1,Ahmedabad,Jaipur,1,desktop,0,1,0.45,1
T10493,M134,2026-07-31T14:03:45.755046,5087.68,14,0,Ahmedabad,Bhubaneswar,1,desktop,0,1,1.7,0
T10494,M122,2026-08-15T08:57:53.755054,149.7,8,1,Pune,Kolkata,1,desktop,0,1,0.3,0
T10495,M108,2026-08-08T16:27:17.755062,1232.51,16,0,Jaipur,Mumbai,1,tablet,1,3,0.82,0
T10496,M100,2026-08-29T04:06:08.755069,349.13,4,1,Mumbai,Jaipur,1,desktop,1,1,0.7,1
T10497,M115,2026-07-30T22:01:21.755080,9127.82,22,0,Kolkata,Kolkata,0,mobile,0,1,1.14,0
T10498,M139,2026-08-31T04:41:34.755088,1335.07,4,1,Jaipur,Chennai,1,desktop,0,1,0.89,0
T10499,M107,2026-08-22T21:50:01.755096,350.47,21,0,Ahmedabad,Chennai,1,tablet,0,1,0.7,0
T10500,M103,2026-08-17T23:05:09.755104,1030.55,23,1,Bengaluru,Ahmedabad,1,tablet,0,1,2.06,0
T10501,M113,2026-08-08T14:09:26.755113,22970.16,14,0,Ahmedabad,Pune,1,desktop,0,1,1.15,0
T10502,M109,2026-07-25T17:05:21.755121,19173.36,17,0,Bengaluru,Hyderabad,1,desktop,0,2,0.96,0
T10503,M115,2026-08-10T16:07:19.755130,11177.31,16,0,Ahmedabad,Hyderabad,1,tablet,0,8,1.4,0
T10504,M106,2026-08-17T06:58:15.755138,431.14,6,1,Chennai,Pune,1,mobile,0,1,0.86,1
T10505,M133,2026-07-28T22:06:18.755147,2291.13,22,0,Chennai,Hyderabad,1,desktop,1,3,0.76,0
T10506,M107,2026-08-03T10:43:12.755154,381.11,10,0,Chennai,Bhubaneswar,1,mobile,0,1,0.76,0
T10507,M137,2026-08-30T00:36:53.755164,2211.96,0,1,Bhubaneswar,Bengaluru,1,desktop,0,2,0.74,0
T10508,M139,2026-08-08T10:05:25.755172,3353.69,10,0,Mumbai,Pune,1,tablet,0,1,2.24,0
T10509,M131,2026-08-03T06:53:08.755180,213.26,6,1,Jaipur,Pune,1,desktop,0,2,0.43,0
T10510,M108,2026-08-04T03:52:56.755189,2056.02,3,1,Chennai,Jaipur,1,tablet,0,1,1.37,0
T10511,M120,2026-08-27T13:06:38.755197,2177.69,13,0,Bhubaneswar,Jaipur,1,mobile,0,1,0.73,0
T10512,M116,2026-08-18T06:49:00.755205,2969.43,6,1,Kolkata,Bengaluru,1,mobile,0,1,0.99,0
T10513,M120,2026-08-26T23:49:48.755213,3033.76,23,0,Jaipur,Kolkata,1,mobile,0,1,1.01,0
T10514,M139,2026-08-05T17:40:09.755221,1121.73,17,0,Jaipur,Delhi,1,mobile,0,2,0.75,0
T10515,M112,2026-07-28T04:31:41.755228,2270.92,4,0,Delhi,Mumbai,1,tablet,0,1,1.51,0
T10516,M139,2026-08-26T00:53:24.755236,1339.46,0,1,Delhi,Mumbai,1,mobile,1,1,0.89,1
T10517,M129,2026-08-30T21:03:21.755247,465.9,21,0,Pune,Jaipur,1,tablet,0,4,0.93,0
T10518,M103,2026-08-31T23:24:48.755255,317.89,23,1,Chennai,Delhi,1,mobile,0,4,0.64,1
T10519,M134,2026-08-10T16:44:35.755263,2012.82,16,0,Jaipur,Hyderabad,1,tablet,0,1,0.67,0
T10520,M126,2026-08-28T05:04:45.755271,4349.45,5,1,Ahmedabad,Kolkata,1,mobile,0,1,1.45,0
T10521,M121,2026-08-23T21:52:48.755280,27024.92,21,0,Bhubaneswar,Ahmedabad,1,desktop,0,3,1.35,0
T10522,M123,2026-08-12T00:12:53.755288,8302.27,0,1,Bhubaneswar,Hyderabad,1,tablet,0,1,1.04,0
T10523,M116,2026-08-09T11:14:25.755296,1731.53,11,0,Ahmedabad,Kolkata,1,mobile,1,2,0.58,0
T10524,M133,2026-07-29T13:11:10.755304,4016.39,13,0,Hyderabad,Hyderabad,0,desktop,0,1,1.34,0
T10525,M117,2026-09-05T14:38:35.755313,1478.95,14,0,Jaipur,Bhubaneswar,1,tablet,0,1,0.99,0
T10526,M108,2026-08-04T20:32:00.755321,968.07,20,1,Chennai,Delhi,1,tablet,1,1,0.65,1
T10527,M120,2026-08-30T11:36:01.755331,4175.34,11,0,Ahmedabad,Bhubaneswar,1,mobile,0,1,1.39,0
T10528,M136,2026-08-10T12:20:00.755340,1679.31,12,0,Pune,Kolkata,1,desktop,0,4,1.12,0
T10529,M138,2026-07-23T13:07:19.755349,532.12,13,0,Kolkata,Mumbai,1,desktop,0,1,1.06,0
T10530,M120,2026-08-16T09:08:25.755357,2776.94,9,0,Kolkata,Ahmedabad,1,tablet,0,1,0.93,0
T10531,M125,2026-07-30T04:14:49.755366,390.82,4,1,Delhi,Ahmedabad,1,tablet,0,2,0.78,0
T10532,M125,2026-08-16T08:27:58.755378,216.41,8,1,Ahmedabad,Jaipur,1,mobile,0,1,0.43,0
T10533,M139,2026-08-27T16:54:54.755386,1871.4,16,0,Hyderabad,Delhi,1,desktop,0,2,1.25,0
T10534,M105,2026-07-28T10:54:24.755395,16035.77,10,0,Pune,Pune,0,tablet,0,1,0.8,0
T10535,M122,2026-08-21T21:44:58.755405,314.94,21,1,Ahmedabad,Bhubaneswar,1,mobile,1,1,0.63,0
T10536,M123,2026-07-30T13:32:34.755416,8304.25,13,0,Mumbai,Hyderabad,1,tablet,1,3,1.04,1
T10537,M100,2026-08-08T15:44:24.755427,108.98,15,0,Delhi,Chennai,1,desktop,0,1,0.22,0
T10538,M113,2026-08-01T21:14:44.755435,7235.28,21,0,Bhubaneswar,Bengaluru,1,tablet,0,1,0.36,0
T10539,M133,2026-07-25T02:27:36.755444,2425.1,2,0,Mumbai,Chennai,1,mobile,0,2,0.81,0
T10540,M100,2026-07-26T05:23:31.755452,378.26,5,1,Pune,Delhi,1,mobile,1,1,0.76,1
T10541,M124,2026-08-16T16:17:32.755461,602.47,16,0,Delhi,Pune,1,desktop,0,3,1.2,0
T10542,M132,2026-08-14T05:23:33.755468,2338.06,5,0,Chennai,Pune,1,desktop,0,1,4.68,0
T10543,M122,2026-08-09T05:50:43.755477,382.49,5,1,Hyderabad,Jaipur,1,desktop,0,2,0.76,1
T10544,M101,2026-08-18T22:21:04.755486,3814.57,22,1,Kolkata,Bengaluru,1,mobile,0,2,1.27,0
T10545,M114,2026-08-12T06:01:42.755495,455.05,6,1,Bengaluru,Kolkata,1,desktop,0,3,0.91,0
T10546,M113,2026-08-23T15:59:08.755503,26435.58,15,0,Bengaluru,Chennai,1,tablet,0,2,1.32,0
T10547,M109,2026-08-23T20:21:55.755513,27639.13,20,0,Bengaluru,Pune,1,mobile,1,1,1.38,0
T10548,M120,2026-09-01T17:54:52.755521,4406.72,17,0,Kolkata,Kolkata,0,desktop,1,1,1.47,0
T10549,M117,2026-07-30T08:50:34.755529,836.48,8,0,Delhi,Bengaluru,1,mobile,1,1,0.56,0
T10550,M138,2026-08-19T12:27:11.755537,294.99,12,0,Mumbai,Pune,1,mobile,0,1,0.59,0
T10551,M138,2026-08-14T17:56:56.755545,325.21,17,0,Pune,Bengaluru,1,desktop,0,1,0.65,0
T10552,M102,2026-08-11T19:50:27.755552,1509.52,19,0,Kolkata,Hyderabad,1,tablet,0,1,1.01,0
T10553,M111,2026-08-13T07:36:15.755560,18614.26,7,0,Ahmedabad,Pune,1,desktop,0,3,0.93,0
T10554,M138,2026-08-27T16:31:25.755568,643.72,16,0,Bhubaneswar,Bhubaneswar,0,tablet,1,1,1.29,0
T10555,M133,2026-07-28T07:09:45.755576,1289.84,7,0,Mumbai,Hyderabad,1,tablet,1,1,0.43,0
T10556,M124,2026-08-17T01:07:52.755585,548.76,1,0,Ahmedabad,Kolkata,1,desktop,0,2,1.1,0
T10557,M118,2026-08-21T18:09:11.755594,50,18,0,Jaipur,Bengaluru,1,desktop,0,2,0.1,0
T10558,M107,2026-07-31T17:14:55.755602,584.64,17,0,Bengaluru,Kolkata,1,desktop,0,1,1.17,0
T10559,M112,2026-09-03T20:02:36.755611,108.69,20,0,Chennai,Pune,1,tablet,0,1,0.07,0
T10560,M107,2026-07-27T10:02:43.755619,664.65,10,0,Jaipur,Kolkata,1,tablet,0,2,1.33,0
T10561,M124,2026-08-18T16:59:57.755629,643.63,16,0,Bengaluru,Pune,1,tablet,1,3,1.29,0
T10562,M109,2026-07-31T16:11:41.755637,20311.79,16,0,Ahmedabad,Chennai,1,tablet,1,1,1.02,1
T10563,M100,2026-08-22T05:08:07.755645,435.56,5,1,Mumbai,Ahmedabad,1,desktop,0,3,0.87,0
T10564,M131,2026-08-03T12:56:54.755653,560.66,12,0,Ahmedabad,Delhi,1,tablet,0,1,1.12,0
T10565,M139,2026-08-22T12:12:48.755661,2361.69,12,0,Hyderabad,Mumbai,1,mobile,0,1,1.57,0
T10566,M102,2026-08-24T08:54:26.755669,780.38,8,1,Delhi,Mumbai,1,mobile,0,1,0.52,0
T10567,M139,2026-08-24T01:49:58.755678,1115.54,1,1,Bhubaneswar,Bhubaneswar,0,tablet,0,1,0.74,0
T10568,M102,2026-07-27T12:17:59.755686,1561.48,12,0,Delhi,Kolkata,1,tablet,0,1,1.04,0
T10569,M117,2026-08-07T23:21:20.755694,973.8,23,0,Jaipur,Hyderabad,1,tablet,0,1,0.65,0
T10570,M133,2026-07-27T05:56:33.755702,1176.47,5,0,Chennai,Kolkata,1,tablet,0,2,0.39,0
T10571,M139,2026-08-09T04:04:08.755711,1593.92,4,1,Bhubaneswar,Bhubaneswar,0,desktop,0,1,1.06,0
T10572,M111,2026-09-03T21:20:34.755719,10290.31,21,0,Mumbai,Delhi,1,mobile,0,1,0.51,0
T10573,M113,2026-08-30T19:21:35.755727,12028.32,19,0,Kolkata,Kolkata,0,mobile,0,1,0.6,0
T10574,M100,2026-08-23T02:10:27.755735,549.11,2,1,Chennai,Chennai,0,tablet,0,1,1.1,0
T10575,M121,2026-08-08T13:30:54.755743,26203.13,13,0,Bhubaneswar,Bhubaneswar,0,mobile,0,2,1.31,0
T10576,M130,2026-09-05T11:12:26.755751,1340.61,11,0,Bengaluru,Ahmedabad,1,tablet,0,3,0.89,0
T10577,M103,2026-09-01T12:46:07.755760,508.59,12,0,Bhubaneswar,Pune,1,tablet,0,1,1.02,0
T10578,M122,2026-07-26T04:56:37.755768,7814.64,4,1,Jaipur,Bengaluru,1,tablet,0,1,15.63,0
T10579,M119,2026-08-26T05:29:40.755778,7507.3,5,1,Mumbai,Chennai,1,desktop,1,1,0.94,1
T10580,M119,2026-08-02T11:37:16.755786,6039.67,11,0,Mumbai,Hyderabad,1,mobile,0,1,0.75,0
T10581,M132,2026-07-30T11:18:49.755794,480.52,11,0,Ahmedabad,Jaipur,1,desktop,0,2,0.96,0
T10582,M133,2026-08-24T20:13:58.755802,24736.04,20,0,Jaipur,Delhi,1,mobile,0,1,8.25,0
T10583,M105,2026-08-08T04:06:38.755811,19752.1,4,0,Mumbai,Delhi,1,tablet,0,2,0.99,0
T10584,M119,2026-08-23T00:06:54.755819,10192.97,0,1,Chennai,Jaipur,1,desktop,0,2,1.27,0
T10585,M110,2026-08-05T06:36:36.755827,15587.1,6,1,Bhubaneswar,Jaipur,1,tablet,0,1,0.78,0
T10586,M117,2026-07-29T20:43:32.755837,2515.14,20,0,Bengaluru,Delhi,1,desktop,0,1,1.68,0
T10587,M108,2026-07-24T09:34:44.755847,1122.07,9,1,Mumbai,Delhi,1,desktop,0,1,0.75,0
T10588,M138,2026-09-04T06:12:42.755855,182.38,6,1,Bhubaneswar,Pune,1,desktop,0,1,0.36,0
T10589,M134,2026-07-26T19:18:44.755863,1743.79,19,0,Ahmedabad,Bhubaneswar,1,mobile,0,1,0.58,0
T10590,M106,2026-08-14T02:35:38.755871,393.47,2,1,Ahmedabad,Hyderabad,1,mobile,1,1,0.79,0
T10591,M123,2026-08-11T00:36:09.755879,12274.44,0,1,Pune,Pune,0,desktop,0,1,1.53,0
T10592,M130,2026-08-14T09:11:07.755887,1776.61,9,0,Bhubaneswar,Bengaluru,1,tablet,0,1,1.18,0
T10593,M120,2026-08-18T23:45:41.755895,2194.34,23,0,Chennai,Jaipur,1,desktop,0,1,0.73,0
T10594,M135,2026-07-30T17:04:19.755903,4165.05,17,0,Bhubaneswar,Kolkata,1,desktop,0,1,1.39,0
T10595,M111,2026-08-24T03:47:57.755911,18714.33,3,0,Bhubaneswar,Ahmedabad,1,mobile,0,1,0.94,0
T10596,M128,2026-07-31T13:03:27.755919,17089.05,13,0,Bhubaneswar,Kolkata,1,desktop,0,1,0.85,0
T10597,M108,2026-09-04T01:32:04.755929,2071.94,1,1,Mumbai,Bengaluru,1,tablet,0,1,1.38,0
T10598,M136,2026-08-13T16:46:44.755939,1803.87,16,0,Bhubaneswar,Chennai,1,desktop,1,2,1.2,1
T10599,M137,2026-07-23T09:15:34.755948,4710.53,9,1,Jaipur,Kolkata,1,mobile,0,3,1.57,1
T10600,M103,2026-07-23T00:46:57.755956,392.86,0,1,Chennai,Mumbai,1,mobile,0,1,0.79,0
T10601,M124,2026-08-11T16:51:44.755964,144.98,16,0,Jaipur,Hyderabad,1,tablet,0,1,0.29,0
T10602,M123,2026-09-01T18:25:38.755974,5708.9,18,0,Bengaluru,Bengaluru,0,mobile,0,1,0.71,0
T10603,M131,2026-08-23T22:20:24.755982,581.99,22,1,Bengaluru,Delhi,1,mobile,0,1,1.16,0
T10604,M138,2026-08-12T15:46:52.755990,342.62,15,0,Ahmedabad,Kolkata,1,desktop,0,1,0.69,0
T10605,M131,2026-09-02T02:23:52.755998,346.05,2,1,Jaipur,Chennai,1,desktop,0,3,0.69,0
T10606,M102,2026-08-19T13:44:32.756006,927.81,13,0,Delhi,Bengaluru,1,tablet,1,2,0.62,1
T10607,M117,2026-08-14T13:29:24.756016,1560.38,13,0,Jaipur,Bhubaneswar,1,mobile,0,1,1.04,0
T10608,M104,2026-08-25T04:48:14.756024,10447.96,4,1,Mumbai,Pune,1,tablet,0,2,0.52,0
T10609,M130,2026-08-19T20:31:04.756033,700.78,20,0,Kolkata,Pune,1,desktop,0,1,0.47,0
T10610,M119,2026-08-27T06:47:00.756041,8542.58,6,1,Bhubaneswar,Bengaluru,1,tablet,1,1,1.07,1
T10611,M139,2026-07-24T07:36:16.756049,1045.16,7,1,Delhi,Bengaluru,1,tablet,0,1,0.7,0
T10612,M139,2026-08-05T15:09:21.756057,1427.04,15,0,Bhubaneswar,Bengaluru,1,tablet,0,2,0.95,0
T10613,M111,2026-08-04T16:10:52.756065,26088.48,16,0,Hyderabad,Ahmedabad,1,mobile,1,2,1.3,0
T10614,M105,2026-07-30T00:49:08.756073,7740.81,0,0,Kolkata,Kolkata,0,mobile,0,1,0.39,0
T10615,M136,2026-08-27T15:23:33.756081,870.54,15,0,Mumbai,Chennai,1,mobile,0,1,0.58,0
T10616,M130,2026-08-28T05:07:42.756089,2785.74,5,0,Kolkata,Ahmedabad,1,desktop,1,1,1.86,0
T10617,M128,2026-08-10T12:52:01.756099,14220.87,12,0,Jaipur,Mumbai,1,mobile,0,3,0.71,0
T10618,M127,2026-08-21T15:04:02.756107,33765.49,15,0,Chennai,Delhi,1,desktop,0,1,1.69,0
T10619,M115,2026-08-27T15:20:13.756115,4884.13,15,0,Hyderabad,Jaipur,1,desktop,1,1,0.61,0
T10620,M100,2026-08-24T15:40:15.756123,574.92,15,0,Jaipur,Delhi,1,tablet,0,1,1.15,0
T10621,M112,2026-07-24T15:27:41.756131,5787.06,15,0,Bhubaneswar,Hyderabad,1,tablet,0,1,3.86,0
T10622,M138,2026-07-29T07:09:10.756140,258.28,7,1,Bengaluru,Delhi,1,tablet,0,1,0.52,0
T10623,M104,2026-08-23T00:01:59.756148,29553.01,0,1,Chennai,Kolkata,1,tablet,0,3,1.48,0
T10624,M110,2026-08-29T21:25:04.756158,32389.92,21,0,Pune,Mumbai,1,desktop,0,4,1.62,0
T10625,M131,2026-08-01T17:35:47.756166,655.37,17,0,Bengaluru,Ahmedabad,1,mobile,0,1,1.31,0
T10626,M106,2026-09-05T07:04:00.756174,1291.64,7,1,Chennai,Ahmedabad,1,mobile,0,3,2.58,1
T10627,M102,2026-08-24T06:07:18.756185,1666.72,6,1,Bengaluru,Pune,1,desktop,0,1,1.11,1
T10628,M131,2026-08-15T04:52:22.756193,145.14,4,1,Delhi,Jaipur,1,mobile,1,1,0.29,1
T10629,M130,2026-07-28T21:00:44.756202,1952.31,21,0,Pune,Pune,0,tablet,0,1,1.3,0
T10630,M105,2026-08-09T17:28:11.756210,108.38,17,0,Ahmedabad,Chennai,1,tablet,0,1,0.01,0
T10631,M112,2026-08-06T12:00:33.756219,1170.2,12,0,Delhi,Pune,1,desktop,0,1,0.78,0
T10632,M108,2026-07-24T17:23:29.756227,1834.94,17,0,Ahmedabad,Kolkata,1,mobile,0,2,1.22,0
T10633,M128,2026-07-23T18:55:43.756235,111979.25,18,0,Mumbai,Kolkata,1,mobile,0,1,5.6,0
T10634,M134,2026-07-30T05:20:36.756244,2950.88,5,1,Bengaluru,Ahmedabad,1,tablet,1,1,0.98,1
T10635,M115,2026-08-26T00:52:12.756252,5672.95,0,0,Mumbai,Bengaluru,1,tablet,0,1,0.71,0
T10636,M129,2026-08-21T15:55:47.756260,627.83,15,0,Delhi,Delhi,0,desktop,0,1,1.26,0
T10637,M112,2026-08-12T16:22:20.756271,2204.78,16,0,Kolkata,Pune,1,mobile,0,5,1.47,0
T10638,M113,2026-08-29T02:11:24.756279,24736.74,2,0,Chennai,Bengaluru,1,desktop,0,1,1.24,0
T10639,M115,2026-09-05T22:17:24.756287,8558.04,22,0,Bengaluru,Delhi,1,tablet,0,1,1.07,0
T10640,M131,2026-07-26T21:50:55.756295,625.67,21,0,Bhubaneswar,Chennai,1,desktop,0,1,1.25,0
T10641,M108,2026-08-01T23:59:38.756303,1515.05,23,1,Chennai,Jaipur,1,desktop,1,1,1.01,1
T10642,M102,2026-08-20T22:30:25.756311,1800.74,22,1,Chennai,Pune,1,desktop,0,1,1.2,0
T10643,M133,2026-07-27T15:16:47.756320,4278.22,15,0,Jaipur,Jaipur,0,mobile,0,1,1.43,0
T10644,M103,2026-08-01T09:29:56.756327,586.38,9,1,Ahmedabad,Ahmedabad,0,mobile,1,1,1.17,0
T10645,M123,2026-08-05T19:55:27.756335,9183.04,19,1,Chennai,Pune,1,tablet,0,2,1.15,0
T10646,M103,2026-09-05T21:20:29.756343,2946.01,21,1,Delhi,Hyderabad,1,tablet,0,1,5.89,1
T10647,M120,2026-08-03T03:50:35.756354,2836.28,3,0,Pune,Hyderabad,1,mobile,0,1,0.95,0
T10648,M114,2026-07-26T13:28:05.756362,273.61,13,0,Bengaluru,Hyderabad,1,tablet,0,1,0.55,0
T10649,M112,2026-08-22T16:09:28.756370,1625.19,16,0,Chennai,Hyderabad,1,desktop,0,1,1.08,0
T10650,M108,2026-07-28T09:15:06.756378,1896.23,9,1,Pune,Hyderabad,1,desktop,0,1,1.26,0
T10651,M139,2026-09-04T22:52:29.756386,966.37,22,1,Jaipur,Hyderabad,1,mobile,0,1,0.64,0
T10652,M113,2026-08-20T17:02:30.756394,76791.63,17,0,Hyderabad,Hyderabad,0,desktop,0,1,3.84,0
T10653,M109,2026-09-05T08:24:05.756403,21478.62,8,1,Mumbai,Kolkata,1,mobile,0,1,1.07,0
T10654,M102,2026-08-12T15:46:25.756410,827.63,15,0,Delhi,Ahmedabad,1,desktop,0,1,0.55,0
T10655,M126,2026-08-02T13:47:45.756419,2733.64,13,0,Chennai,Hyderabad,1,tablet,0,8,0.91,0
T10656,M110,2026-08-26T03:12:32.756426,9939.35,3,1,Ahmedabad,Ahmedabad,0,mobile,0,3,0.5,0
T10657,M123,2026-08-22T10:05:15.756436,9052.61,10,0,Mumbai,Delhi,1,desktop,0,3,1.13,0
T10658,M127,2026-08-28T12:58:41.756444,17602.11,12,0,Hyderabad,Delhi,1,tablet,0,3,0.88,0
T10659,M123,2026-09-04T02:22:09.756452,15674.16,2,1,Kolkata,Pune,1,desktop,0,1,1.96,0
T10660,M135,2026-08-26T05:02:14.756460,4721.67,5,0,Pune,Hyderabad,1,tablet,0,1,1.57,0
T10661,M137,2026-09-03T06:44:29.756468,3770.94,6,1,Hyderabad,Hyderabad,0,desktop,0,1,1.26,0
T10662,M117,2026-07-25T15:15:01.756477,2008.98,15,0,Jaipur,Delhi,1,desktop,0,2,1.34,0
T10663,M118,2026-08-13T22:23:34.756486,571.36,22,1,Delhi,Hyderabad,1,desktop,0,1,1.14,0
T10664,M104,2026-07-28T07:13:09.756494,21990.05,7,1,Bengaluru,Hyderabad,1,tablet,0,4,1.1,0
T10665,M134,2026-07-29T09:37:22.756502,3503.06,9,0,Kolkata,Ahmedabad,1,tablet,0,1,1.17,0
T10666,M114,2026-09-01T12:35:03.756510,772.17,12,0,Pune,Pune,0,desktop,0,1,1.54,0
T10667,M128,2026-08-14T05:25:00.756520,16268.72,5,1,Bengaluru,Chennai,1,mobile,0,2,0.81,0
T10668,M118,2026-08-29T08:37:24.756529,564.01,8,1,Bengaluru,Bhubaneswar,1,mobile,0,2,1.13,1
T10669,M109,2026-07-30T19:40:31.756537,16258.69,19,0,Mumbai,Pune,1,tablet,0,1,0.81,0
T10670,M135,2026-08-26T07:40:16.756551,4022.97,7,0,Pune,Ahmedabad,1,tablet,0,5,1.34,0
T10671,M101,2026-08-11T15:08:57.756560,3226.56,15,0,Bengaluru,Ahmedabad,1,desktop,1,1,1.08,0
T10672,M132,2026-08-08T01:46:11.756568,399.27,1,0,Bhubaneswar,Bengaluru,1,tablet,1,2,0.8,0
T10673,M107,2026-08-27T12:13:22.756577,366.28,12,0,Mumbai,Bengaluru,1,tablet,0,1,0.73,0
T10674,M114,2026-08-13T15:23:45.756585,388.94,15,0,Hyderabad,Bhubaneswar,1,tablet,1,1,0.78,0
T10675,M101,2026-07-27T01:11:19.756594,3832.91,1,1,Ahmedabad,Delhi,1,tablet,0,1,1.28,0
T10676,M132,2026-07-25T17:06:00.756602,658.84,17,0,Kolkata,Pune,1,desktop,0,1,1.32,0
T10677,M128,2026-09-03T10:26:07.756612,15880.43,10,0,Hyderabad,Ahmedabad,1,tablet,0,8,0.79,0
T10678,M127,2026-08-27T08:41:13.756621,23489.98,8,0,Delhi,Bengaluru,1,mobile,1,1,1.17,0
T10679,M121,2026-07-26T04:49:49.756629,17342.73,4,0,Bhubaneswar,Kolkata,1,mobile,0,1,0.87,0
T10680,M111,2026-08-18T23:22:12.756637,9928.31,23,0,Hyderabad,Bengaluru,1,desktop,0,1,0.5,0
T10681,M119,2026-09-01T12:09:44.756645,8977.38,12,0,Ahmedabad,Jaipur,1,tablet,0,1,1.12,0
T10682,M116,2026-08-06T13:31:21.756653,5188.8,13,0,Chennai,Kolkata,1,mobile,0,1,1.73,0
T10683,M107,2026-08-29T02:45:41.756662,396.56,2,1,Delhi,Bhubaneswar,1,tablet,0,1,0.79,0
T10684,M116,2026-08-22T11:28:06.756670,1727.77,11,0,Pune,Jaipur,1,tablet,0,1,0.58,0
T10685,M103,2026-07-30T02:03:43.756678,50,2,1,Bengaluru,Pune,1,mobile,0,1,0.1,0
T10686,M122,2026-07-25T08:33:25.756686,439.13,8,1,Jaipur,Hyderabad,1,tablet,0,1,0.88,0
T10687,M134,2026-08-07T15:39:51.756695,4427.83,15,0,Chennai,Chennai,0,tablet,0,1,1.48,0
T10688,M122,2026-08-31T23:01:52.756708,567.22,23,1,Ahmedabad,Kolkata,1,desktop,0,3,1.13,0
T10689,M132,2026-08-02T17:24:57.756717,585.23,17,0,Jaipur,Bhubaneswar,1,tablet,0,2,1.17,0
T10690,M135,2026-08-26T01:59:52.756725,3023.39,1,0,Delhi,Delhi,0,mobile,0,3,1.01,0
T10691,M123,2026-07-29T17:45:46.756734,6427.04,17,0,Bhubaneswar,Jaipur,1,desktop,0,1,0.8,0
T10692,M107,2026-08-02T18:51:56.756742,712.57,18,0,Chennai,Bengaluru,1,mobile,0,1,1.43,0
T10693,M107,2026-07-26T18:22:05.756750,5318.06,18,0,Kolkata,Mumbai,1,mobile,0,1,10.64,0
T10694,M103,2026-08-14T18:19:13.756759,612.07,18,0,Mumbai,Delhi,1,mobile,0,3,1.22,0
T10695,M111,2026-08-24T13:06:22.756768,24152.68,13,0,Delhi,Bengaluru,1,tablet,1,4,1.21,0
T10696,M110,2026-09-02T12:06:29.756776,7080.7,12,0,Bhubaneswar,Delhi,1,mobile,0,2,0.35,0
T10697,M112,2026-08-05T16:11:13.756786,1496.14,16,0,Jaipur,Mumbai,1,tablet,0,1,1.0,0
T10698,M130,2026-08-09T18:45:37.756794,1377.08,18,0,Delhi,Bengaluru,1,desktop,0,5,0.92,0
T10699,M126,2026-07-28T11:16:28.756803,2272.56,11,0,Pune,Delhi,1,desktop,0,1,0.76,0
T10700,M118,2026-08-19T00:54:21.756811,485.57,0,1,Kolkata,Chennai,1,desktop,0,1,0.97,1
T10701,M128,2026-08-02T22:57:41.756819,16736.15,22,1,Chennai,Kolkata,1,mobile,1,3,0.84,1
T10702,M123,2026-07-31T16:41:47.756828,12776.74,16,0,Kolkata,Ahmedabad,1,tablet,0,1,1.6,0
T10703,M125,2026-08-25T17:34:36.756836,524.04,17,0,Delhi,Bengaluru,1,mobile,0,1,1.05,0
T10704,M125,2026-07-28T22:49:41.756844,522.59,22,1,Bhubaneswar,Bhubaneswar,0,desktop,0,2,1.05,0
T10705,M122,2026-08-15T02:10:40.756853,709.09,2,1,Kolkata,Ahmedabad,1,tablet,0,1,1.42,0
T10706,M116,2026-08-15T17:55:26.756861,1311.82,17,0,Delhi,Mumbai,1,mobile,0,1,0.44,0
T10707,M138,2026-08-24T23:07:49.756870,504.82,23,1,Chennai,Bhubaneswar,1,tablet,0,1,1.01,0
T10708,M131,2026-08-30T11:23:56.756878,337.05,11,0,Jaipur,Chennai,1,tablet,1,1,0.67,0
T10709,M102,2026-08-12T21:15:35.756887,1605.98,21,0,Delhi,Kolkata,1,desktop,0,1,1.07,0
T10710,M102,2026-07-31T13:52:03.756895,384.1,13,0,Bengaluru,Ahmedabad,1,desktop,0,1,0.26,0
T10711,M107,2026-08-19T14:33:51.756903,361.67,14,0,Jaipur,Jaipur,0,tablet,0,1,0.72,0
T10712,M103,2026-08-10T23:47:46.756911,477.52,23,1,Pune,Chennai,1,desktop,0,1,0.96,0
T10713,M123,2026-08-08T22:16:15.756919,12264.14,22,1,Bhubaneswar,Mumbai,1,tablet,0,1,1.53,0
T10714,M122,2026-08-11T23:43:57.756927,325.14,23,1,Chennai,Bhubaneswar,1,mobile,0,3,0.65,0
T10715,M121,2026-07-31T05:36:25.756936,174890.66,5,0,Ahmedabad,Kolkata,1,tablet,0,1,8.74,0
T10716,M130,2026-08-20T12:51:25.756944,2018.35,12,0,Pune,Bhubaneswar,1,mobile,0,2,1.35,0
T10717,M121,2026-08-16T02:32:02.756954,20971.95,2,0,Pune,Bengaluru,1,tablet,1,1,1.05,0
T10718,M104,2026-09-01T18:54:51.756963,23273.37,18,0,Chennai,Bhubaneswar,1,desktop,0,2,1.16,0
T10719,M137,2026-07-27T14:10:21.756971,2327.17,14,0,Chennai,Delhi,1,tablet,0,2,0.78,0
T10720,M104,2026-08-23T14:53:43.756979,24237.85,14,0,Jaipur,Pune,1,mobile,0,1,1.21,0
T10721,M135,2026-07-31T18:12:54.756987,1727.59,18,0,Jaipur,Bengaluru,1,tablet,0,1,0.58,0
T10722,M129,2026-08-04T23:58:04.756995,727.73,23,1,Kolkata,Bhubaneswar,1,tablet,0,1,1.46,0
T10723,M109,2026-08-03T15:51:21.757003,16204.22,15,0,Chennai,Kolkata,1,desktop,0,1,0.81,0
T10724,M113,2026-09-02T01:25:22.757011,7294.37,1,0,Chennai,Bhubaneswar,1,mobile,0,1,0.36,0
T10725,M115,2026-08-30T16:25:28.757019,11117.11,16,0,Ahmedabad,Ahmedabad,0,tablet,0,8,1.39,0
T10726,M112,2026-07-30T17:27:57.757027,1479.25,17,0,Chennai,Jaipur,1,mobile,0,1,0.99,0
T10727,M101,2026-07-25T16:15:39.757039,3288.88,16,0,Delhi,Pune,1,tablet,0,1,1.1,0
T10728,M123,2026-08-24T14:21:16.757047,7235.11,14,0,Bengaluru,Hyderabad,1,mobile,0,1,0.9,0
T10729,M137,2026-08-29T14:52:31.757055,2563.75,14,0,Chennai,Ahmedabad,1,mobile,0,1,0.85,0
T10730,M121,2026-09-01T09:32:22.757063,13136.93,9,0,Hyderabad,Kolkata,1,mobile,0,1,0.66,0
T10731,M128,2026-08-11T19:35:31.757072,15980.31,19,0,Bhubaneswar,Mumbai,1,desktop,0,1,0.8,0
T10732,M134,2026-08-12T13:32:27.757079,2108.73,13,0,Bengaluru,Pune,1,desktop,0,2,0.7,0
T10733,M138,2026-07-24T16:21:21.757087,523.67,16,0,Mumbai,Hyderabad,1,desktop,0,1,1.05,0
T10734,M123,2026-09-04T20:03:15.757095,8622.46,20,1,Ahmedabad,Kolkata,1,mobile,0,3,1.08,1
T10735,M116,2026-08-06T14:21:36.757104,2433.96,14,0,Hyderabad,Chennai,1,mobile,0,3,0.81,0
T10736,M120,2026-09-03T16:27:12.757112,3657.87,16,0,Chennai,Delhi,1,desktop,0,1,1.22,0
T10737,M127,2026-09-03T13:18:03.757122,9364.16,13,0,Delhi,Bengaluru,1,tablet,0,1,0.47,0
T10738,M135,2026-08-27T19:22:56.757130,2141.94,19,0,Bengaluru,Ahmedabad,1,tablet,0,1,0.71,0
T10739,M120,2026-08-19T22:39:59.757139,4638.77,22,0,Bengaluru,Hyderabad,1,tablet,0,2,1.55,0
T10740,M108,2026-09-02T02:34:49.757157,987.83,2,1,Ahmedabad,Ahmedabad,0,tablet,0,1,0.66,0
T10741,M120,2026-08-30T19:19:06.757168,2313.08,19,0,Delhi,Kolkata,1,desktop,1,1,0.77,0
T10742,M136,2026-08-02T21:20:47.757177,1628.25,21,1,Bhubaneswar,Hyderabad,1,mobile,0,5,1.09,1
T10743,M110,2026-07-25T09:48:04.757186,20224.05,9,0,Kolkata,Bhubaneswar,1,desktop,1,1,1.01,0
T10744,M136,2026-07-28T16:31:23.757194,2230.11,16,0,Ahmedabad,Ahmedabad,0,mobile,0,1,1.49,0
T10745,M117,2026-08-05T23:18:00.757203,1564.92,23,0,Kolkata,Bengaluru,1,desktop,0,3,1.04,0
T10746,M118,2026-08-27T06:28:34.757211,408.04,6,1,Bengaluru,Mumbai,1,desktop,0,5,0.82,0
T10747,M115,2026-08-09T22:27:33.757221,5011.33,22,0,Ahmedabad,Delhi,1,mobile,1,1,0.63,1
T10748,M125,2026-08-25T08:02:27.757229,546.26,8,1,Bhubaneswar,Chennai,1,mobile,0,1,1.09,0
T10749,M115,2026-08-14T20:28:33.757237,11059.1,20,0,Bhubaneswar,Bhubaneswar,0,tablet,0,2,1.38,0
T10750,M139,2026-08-10T11:37:28.757245,1305.23,11,0,Jaipur,Mumbai,1,tablet,0,1,0.87,0
T10751,M121,2026-09-03T14:37:25.757254,27583.88,14,0,Delhi,Pune,1,tablet,0,1,1.38,0
T10752,M102,2026-07-29T04:46:51.757263,50,4,1,Pune,Kolkata,1,desktop,0,3,0.03,1
T10753,M116,2026-08-17T02:07:00.757272,3016.03,2,1,Bengaluru,Pune,1,tablet,0,8,1.01,0
T10754,M128,2026-07-25T13:48:30.757280,21003.46,13,0,Ahmedabad,Chennai,1,mobile,0,2,1.05,0
T10755,M131,2026-07-24T23:19:32.757289,562.13,23,1,Jaipur,Ahmedabad,1,desktop,0,1,1.12,1
T10756,M107,2026-08-08T23:07:06.757298,835.01,23,1,Bengaluru,Jaipur,1,desktop,0,1,1.67,0
T10757,M100,2026-08-17T12:39:08.757308,723.32,12,0,Bengaluru,Kolkata,1,mobile,0,1,1.45,0
T10758,M121,2026-07-24T06:02:53.757316,15175.21,6,0,Pune,Bhubaneswar,1,mobile,0,2,0.76,0
T10759,M130,2026-08-14T00:48:46.757325,3153.91,0,0,Chennai,Bhubaneswar,1,tablet,1,1,2.1,0
T10760,M128,2026-08-07T18:21:14.757333,51436.39,18,0,Bhubaneswar,Bengaluru,1,mobile,0,3,2.57,0
T10761,M103,2026-08-28T02:23:23.757342,230.47,2,1,Bhubaneswar,Kolkata,1,mobile,0,1,0.46,1
T10762,M125,2026-07-27T07:42:42.757350,635.53,7,1,Kolkata,Chennai,1,tablet,0,2,1.27,0
T10763,M131,2026-08-30T21:08:58.757358,517.57,21,0,Chennai,Bhubaneswar,1,mobile,0,1,1.04,0
T10764,M112,2026-08-15T18:15:07.757366,939.92,18,0,Bhubaneswar,Kolkata,1,mobile,0,2,0.63,0
T10765,M127,2026-08-22T14:36:09.757374,22665.12,14,0,Mumbai,Jaipur,1,desktop,0,5,1.13,0
T10766,M109,2026-08-16T00:53:32.757382,8620.77,0,1,Ahmedabad,Kolkata,1,mobile,0,3,0.43,0
T10767,M108,2026-08-25T05:05:00.757392,1352.27,5,1,Hyderabad,Jaipur,1,desktop,0,1,0.9,0
T10768,M102,2026-08-16T21:58:16.757401,1992.23,21,0,Bhubaneswar,Chennai,1,desktop,0,1,1.33,0
T10769,M107,2026-08-27T22:33:49.757409,631.67,22,1,Bengaluru,Bengaluru,0,desktop,0,1,1.26,0
T10770,M120,2026-08-20T11:56:50.757417,2672.73,11,0,Chennai,Pune,1,mobile,0,1,0.89,0
T10771,M116,2026-09-03T07:18:21.757426,1007.16,7,1,Kolkata,Jaipur,1,mobile,0,1,0.34,0
T10772,M130,2026-08-14T07:55:43.757435,1067.64,7,0,Bhubaneswar,Ahmedabad,1,desktop,1,1,0.71,0
T10773,M125,2026-08-31T01:16:27.757444,123.57,1,1,Bengaluru,Bengaluru,0,mobile,0,1,0.25,0
T10774,M112,2026-09-02T16:37:17.757452,2177.56,16,0,Hyderabad,Kolkata,1,tablet,0,3,1.45,0
T10775,M129,2026-07-30T04:25:31.757460,538.42,4,1,Mumbai,Delhi,1,mobile,0,3,1.08,0
T10776,M131,2026-08-14T21:07:29.757468,716.87,21,0,Chennai,Bhubaneswar,1,desktop,0,1,1.43,0
T10777,M127,2026-08-12T04:06:33.757477,21075.29,4,0,Bhubaneswar,Bhubaneswar,0,tablet,0,1,1.05,0
T10778,M131,2026-08-16T21:54:09.757485,268.76,21,0,Ahmedabad,Hyderabad,1,tablet,0,1,0.54,0
T10779,M135,2026-07-26T01:47:42.757494,2106.74,1,0,Kolkata,Ahmedabad,1,mobile,1,1,0.7,0
T10780,M127,2026-07-24T00:02:30.757502,26808.36,0,0,Ahmedabad,Hyderabad,1,tablet,1,1,1.34,0
T10781,M138,2026-09-02T10:08:44.757510,773.24,10,0,Ahmedabad,Bengaluru,1,desktop,0,2,1.55,0
T10782,M123,2026-08-30T15:10:31.757518,50,15,0,Hyderabad,Chennai,1,tablet,0,2,0.01,0
T10783,M112,2026-07-30T13:55:08.757526,1776.15,13,0,Delhi,Kolkata,1,desktop,0,1,1.18,0
T10784,M101,2026-08-09T09:49:00.757534,3826.55,9,0,Jaipur,Mumbai,1,mobile,0,1,1.28,0
T10785,M135,2026-08-02T20:53:25.757543,2232.63,20,0,Pune,Pune,0,mobile,0,2,0.74,0
T10786,M132,2026-08-21T07:50:53.757551,348.27,7,0,Ahmedabad,Ahmedabad,0,mobile,0,5,0.7,0
T10787,M106,2026-08-31T23:22:31.757562,226.1,23,1,Jaipur,Delhi,1,mobile,1,1,0.45,1
T10788,M110,2026-08-27T08:23:18.757570,17741.18,8,1,Delhi,Bengaluru,1,tablet,0,1,0.89,0
T10789,M112,2026-08-13T07:23:54.757578,2125.08,7,0,Mumbai,Hyderabad,1,desktop,0,1,1.42,0
T10790,M123,2026-08-26T17:04:05.757588,8092.13,17,0,Bengaluru,Jaipur,1,desktop,0,2,1.01,0
T10791,M126,2026-09-04T14:07:18.757596,1865.54,14,0,Jaipur,Pune,1,mobile,0,1,0.62,0
T10792,M133,2026-07-26T08:52:04.757607,3898.88,8,0,Bengaluru,Kolkata,1,mobile,0,1,1.3,0
T10793,M109,2026-09-04T19:18:06.757615,23532.71,19,0,Jaipur,Chennai,1,desktop,0,1,1.18,0
T10794,M119,2026-08-27T00:28:04.757624,42370.0,0,1,Jaipur,Bhubaneswar,1,mobile,0,2,5.3,0
T10795,M134,2026-08-22T07:13:54.757633,374.01,7,1,Ahmedabad,Pune,1,tablet,0,1,0.12,0
T10796,M102,2026-08-18T01:57:19.757641,1011.81,1,1,Bengaluru,Jaipur,1,tablet,0,1,0.67,0
T10797,M133,2026-08-08T12:45:16.757651,4663.05,12,0,Bengaluru,Mumbai,1,mobile,0,3,1.55,0
T10798,M119,2026-08-27T06:14:40.757659,4642.11,6,1,Pune,Chennai,1,tablet,0,1,0.58,0
T10799,M107,2026-08-13T18:36:58.757668,610.7,18,0,Mumbai,Ahmedabad,1,desktop,0,5,1.22,0
T10800,M136,2026-08-26T16:25:27.757676,2164.34,16,0,Bhubaneswar,Hyderabad,1,desktop,0,1,1.44,0
T10801,M136,2026-08-24T15:14:31.757684,980.25,15,0,Kolkata,Jaipur,1,tablet,0,1,0.65,0
T10802,M123,2026-08-14T01:06:32.757692,12119.93,1,1,Delhi,Delhi,0,mobile,0,1,1.51,0
T10803,M104,2026-08-09T22:03:32.757700,27286.11,22,1,Kolkata,Bhubaneswar,1,tablet,0,1,1.36,0
T10804,M131,2026-08-22T21:19:51.757707,309.06,21,0,Ahmedabad,Kolkata,1,mobile,0,1,0.62,0
T10805,M108,2026-08-26T04:37:50.757716,1799.06,4,1,Jaipur,Delhi,1,tablet,0,1,1.2,0
T10806,M135,2026-08-09T22:06:10.757724,3531.86,22,0,Delhi,Delhi,0,desktop,0,1,1.18,0
T10807,M123,2026-08-06T19:03:46.757734,7239.87,19,1,Chennai,Chennai,0,desktop,0,1,0.9,0
T10808,M126,2026-07-25T08:28:57.757742,3944.36,8,1,Bengaluru,Ahmedabad,1,mobile,0,1,1.31,1
T10809,M126,2026-08-15T08:24:40.757750,2604.1,8,1,Bhubaneswar,Ahmedabad,1,desktop,0,2,0.87,0
T10810,M138,2026-07-29T10:32:03.757758,517.79,10,0,Ahmedabad,Ahmedabad,0,mobile,0,3,1.04,0
T10811,M139,2026-08-11T21:03:05.757767,790.7,21,1,Kolkata,Pune,1,tablet,0,1,0.53,0
T10812,M117,2026-08-23T08:20:50.757775,15665.26,8,0,Chennai,Jaipur,1,tablet,0,1,10.44,0
T10813,M139,2026-08-18T07:04:57.757784,1690.64,7,1,Mumbai,Bhubaneswar,1,tablet,0,1,1.13,1
T10814,M107,2026-08-23T22:43:19.757792,6208.87,22,1,Hyderabad,Bhubaneswar,1,desktop,0,1,12.42,1
T10815,M137,2026-07-25T04:12:35.757801,2705.15,4,1,Mumbai,Pune,1,desktop,0,1,0.9,0
T10816,M124,2026-08-04T11:26:01.757811,969.76,11,0,Chennai,Bengaluru,1,mobile,0,1,1.94,0
T10817,M126,2026-08-24T22:26:10.757821,4814.29,22,1,Bhubaneswar,Pune,1,mobile,0,1,1.6,0
T10818,M120,2026-07-29T21:46:42.757829,2093.06,21,0,Delhi,Mumbai,1,mobile,0,1,0.7,0
T10819,M132,2026-08-28T12:23:52.757837,592.21,12,0,Delhi,Chennai,1,mobile,0,1,1.18,0
T10820,M101,2026-08-11T18:33:52.757845,9784.0,18,0,Bhubaneswar,Delhi,1,mobile,0,2,3.26,0
T10821,M136,2026-08-11T17:41:36.757854,511.76,17,0,Jaipur,Hyderabad,1,mobile,1,1,0.34,0
T10822,M134,2026-08-12T13:30:26.757862,46232.2,13,0,Bhubaneswar,Chennai,1,tablet,0,5,15.41,1
T10823,M130,2026-08-05T06:13:15.757872,1316.37,6,0,Kolkata,Pune,1,tablet,0,1,0.88,0
T10824,M110,2026-08-27T21:00:37.757880,17023.28,21,0,Delhi,Bengaluru,1,tablet,0,1,0.85,0
T10825,M139,2026-08-16T11:57:29.757888,1451.44,11,0,Pune,Pune,0,tablet,0,1,0.97,0
T10826,M115,2026-08-24T03:24:31.757896,10909.18,3,0,Bhubaneswar,Pune,1,mobile,0,3,1.36,0
T10827,M138,2026-08-15T02:59:47.757906,1483.02,2,1,Bengaluru,Kolkata,1,tablet,0,3,2.97,1
T10828,M134,2026-07-26T22:20:42.757915,3403.35,22,1,Mumbai,Ahmedabad,1,tablet,1,1,1.13,1
T10829,M138,2026-08-09T08:51:37.757923,218.47,8,1,Mumbai,Delhi,1,desktop,0,1,0.44,0
T10830,M101,2026-08-28T19:25:28.757931,2473.92,19,0,Delhi,Bhubaneswar,1,tablet,0,1,0.82,0
T10831,M131,2026-08-09T14:43:28.757939,7007.77,14,0,Bhubaneswar,Hyderabad,1,mobile,0,1,14.02,0
T10832,M117,2026-08-19T14:51:07.757948,1133.16,14,0,Bhubaneswar,Bhubaneswar,0,tablet,0,1,0.76,0
T10833,M108,2026-08-04T14:17:03.757956,1499.25,14,0,Hyderabad,Jaipur,1,tablet,0,2,1.0,0
T10834,M134,2026-08-21T19:41:37.757964,2971.78,19,0,Kolkata,Mumbai,1,desktop,1,1,0.99,0
T10835,M133,2026-08-14T15:24:46.757973,4537.66,15,0,Jaipur,Mumbai,1,tablet,0,1,1.51,0
T10836,M128,2026-08-07T08:14:54.757981,25260.56,8,1,Bhubaneswar,Mumbai,1,tablet,0,1,1.26,1
T10837,M115,2026-08-01T13:10:41.757990,8068.24,13,0,Chennai,Delhi,1,tablet,0,1,1.01,0
T10838,M101,2026-08-20T18:08:54.757998,3820.43,18,0,Hyderabad,Delhi,1,desktop,0,1,1.27,0
T10839,M121,2026-08-17T05:15:55.758006,2109.36,5,0,Delhi,Bhubaneswar,1,tablet,0,1,0.11,0
T10840,M107,2026-07-27T03:27:18.758014,940.21,3,1,Delhi,Bengaluru,1,mobile,0,3,1.88,0
T10841,M127,2026-07-26T04:27:04.758024,17157.25,4,0,Mumbai,Jaipur,1,mobile,0,1,0.86,0
T10842,M126,2026-08-03T07:23:42.758032,4392.49,7,1,Ahmedabad,Kolkata,1,desktop,1,2,1.46,1
T10843,M121,2026-08-23T14:10:42.758040,9414.42,14,0,Mumbai,Ahmedabad,1,tablet,0,1,0.47,0
T10844,M138,2026-08-26T14:51:14.758048,821.71,14,0,Bhubaneswar,Bengaluru,1,tablet,0,1,1.64,0
T10845,M139,2026-08-13T13:49:29.758055,1936.1,13,0,Bengaluru,Mumbai,1,mobile,0,1,1.29,0
T10846,M122,2026-08-07T02:21:38.758063,284.06,2,1,Ahmedabad,Chennai,1,tablet,0,1,0.57,0
T10847,M137,2026-08-23T22:02:56.758072,2248.36,22,1,Mumbai,Hyderabad,1,tablet,0,2,0.75,0
T10848,M122,2026-08-01T11:27:56.758080,782.99,11,0,Delhi,Pune,1,mobile,0,1,1.57,0
T10849,M138,2026-08-25T14:31:14.758088,457.93,14,0,Bhubaneswar,Bhubaneswar,0,desktop,0,1,0.92,0
T10850,M129,2026-09-03T12:32:12.758096,514.32,12,0,Mumbai,Hyderabad,1,tablet,0,1,1.03,0
T10851,M121,2026-08-31T04:20:21.758104,17721.85,4,0,Hyderabad,Kolkata,1,mobile,0,2,0.89,0
T10852,M122,2026-07-24T10:46:22.758112,395.62,10,0,Bhubaneswar,Pune,1,mobile,0,5,0.79,0
T10853,M114,2026-09-03T23:20:42.758120,462.65,23,1,Bengaluru,Pune,1,tablet,0,1,0.93,0
T10854,M116,2026-09-05T04:46:58.758127,4821.99,4,1,Delhi,Pune,1,mobile,0,1,1.61,1
T10855,M110,2026-08-17T13:42:50.758137,28964.57,13,0,Bhubaneswar,Kolkata,1,tablet,0,1,1.45,0
T10856,M112,2026-08-01T07:07:29.758145,595.44,7,0,Kolkata,Hyderabad,1,mobile,0,2,0.4,0
T10857,M118,2026-08-30T07:44:11.758156,437.45,7,1,Hyderabad,Mumbai,1,tablet,1,2,0.87,1
T10858,M137,2026-09-03T23:52:18.758164,1070.15,23,1,Bhubaneswar,Delhi,1,mobile,0,1,0.36,0
T10859,M132,2026-08-10T03:51:05.758172,522.28,3,0,Ahmedabad,Bengaluru,1,desktop,0,2,1.04,0
T10860,M131,2026-08-14T23:46:05.758180,476.73,23,1,Bhubaneswar,Mumbai,1,mobile,0,1,0.95,1
T10861,M125,2026-08-02T14:28:48.758189,701.12,14,0,Kolkata,Bhubaneswar,1,mobile,0,4,1.4,0
T10862,M108,2026-08-28T11:30:14.758196,2062.01,11,0,Bhubaneswar,Mumbai,1,desktop,0,1,1.37,0
T10863,M127,2026-08-11T20:15:52.758204,24370.11,20,0,Ahmedabad,Pune,1,desktop,0,1,1.22,0
T10864,M104,2026-08-09T10:10:24.758212,25442.45,10,0,Jaipur,Delhi,1,desktop,0,3,1.27,0
T10865,M102,2026-08-18T11:57:59.758220,1209.18,11,0,Hyderabad,Pune,1,desktop,0,1,0.81,0
T10866,M117,2026-08-01T05:54:52.758228,918.16,5,0,Jaipur,Chennai,1,mobile,0,2,0.61,0
T10867,M125,2026-08-11T16:32:34.758243,50,16,0,Mumbai,Ahmedabad,1,tablet,0,1,0.1,0
T10868,M125,2026-08-03T00:56:53.758252,548.05,0,1,Jaipur,Bhubaneswar,1,tablet,0,2,1.1,0
T10869,M105,2026-08-07T04:33:31.758260,33164.74,4,0,Kolkata,Kolkata,0,mobile,1,1,1.66,0
T10870,M108,2026-08-20T00:38:45.758268,1859.47,0,1,Ahmedabad,Pune,1,desktop,0,1,1.24,0
T10871,M134,2026-08-06T12:54:09.758276,2269.68,12,0,Mumbai,Bhubaneswar,1,mobile,0,3,0.76,0
T10872,M121,2026-08-19T13:47:25.758284,12548.05,13,0,Kolkata,Kolkata,0,mobile,0,4,0.63,0
T10873,M130,2026-07-28T06:22:22.758296,906.04,6,0,Ahmedabad,Chennai,1,mobile,0,1,0.6,0
T10874,M138,2026-08-15T17:04:32.758304,631.34,17,0,Kolkata,Chennai,1,mobile,0,1,1.26,0
T10875,M103,2026-08-09T21:18:39.758312,522.36,21,1,Bengaluru,Pune,1,desktop,1,1,1.04,0
T10876,M126,2026-08-15T05:00:10.758320,2948.7,5,1,Hyderabad,Bengaluru,1,mobile,0,1,0.98,0
T10877,M110,2026-08-21T07:10:20.758330,12066.41,7,1,Chennai,Bhubaneswar,1,mobile,0,1,0.6,0
T10878,M100,2026-07-29T22:02:53.758338,148.33,22,1,Hyderabad,Jaipur,1,desktop,1,3,0.3,1
T10879,M136,2026-07-24T21:20:13.758348,1874.36,21,1,Chennai,Ahmedabad,1,desktop,0,2,1.25,0
T10880,M139,2026-08-31T23:09:54.758356,1637.02,23,1,Bhubaneswar,Kolkata,1,desktop,0,1,1.09,0
T10881,M106,2026-08-11T02:19:13.758364,384.61,2,1,Mumbai,Hyderabad,1,mobile,0,1,0.77,0
T10882,M104,2026-08-25T21:04:48.758371,17465.99,21,0,Kolkata,Jaipur,1,mobile,0,8,0.87,0
T10883,M120,2026-08-11T21:35:47.758380,440.3,21,0,Chennai,Hyderabad,1,tablet,0,1,0.15,0
T10884,M129,2026-08-10T11:52:42.758387,387.91,11,0,Mumbai,Mumbai,0,desktop,1,1,0.78,0
T10885,M129,2026-08-15T12:35:07.758395,667.97,12,0,Delhi,Jaipur,1,tablet,1,1,1.34,0
T10886,M117,2026-09-01T20:17:29.758403,2105.59,20,0,Bengaluru,Chennai,1,mobile,0,1,1.4,0
T10887,M100,2026-08-24T21:00:30.758412,824.21,21,0,Ahmedabad,Pune,1,mobile,0,1,1.65,0
T10888,M113,2026-08-13T10:50:06.758420,14999.83,10,0,Delhi,Kolkata,1,tablet,0,1,0.75,0
T10889,M124,2026-08-29T05:33:10.758428,140.49,5,0,Hyderabad,Pune,1,mobile,0,1,0.28,0
T10890,M100,2026-08-08T08:34:09.758436,629.45,8,1,Delhi,Bengaluru,1,tablet,0,1,1.26,0
T10891,M120,2026-08-07T15:44:56.758444,1363.55,15,0,Hyderabad,Bhubaneswar,1,mobile,0,4,0.45,0
T10892,M114,2026-08-02T08:52:18.758454,5678.82,8,1,Mumbai,Kolkata,1,mobile,0,1,11.36,1
T10893,M139,2026-08-09T21:41:34.758462,20044.68,21,1,Kolkata,Chennai,1,tablet,1,1,13.36,1
T10894,M136,2026-07-31T07:33:51.758471,1496.74,7,1,Kolkata,Bengaluru,1,desktop,0,1,1.0,0
T10895,M130,2026-07-26T06:27:32.758480,1767.69,6,0,Bhubaneswar,Bhubaneswar,0,desktop,0,1,1.18,0
T10896,M137,2026-08-26T04:45:08.758488,3870.88,4,1,Delhi,Chennai,1,mobile,0,2,1.29,0
T10897,M103,2026-07-29T16:03:49.758498,489.38,16,0,Chennai,Hyderabad,1,mobile,0,1,0.98,0
T10898,M138,2026-08-13T12:46:42.758506,487.96,12,0,Mumbai,Jaipur,1,desktop,0,1,0.98,0
T10899,M121,2026-08-08T15:06:27.758514,12874.07,15,0,Jaipur,Mumbai,1,tablet,0,5,0.64,0
T10900,M114,2026-08-21T12:14:41.758522,669.21,12,0,Mumbai,Delhi,1,desktop,0,1,1.34,0
T10901,M109,2026-08-01T21:44:00.758530,13033.63,21,0,Bengaluru,Bhubaneswar,1,tablet,1,2,0.65,0
T10902,M105,2026-08-12T16:24:19.758538,18918.35,16,0,Hyderabad,Kolkata,1,mobile,0,1,0.95,0
T10903,M112,2026-08-05T04:32:26.758546,988.03,4,0,Ahmedabad,Delhi,1,desktop,0,1,0.66,0
T10904,M132,2026-08-21T13:47:44.758554,468.03,13,0,Ahmedabad,Mumbai,1,desktop,0,1,0.94,0
T10905,M119,2026-08-20T21:14:19.758562,2615.44,21,0,Jaipur,Bengaluru,1,desktop,0,1,0.33,0
T10906,M135,2026-08-21T09:52:14.758570,1927.39,9,0,Hyderabad,Bengaluru,1,mobile,1,1,0.64,0
T10907,M123,2026-08-15T20:23:06.758580,8345.93,20,1,Kolkata,Kolkata,0,tablet,0,1,1.04,0
T10908,M137,2026-07-26T10:47:38.758588,2716.25,10,0,Kolkata,Bhubaneswar,1,mobile,0,1,0.91,0
T10909,M122,2026-08-16T17:32:12.758596,530.52,17,0,Pune,Mumbai,1,tablet,0,1,1.06,0
T10910,M130,2026-07-24T16:00:15.758604,2000.47,16,0,Mumbai,Bengaluru,1,desktop,1,1,1.33,0
T10911,M115,2026-08-21T05:21:17.758612,6564.51,5,0,Bengaluru,Mumbai,1,mobile,0,2,0.82,0
T10912,M125,2026-08-26T06:25:51.758620,131.38,6,1,Hyderabad,Kolkata,1,mobile,0,2,0.26,0
T10913,M134,2026-08-23T22:59:30.758628,1670.13,22,1,Bhubaneswar,Chennai,1,tablet,1,1,0.56,1
T10914,M105,2026-07-28T07:06:48.758636,10916.35,7,0,Bengaluru,Chennai,1,tablet,0,1,0.55,0
T10915,M100,2026-07-31T03:59:55.758644,238.53,3,1,Mumbai,Delhi,1,mobile,0,2,0.48,0
T10916,M118,2026-08-27T13:51:21.758651,386.94,13,0,Bengaluru,Hyderabad,1,desktop,1,1,0.77,0
T10917,M113,2026-08-01T00:05:02.758661,22095.18,0,0,Bengaluru,Hyderabad,1,desktop,1,5,1.1,0
T10918,M139,2026-07-28T07:01:18.758669,1744.85,7,1,Kolkata,Delhi,1,desktop,0,1,1.16,0
T10919,M131,2026-08-24T15:40:26.758679,411.27,15,0,Mumbai,Mumbai,0,desktop,0,2,0.82,0
T10920,M102,2026-07-27T16:37:44.758687,1757.42,16,0,Jaipur,Chennai,1,desktop,0,1,1.17,0
T10921,M123,2026-08-25T02:13:28.758695,13500.19,2,1,Pune,Hyderabad,1,desktop,0,1,1.69,0
T10922,M122,2026-09-03T09:00:32.758702,455.6,9,1,Kolkata,Bengaluru,1,mobile,1,1,0.91,1
T10923,M115,2026-08-09T21:03:06.758711,9287.31,21,0,Ahmedabad,Jaipur,1,desktop,0,1,1.16,0
T10924,M120,2026-07-23T19:10:32.758719,1372.48,19,0,Pune,Ahmedabad,1,mobile,0,1,0.46,0
T10925,M105,2026-08-08T21:38:18.758727,7881.86,21,0,Ahmedabad,Delhi,1,tablet,0,1,0.39,0
T10926,M133,2026-09-03T12:41:11.758735,871.42,12,0,Bengaluru,Ahmedabad,1,mobile,0,1,0.29,0
T10927,M129,2026-07-31T03:35:44.758745,327.88,3,1,Delhi,Ahmedabad,1,tablet,0,1,0.66,0
T10928,M105,2026-07-28T02:40:51.758753,8357.72,2,0,Pune,Kolkata,1,desktop,0,1,0.42,0
T10929,M107,2026-08-24T07:08:10.758761,626.18,7,1,Jaipur,Ahmedabad,1,mobile,0,2,1.25,0
T10930,M136,2026-08-29T04:38:51.758769,1694.76,4,1,Kolkata,Jaipur,1,desktop,0,2,1.13,0
T10931,M105,2026-07-28T09:34:12.758777,18653.12,9,0,Bhubaneswar,Hyderabad,1,tablet,0,4,0.93,0
T10932,M120,2026-08-10T10:45:33.758785,2938.41,10,0,Jaipur,Hyderabad,1,desktop,0,5,0.98,0
T10933,M108,2026-08-17T05:21:15.758793,1483.84,5,1,Bhubaneswar,Hyderabad,1,mobile,0,1,0.99,0
T10934,M109,2026-08-31T14:40:52.758801,34272.56,14,0,Ahmedabad,Bengaluru,1,tablet,0,1,1.71,0
T10935,M102,2026-08-21T01:32:46.758809,1098.51,1,1,Jaipur,Delhi,1,desktop,0,8,0.73,1
T10936,M113,2026-08-16T00:32:47.758817,14625.48,0,0,Pune,Bengaluru,1,tablet,0,1,0.73,0
T10937,M103,2026-09-05T19:21:24.758826,1003.62,19,1,Bengaluru,Ahmedabad,1,tablet,1,1,2.01,1
T10938,M110,2026-07-24T00:55:33.758834,13068.42,0,1,Pune,Kolkata,1,desktop,0,1,0.65,0
T10939,M112,2026-08-26T00:39:02.758842,1338.48,0,0,Kolkata,Delhi,1,mobile,0,1,0.89,0
T10940,M103,2026-09-02T05:54:00.758850,656.11,5,1,Bhubaneswar,Bengaluru,1,desktop,0,1,1.31,0
T10941,M113,2026-08-31T00:56:43.758858,17278.01,0,0,Mumbai,Pune,1,tablet,0,3,0.86,0
T10942,M109,2026-08-10T06:31:09.758867,28037.39,6,1,Mumbai,Delhi,1,desktop,0,5,1.4,0
T10943,M132,2026-08-23T13:13:07.758877,435.27,13,0,Kolkata,Bengaluru,1,tablet,0,2,0.87,0
T10944,M125,2026-08-15T17:05:25.758887,412.46,17,0,Kolkata,Delhi,1,desktop,0,3,0.82,0
T10945,M128,2026-08-09T19:45:44.758897,122251.44,19,0,Delhi,Ahmedabad,1,tablet,0,1,6.11,0
T10946,M136,2026-08-19T18:57:46.758907,584.63,18,0,Bhubaneswar,Bengaluru,1,desktop,0,1,0.39,0
T10947,M136,2026-07-29T01:42:39.758917,1618.57,1,1,Delhi,Jaipur,1,mobile,0,1,1.08,0
T10948,M134,2026-08-30T00:36:50.758926,3529.35,0,1,Bhubaneswar,Jaipur,1,tablet,0,2,1.18,1
T10949,M113,2026-08-23T23:06:14.758934,11434.11,23,0,Bengaluru,Bhubaneswar,1,tablet,0,1,0.57,0
T10950,M107,2026-07-24T21:24:18.758942,593.78,21,0,Jaipur,Chennai,1,mobile,0,1,1.19,0
T10951,M134,2026-07-31T07:43:55.758951,3590.36,7,1,Mumbai,Hyderabad,1,desktop,1,1,1.2,1
T10952,M118,2026-08-23T23:46:27.758959,392.73,23,1,Pune,Jaipur,1,desktop,0,1,0.79,0
T10953,M102,2026-08-03T12:02:30.758967,6113.13,12,0,Hyderabad,Bengaluru,1,tablet,0,1,4.08,0
T10954,M139,2026-08-12T11:28:59.758976,1911.01,11,0,Bengaluru,Kolkata,1,desktop,0,1,1.27,0
T10955,M109,2026-08-18T00:10:25.758984,22764.52,0,1,Chennai,Hyderabad,1,tablet,0,1,1.14,0
T10956,M138,2026-07-30T22:55:26.758993,398.93,22,1,Kolkata,Kolkata,0,mobile,0,4,0.8,0
T10957,M134,2026-07-28T07:56:52.759002,3334.93,7,1,Kolkata,Delhi,1,desktop,0,1,1.11,0
T10958,M117,2026-07-30T02:17:10.759010,11456.02,2,0,Hyderabad,Kolkata,1,mobile,0,2,7.64,0
T10959,M119,2026-08-20T13:49:59.759019,6320.02,13,0,Ahmedabad,Delhi,1,tablet,0,1,0.79,0
T10960,M117,2026-08-21T11:33:01.759027,1652.84,11,0,Kolkata,Bengaluru,1,desktop,0,2,1.1,0
T10961,M135,2026-08-20T20:34:44.759035,3219.36,20,0,Kolkata,Ahmedabad,1,tablet,0,1,1.07,0
T10962,M109,2026-08-23T21:54:58.759043,25472.36,21,0,Mumbai,Pune,1,tablet,0,2,1.27,0
T10963,M129,2026-07-31T21:07:56.759051,639.18,21,0,Pune,Ahmedabad,1,tablet,1,1,1.28,0
T10964,M114,2026-08-06T19:22:08.759059,443.84,19,0,Pune,Delhi,1,tablet,0,1,0.89,0
T10965,M110,2026-08-19T22:05:33.759068,17431.56,22,1,Chennai,Jaipur,1,desktop,0,2,0.87,1
T10966,M132,2026-08-27T11:14:26.759076,653.65,11,0,Jaipur,Delhi,1,desktop,0,1,1.31,0
T10967,M100,2026-08-26T15:51:24.759086,677.46,15,0,Jaipur,Pune,1,mobile,0,8,1.35,1
T10968,M133,2026-08-25T04:48:31.759094,1730.39,4,0,Jaipur,Hyderabad,1,mobile,0,1,0.58,0
T10969,M103,2026-08-12T12:18:25.759102,326.75,12,0,Bengaluru,Pune,1,mobile,0,1,0.65,0
T10970,M107,2026-08-06T01:44:59.759110,449.3,1,1,Bhubaneswar,Kolkata,1,mobile,1,3,0.9,1
T10971,M132,2026-09-01T01:50:31.759118,658.84,1,0,Ahmedabad,Bhubaneswar,1,desktop,0,1,1.32,0
T10972,M119,2026-08-09T04:06:53.759126,10320.84,4,1,Kolkata,Pune,1,mobile,0,1,1.29,0
T10973,M132,2026-09-04T14:38:23.759134,615.71,14,0,Delhi,Ahmedabad,1,mobile,0,1,1.23,0
T10974,M125,2026-08-10T03:54:07.759142,435.54,3,1,Chennai,Delhi,1,desktop,0,1,0.87,0
T10975,M127,2026-07-23T06:34:09.759150,28058.04,6,0,Hyderabad,Delhi,1,mobile,0,1,1.4,0
T10976,M121,2026-09-04T17:32:18.759158,31618.03,17,0,Chennai,Delhi,1,desktop,0,1,1.58,0
T10977,M108,2026-08-07T18:19:17.759167,1675.35,18,0,Kolkata,Jaipur,1,tablet,0,3,1.12,0
T10978,M107,2026-07-28T05:29:19.759175,527.54,5,1,Mumbai,Hyderabad,1,mobile,0,1,1.06,1
T10979,M100,2026-08-13T01:49:45.759183,399.87,1,1,Chennai,Ahmedabad,1,mobile,0,2,0.8,0
T10980,M132,2026-08-01T01:30:28.759191,501.14,1,0,Hyderabad,Kolkata,1,mobile,0,1,1.0,0
T10981,M132,2026-08-21T15:47:01.759199,841.24,15,0,Bhubaneswar,Bengaluru,1,mobile,0,1,1.68,0
T10982,M112,2026-07-30T02:08:45.759207,756.81,2,0,Mumbai,Kolkata,1,desktop,0,1,0.5,0
T10983,M114,2026-08-08T07:28:32.759217,623.68,7,1,Mumbai,Jaipur,1,desktop,0,1,1.25,0
T10984,M117,2026-08-09T00:46:23.759225,1391.98,0,0,Bengaluru,Mumbai,1,mobile,0,1,0.93,0
T10985,M130,2026-08-05T14:12:33.759233,1061.19,14,0,Delhi,Kolkata,1,mobile,0,1,0.71,0
T10986,M107,2026-07-27T16:40:54.759240,352.2,16,0,Bengaluru,Pune,1,desktop,0,2,0.7,0
T10987,M133,2026-08-21T08:20:33.759250,1411.93,8,0,Chennai,Hyderabad,1,tablet,1,1,0.47,0
T10988,M138,2026-07-28T20:01:22.759258,1008.16,20,1,Hyderabad,Hyderabad,0,tablet,0,1,2.02,0
T10989,M139,2026-08-08T15:18:18.759266,1902.05,15,0,Ahmedabad,Hyderabad,1,tablet,0,2,1.27,0
T10990,M135,2026-08-26T12:52:39.759274,2961.01,12,0,Jaipur,Pune,1,desktop,0,1,0.99,0
T10991,M104,2026-08-15T10:19:36.759282,36378.15,10,0,Jaipur,Mumbai,1,mobile,0,1,1.82,0
T10992,M102,2026-08-19T11:26:29.759290,2992.41,11,0,Kolkata,Ahmedabad,1,tablet,0,1,1.99,0
T10993,M128,2026-08-28T10:27:40.759298,27993.45,10,0,Jaipur,Kolkata,1,desktop,0,1,1.4,0
T10994,M136,2026-08-02T13:33:51.759308,1432.98,13,0,Jaipur,Ahmedabad,1,tablet,0,2,0.96,0
T10995,M114,2026-08-06T09:05:19.759316,485.4,9,0,Jaipur,Delhi,1,mobile,0,1,0.97,0
T10996,M109,2026-09-03T21:16:17.759324,19258.46,21,0,Mumbai,Hyderabad,1,mobile,0,1,0.96,0
T10997,M138,2026-08-09T21:50:40.759334,605.22,21,1,Jaipur,Chennai,1,tablet,1,1,1.21,1
T10998,M103,2026-08-22T09:05:26.759342,650.02,9,1,Chennai,Bengaluru,1,desktop,0,5,1.3,1
T10999,M137,2026-07-28T03:48:53.759350,952.56,3,1,Kolkata,Chennai,1,tablet,0,1,0.32,0
T11000,M114,2026-08-07T17:35:37.759358,468.89,17,0,Kolkata,Bengaluru,1,desktop,0,1,0.94,0
T11001,M130,2026-07-27T12:57:28.759367,2286.61,12,0,Ahmedabad,Bengaluru,1,mobile,0,1,1.52,0
T11002,M118,2026-07-24T00:19:18.759375,346.41,0,1,Bhubaneswar,Hyderabad,1,mobile,0,1,0.69,0
T11003,M125,2026-07-27T20:34:51.759383,886.8,20,1,Bengaluru,Mumbai,1,tablet,0,1,1.77,0
T11004,M100,2026-08-29T01:16:43.759391,726.4,1,1,Delhi,Chennai,1,mobile,0,4,1.45,1
T11005,M100,2026-08-30T10:09:05.759399,91.32,10,0,Pune,Delhi,1,mobile,0,1,0.18,0
T11006,M110,2026-08-06T21:55:46.759407,17722.35,21,0,Chennai,Jaipur,1,mobile,0,1,0.89,0
T11007,M106,2026-08-16T19:47:24.759418,600.92,19,0,Kolkata,Bengaluru,1,mobile,0,3,1.2,0
T11008,M109,2026-08-09T03:26:09.759426,16793.09,3,1,Kolkata,Delhi,1,desktop,0,1,0.84,0
T11009,M118,2026-08-09T08:05:37.759434,381.45,8,1,Pune,Delhi,1,desktop,1,3,0.76,1
T11010,M138,2026-07-30T07:50:51.759442,607.41,7,1,Kolkata,Bengaluru,1,tablet,0,1,1.21,0
T11011,M106,2026-08-05T03:38:47.759450,721.24,3,1,Pune,Chennai,1,tablet,0,2,1.44,1
T11012,M109,2026-08-29T17:59:02.759458,16080.13,17,0,Ahmedabad,Delhi,1,mobile,1,1,0.8,0
T11013,M105,2026-08-07T16:11:04.759466,14164.97,16,0,Bengaluru,Kolkata,1,desktop,0,1,0.71,0
T11014,M126,2026-08-21T04:52:53.759475,3291.77,4,1,Hyderabad,Kolkata,1,desktop,0,1,1.1,0
T11015,M134,2026-08-31T20:48:18.759483,1959.24,20,0,Delhi,Bhubaneswar,1,tablet,0,1,0.65,0
T11016,M114,2026-08-26T02:57:47.759491,661.75,2,1,Mumbai,Pune,1,tablet,0,1,1.32,0
T11017,M122,2026-08-09T12:13:50.759501,598.77,12,0,Bengaluru,Chennai,1,desktop,1,1,1.2,1
T11018,M126,2026-08-03T18:19:47.759509,3209.01,18,0,Delhi,Bengaluru,1,desktop,0,2,1.07,0
T11019,M103,2026-08-26T00:59:32.759517,638.33,0,1,Bhubaneswar,Delhi,1,desktop,1,2,1.28,0
T11020,M123,2026-07-29T20:24:00.759525,9126.93,20,1,Kolkata,Bengaluru,1,mobile,0,1,1.14,0
T11021,M119,2026-08-14T19:36:16.759533,8610.29,19,0,Pune,Ahmedabad,1,tablet,0,1,1.08,0
T11022,M102,2026-08-21T07:42:47.759541,15794.18,7,1,Ahmedabad,Jaipur,1,tablet,1,2,10.53,1
T11023,M114,2026-08-12T13:24:41.759550,263.4,13,0,Chennai,Delhi,1,tablet,1,1,0.53,0
T11024,M125,2026-08-22T01:02:17.759558,687.38,1,1,Jaipur,Bhubaneswar,1,mobile,0,2,1.37,0
T11025,M125,2026-09-01T03:37:13.759567,568.79,3,1,Mumbai,Pune,1,tablet,0,1,1.14,0
T11026,M123,2026-08-21T06:34:02.759575,8520.61,6,1,Bengaluru,Jaipur,1,mobile,0,1,1.07,0
T11027,M119,2026-08-01T02:32:14.759584,5154.18,2,1,Mumbai,Hyderabad,1,desktop,0,1,0.64,0
T11028,M130,2026-07-25T05:01:18.759594,1753.42,5,0,Pune,Chennai,1,desktop,0,1,1.17,0
T11029,M122,2026-07-29T06:41:53.759603,526.31,6,1,Delhi,Pune,1,desktop,0,3,1.05,0
T11030,M109,2026-07-24T03:23:43.759611,13298.27,3,1,Mumbai,Chennai,1,mobile,0,1,0.66,0
T11031,M105,2026-08-26T20:52:11.759619,15911.95,20,0,Hyderabad,Bengaluru,1,tablet,1,1,0.8,0
T11032,M138,2026-08-23T14:43:48.759628,161.46,14,0,Bengaluru,Pune,1,desktop,1,1,0.32,0
T11033,M124,2026-08-03T14:23:02.759636,450.11,14,0,Bhubaneswar,Bhubaneswar,0,mobile,0,4,0.9,0
T11034,M106,2026-08-31T01:22:27.759644,839.53,1,1,Delhi,Ahmedabad,1,mobile,0,1,1.68,0
T11035,M104,2026-08-05T14:09:37.759652,21278.79,14,0,Pune,Delhi,1,mobile,0,1,1.06,0
T11036,M130,2026-08-04T10:05:32.759661,1553.48,10,0,Delhi,Bhubaneswar,1,desktop,1,1,1.04,0
T11037,M139,2026-09-05T12:20:44.759670,854.06,12,0,Ahmedabad,Pune,1,tablet,1,2,0.57,0
T11038,M126,2026-08-16T13:15:56.759678,661.27,13,0,Mumbai,Bhubaneswar,1,tablet,0,1,0.22,0
T11039,M135,2026-07-23T09:03:15.759686,3758.4,9,0,Delhi,Chennai,1,desktop,0,1,1.25,0
T11040,M124,2026-09-03T10:16:08.759694,413.86,10,0,Jaipur,Ahmedabad,1,mobile,0,1,0.83,0
T11041,M125,2026-08-29T06:50:14.759702,520.81,6,1,Kolkata,Pune,1,mobile,1,1,1.04,1
T11042,M130,2026-07-28T12:59:59.759710,1470.27,12,0,Ahmedabad,Bengaluru,1,tablet,0,1,0.98,0
T11043,M124,2026-07-26T00:30:05.759718,555.0,0,0,Pune,Kolkata,1,desktop,0,1,1.11,0
T11044,M127,2026-08-05T02:11:45.759726,19935.2,2,0,Chennai,Kolkata,1,mobile,0,1,1.0,0
T11045,M133,2026-08-02T09:15:01.759736,3746.86,9,0,Chennai,Bengaluru,1,mobile,1,1,1.25,0
T11046,M119,2026-07-30T23:29:42.759744,10422.87,23,1,Jaipur,Bengaluru,1,tablet,1,1,1.3,1
T11047,M100,2026-08-19T05:18:20.759755,952.52,5,1,Bhubaneswar,Hyderabad,1,mobile,0,2,1.91,0
T11048,M120,2026-07-23T16:19:43.759764,3778.01,16,0,Pune,Delhi,1,tablet,0,1,1.26,0
T11049,M128,2026-09-01T09:44:43.759773,27186.93,9,0,Ahmedabad,Bhubaneswar,1,mobile,0,1,1.36,0
T11050,M134,2026-08-29T14:01:23.759782,3587.85,14,0,Hyderabad,Bhubaneswar,1,mobile,0,1,1.2,0
T11051,M119,2026-08-16T08:46:17.759790,10693.0,8,1,Delhi,Ahmedabad,1,tablet,0,8,1.34,1
T11052,M134,2026-08-12T15:57:00.759799,979.13,15,0,Bengaluru,Ahmedabad,1,desktop,0,1,0.33,0
T11053,M127,2026-08-10T12:21:12.759807,18024.7,12,0,Kolkata,Chennai,1,tablet,1,1,0.9,0
T11054,M105,2026-08-31T02:47:16.759815,248431.39,2,0,Delhi,Ahmedabad,1,tablet,1,2,12.42,0
T11055,M128,2026-08-16T10:15:31.759824,17040.79,10,0,Mumbai,Chennai,1,desktop,0,1,0.85,0
T11056,M107,2026-08-01T11:38:39.759832,803.86,11,0,Ahmedabad,Kolkata,1,tablet,0,2,1.61,0
T11057,M123,2026-08-29T23:07:28.759842,1840.23,23,1,Chennai,Chennai,0,tablet,0,1,0.23,0
T11058,M126,2026-08-24T16:15:08.759850,3136.64,16,0,Mumbai,Mumbai,0,mobile,0,2,1.05,0
T11059,M138,2026-08-07T09:40:49.759858,928.76,9,1,Bhubaneswar,Kolkata,1,mobile,0,1,1.86,0
T11060,M125,2026-09-01T05:07:50.759866,939.53,5,1,Kolkata,Bengaluru,1,desktop,0,3,1.88,0
T11061,M106,2026-08-26T11:02:20.759874,647.66,11,0,Jaipur,Delhi,1,tablet,0,1,1.3,0
T11062,M116,2026-09-01T15:22:09.759882,235.42,15,0,Delhi,Mumbai,1,desktop,0,1,0.08,0
T11063,M139,2026-08-26T08:11:08.759890,1022.8,8,1,Delhi,Bhubaneswar,1,desktop,0,1,0.68,1
T11064,M122,2026-08-01T01:09:09.759898,527.57,1,1,Jaipur,Hyderabad,1,tablet,0,2,1.06,1
T11065,M103,2026-08-05T08:09:26.759906,926.37,8,1,Bengaluru,Mumbai,1,tablet,1,5,1.85,1
T11066,M138,2026-07-28T22:44:15.759914,627.45,22,1,Delhi,Delhi,0,desktop,1,2,1.25,0
T11067,M106,2026-08-15T19:53:58.759923,601.55,19,0,Kolkata,Delhi,1,desktop,0,4,1.2,0
T11068,M124,2026-09-04T04:23:28.759931,329.94,4,0,Bengaluru,Chennai,1,mobile,0,3,0.66,0
T11069,M102,2026-07-28T16:21:22.759939,2708.3,16,0,Pune,Ahmedabad,1,tablet,0,1,1.81,0
T11070,M116,2026-09-05T23:20:51.759947,4182.81,23,1,Jaipur,Jaipur,0,mobile,0,1,1.39,0
T11071,M101,2026-08-07T21:24:41.759957,4133.23,21,0,Delhi,Bengaluru,1,desktop,0,1,1.38,0
T11072,M135,2026-08-23T15:20:49.759966,2454.52,15,0,Jaipur,Kolkata,1,mobile,0,1,0.82,0
T11073,M117,2026-08-11T01:28:31.759975,2453.96,1,0,Bhubaneswar,Chennai,1,mobile,1,2,1.64,0
T11074,M128,2026-08-12T13:29:23.759983,14761.6,13,0,Delhi,Bhubaneswar,1,desktop,0,1,0.74,0
T11075,M104,2026-08-13T19:23:34.759991,16375.64,19,0,Mumbai,Jaipur,1,desktop,0,1,0.82,0
T11076,M133,2026-08-09T02:12:17.759999,2524.63,2,0,Kolkata,Bengaluru,1,desktop,0,1,0.84,0
T11077,M109,2026-08-29T20:00:01.760009,22354.44,20,0,Mumbai,Pune,1,tablet,0,1,1.12,0
T11078,M120,2026-09-04T14:54:45.760017,3048.34,14,0,Hyderabad,Jaipur,1,mobile,0,1,1.02,0
T11079,M104,2026-08-19T20:29:54.760025,22944.16,20,0,Kolkata,Kolkata,0,desktop,0,2,1.15,0
T11080,M131,2026-08-16T04:46:13.760041,653.32,4,1,Ahmedabad,Bengaluru,1,tablet,0,1,1.31,0
T11081,M118,2026-07-23T20:34:50.760050,546.42,20,0,Bhubaneswar,Mumbai,1,desktop,0,1,1.09,0
T11082,M134,2026-09-05T13:23:15.760058,13934.05,13,0,Kolkata,Chennai,1,desktop,0,1,4.64,0
T11083,M120,2026-08-15T23:08:25.760068,2812.72,23,0,Kolkata,Chennai,1,tablet,0,5,0.94,0
T11084,M107,2026-09-01T22:03:15.760076,1046.85,22,1,Mumbai,Bengaluru,1,mobile,1,8,2.09,1
T11085,M114,2026-07-31T06:05:14.760085,697.54,6,1,Pune,Jaipur,1,mobile,1,4,1.4,1
T11086,M102,2026-07-28T08:53:43.760093,1988.04,8,1,Bhubaneswar,Kolkata,1,desktop,1,1,1.33,1
T11087,M107,2026-07-29T02:56:13.760103,550.61,2,1,Bengaluru,Bhubaneswar,1,desktop,0,1,1.1,0
T11088,M115,2026-08-20T01:05:04.760112,4321.6,1,0,Ahmedabad,Hyderabad,1,mobile,0,1,0.54,0
T11089,M135,2026-09-01T13:16:37.760120,3192.54,13,0,Hyderabad,Delhi,1,mobile,0,5,1.06,0
T11090,M113,2026-08-14T17:14:05.760129,22153.99,17,0,Hyderabad,Bhubaneswar,1,tablet,0,1,1.11,0
T11091,M129,2026-08-23T19:16:02.760137,382.73,19,0,Jaipur,Delhi,1,mobile,0,1,0.77,0
T11092,M139,2026-08-16T22:01:44.760145,1676.49,22,1,Kolkata,Bengaluru,1,tablet,1,1,1.12,1
T11093,M109,2026-08-14T08:51:01.760154,27739.0,8,1,Delhi,Hyderabad,1,mobile,0,3,1.39,0
T11094,M133,2026-08-13T23:09:53.760164,2640.05,23,0,Pune,Kolkata,1,mobile,0,1,0.88,0
T11095,M103,2026-08-13T09:59:56.760174,580.47,9,1,Delhi,Mumbai,1,tablet,1,1,1.16,0
T11096,M112,2026-08-11T12:58:13.760183,1714.44,12,0,Jaipur,Kolkata,1,mobile,0,1,1.14,0
T11097,M114,2026-07-28T14:00:13.760193,643.94,14,0,Mumbai,Bhubaneswar,1,desktop,0,1,1.29,0
T11098,M139,2026-08-25T22:47:27.760200,1372.47,22,1,Chennai,Ahmedabad,1,mobile,0,1,0.91,0
T11099,M138,2026-08-05T23:19:09.760209,305.1,23,1,Delhi,Bengaluru,1,tablet,0,3,0.61,1
T11100,M115,2026-07-31T06:08:07.760216,7517.0,6,0,Ahmedabad,Bengaluru,1,mobile,0,1,0.94,0
T11101,M116,2026-09-03T18:32:21.760225,3417.74,18,0,Mumbai,Bhubaneswar,1,desktop,0,4,1.14,0
T11102,M115,2026-08-14T22:22:54.760233,12572.75,22,0,Chennai,Hyderabad,1,tablet,0,1,1.57,0
T11103,M106,2026-08-06T18:41:14.760241,734.58,18,0,Pune,Ahmedabad,1,desktop,1,2,1.47,0
T11104,M131,2026-08-04T07:11:30.760249,478.25,7,1,Pune,Jaipur,1,tablet,1,3,0.96,1
T11105,M107,2026-08-05T02:17:59.760257,524.89,2,1,Mumbai,Bengaluru,1,desktop,0,3,1.05,0
T11106,M131,2026-07-24T11:48:23.760265,511.63,11,0,Pune,Hyderabad,1,tablet,1,1,1.02,0
T11107,M106,2026-08-05T06:56:40.760275,828.55,6,1,Jaipur,Ahmedabad,1,tablet,1,1,1.66,1
T11108,M121,2026-08-10T23:22:42.760284,3662.82,23,0,Hyderabad,Mumbai,1,tablet,0,1,0.18,0
T11109,M127,2026-08-30T14:25:47.760292,9754.4,14,0,Pune,Chennai,1,mobile,0,4,0.49,0
T11110,M129,2026-08-25T01:07:58.760302,806.01,1,1,Bengaluru,Chennai,1,desktop,0,1,1.61,0
T11111,M102,2026-08-02T13:00:08.760310,2767.36,13,0,Bhubaneswar,Delhi,1,mobile,0,1,1.84,0
T11112,M100,2026-07-25T09:56:24.760319,498.33,9,0,Jaipur,Jaipur,0,mobile,0,4,1.0,0
T11113,M112,2026-08-12T23:10:32.760327,2057.12,23,0,Delhi,Chennai,1,mobile,1,1,1.37,0
T11114,M124,2026-08-12T12:07:18.760335,151.01,12,0,Chennai,Bhubaneswar,1,desktop,0,1,0.3,0
T11115,M137,2026-07-29T17:57:07.760343,4539.24,17,0,Hyderabad,Chennai,1,mobile,0,1,1.51,0
T11116,M119,2026-08-19T12:00:45.760351,11191.92,12,0,Kolkata,Delhi,1,mobile,0,1,1.4,0
T11117,M122,2026-08-14T17:30:03.760361,401.67,17,0,Ahmedabad,Kolkata,1,desktop,1,1,0.8,0
T11118,M126,2026-07-27T06:49:38.760368,3061.01,6,1,Hyderabad,Bhubaneswar,1,tablet,0,1,1.02,1
T11119,M118,2026-07-25T14:10:26.760376,223.77,14,0,Kolkata,Bengaluru,1,desktop,0,1,0.45,0
T11120,M133,2026-08-14T07:59:45.760384,3268.3,7,0,Delhi,Pune,1,tablet,0,1,1.09,0
T11121,M121,2026-09-02T22:47:56.760392,17149.85,22,0,Bhubaneswar,Jaipur,1,tablet,0,2,0.86,0
T11122,M135,2026-08-27T22:27:23.760400,3636.2,22,0,Bengaluru,Chennai,1,tablet,1,1,1.21,0
T11123,M131,2026-08-22T06:25:16.760408,477.89,6,1,Delhi,Delhi,0,mobile,1,1,0.96,0
T11124,M115,2026-08-01T21:49:09.760415,8568.81,21,0,Kolkata,Mumbai,1,mobile,0,1,1.07,0
T11125,M115,2026-09-01T20:28:32.760423,8433.3,20,0,Chennai,Bhubaneswar,1,tablet,0,1,1.05,0
T11126,M109,2026-08-22T21:01:24.760431,24381.4,21,0,Hyderabad,Bengaluru,1,tablet,0,2,1.22,0
T11127,M118,2026-08-06T01:01:57.760441,515.0,1,1,Bhubaneswar,Ahmedabad,1,desktop,0,1,1.03,0
T11128,M106,2026-08-14T12:21:24.760449,2259.89,12,0,Bhubaneswar,Kolkata,1,mobile,0,1,4.52,0
T11129,M139,2026-08-13T13:39:21.760458,20258.9,13,0,Bengaluru,Ahmedabad,1,tablet,0,1,13.51,0
T11130,M132,2026-09-02T12:55:31.760466,588.4,12,0,Jaipur,Kolkata,1,tablet,0,1,1.18,0
T11131,M136,2026-08-08T11:06:09.760475,1183.6,11,0,Bengaluru,Chennai,1,tablet,0,1,0.79,0
T11132,M130,2026-08-10T06:28:50.760483,2296.18,6,0,Jaipur,Jaipur,0,desktop,0,1,1.53,0
T11133,M122,2026-08-20T08:47:02.760491,436.38,8,1,Kolkata,Delhi,1,mobile,0,1,0.87,0
T11134,M106,2026-08-16T05:40:57.760500,708.37,5,1,Hyderabad,Delhi,1,mobile,0,2,1.42,1
T11135,M104,2026-07-25T23:56:59.760509,16345.52,23,1,Delhi,Mumbai,1,tablet,0,1,0.82,0
T11136,M101,2026-09-05T19:48:53.760517,3263.02,19,0,Bengaluru,Bhubaneswar,1,tablet,0,1,1.09,0
T11137,M118,2026-08-02T22:31:21.760526,584.8,22,1,Bengaluru,Kolkata,1,tablet,0,2,1.17,0
T11138,M106,2026-08-01T20:56:27.760535,6058.35,20,0,Bhubaneswar,Jaipur,1,mobile,0,1,12.12,1
T11139,M133,2026-08-16T01:53:10.760544,3136.94,1,0,Hyderabad,Bhubaneswar,1,desktop,0,1,1.05,0
T11140,M108,2026-08-30T21:43:36.760552,2078.13,21,1,Delhi,Bhubaneswar,1,mobile,0,1,1.39,0
T11141,M131,2026-08-03T04:26:15.760560,586.51,4,1,Jaipur,Pune,1,mobile,1,1,1.17,1
T11142,M116,2026-08-10T22:40:47.760569,2869.72,22,1,Chennai,Delhi,1,tablet,1,1,0.96,1
T11143,M132,2026-08-07T03:35:06.760577,428.18,3,0,Mumbai,Jaipur,1,tablet,0,3,0.86,0
T11144,M116,2026-08-23T16:52:13.760585,4070.75,16,0,Pune,Mumbai,1,mobile,0,1,1.36,0
T11145,M103,2026-08-03T10:18:50.760594,534.02,10,0,Bhubaneswar,Bhubaneswar,0,tablet,0,2,1.07,0
T11146,M104,2026-08-12T04:45:17.760602,11014.06,4,1,Jaipur,Ahmedabad,1,mobile,0,1,0.55,0
T11147,M132,2026-08-02T22:13:46.760612,340.74,22,0,Kolkata,Ahmedabad,1,desktop,1,2,0.68,0
T11148,M103,2026-07-24T06:30:15.760622,554.0,6,1,Kolkata,Mumbai,1,tablet,0,1,1.11,0
T11149,M108,2026-08-12T20:27:30.760632,416.18,20,1,Jaipur,Bengaluru,1,mobile,1,1,0.28,1
T11150,M123,2026-08-09T01:39:50.760640,9188.44,1,1,Hyderabad,Delhi,1,tablet,0,1,1.15,0
T11151,M134,2026-08-19T13:37:28.760649,42963.9,13,0,Hyderabad,Mumbai,1,mobile,0,1,14.32,0
T11152,M120,2026-08-08T23:11:31.760658,981.19,23,0,Bengaluru,Bhubaneswar,1,desktop,0,1,0.33,0
T11153,M116,2026-08-18T09:11:37.760666,1485.9,9,0,Pune,Hyderabad,1,desktop,1,2,0.5,0
T11154,M118,2026-09-03T04:13:28.760675,360.75,4,1,Jaipur,Jaipur,0,mobile,1,1,0.72,0
T11155,M139,2026-08-15T14:16:22.760683,896.44,14,0,Hyderabad,Bengaluru,1,tablet,0,1,0.6,0
T11156,M123,2026-08-27T04:22:56.760691,8717.32,4,1,Ahmedabad,Ahmedabad,0,mobile,0,1,1.09,0
T11157,M137,2026-08-10T15:23:53.760701,2392.89,15,0,Delhi,Mumbai,1,desktop,0,3,0.8,0
T11158,M124,2026-08-10T15:57:54.760710,366.13,15,0,Kolkata,Jaipur,1,mobile,0,1,0.73,0
T11159,M101,2026-09-05T04:05:23.760718,3294.77,4,1,Pune,Chennai,1,tablet,0,1,1.1,0
T11160,M139,2026-08-13T01:32:06.760726,2196.86,1,1,Mumbai,Delhi,1,tablet,0,1,1.46,0
T11161,M134,2026-08-14T11:49:10.760735,1433.91,11,0,Bhubaneswar,Jaipur,1,desktop,0,1,0.48,0
T11162,M115,2026-07-29T09:26:34.760743,10173.02,9,0,Chennai,Delhi,1,mobile,0,2,1.27,0
T11163,M102,2026-08-21T20:57:52.760751,1233.14,20,0,Chennai,Chennai,0,tablet,0,2,0.82,0
T11164,M136,2026-08-24T01:39:37.760759,1297.1,1,1,Ahmedabad,Mumbai,1,desktop,0,1,0.86,0
T11165,M135,2026-08-02T13:36:17.760767,3848.62,13,0,Bhubaneswar,Delhi,1,desktop,0,3,1.28,0
T11166,M128,2026-07-31T17:17:12.760775,19292.76,17,0,Ahmedabad,Bengaluru,1,mobile,0,1,0.96,0
T11167,M103,2026-08-03T06:52:59.760785,851.15,6,1,Mumbai,Bengaluru,1,tablet,0,1,1.7,0
T11168,M135,2026-08-26T19:34:56.760793,3407.94,19,0,Chennai,Mumbai,1,tablet,0,2,1.14,0
T11169,M102,2026-08-21T03:31:30.760801,2962.97,3,1,Delhi,Delhi,0,tablet,0,1,1.98,0
T11170,M120,2026-08-19T16:19:27.760809,1458.22,16,0,Kolkata,Chennai,1,mobile,0,1,0.49,0
T11171,M126,2026-09-04T13:20:15.760817,4613.98,13,0,Ahmedabad,Chennai,1,tablet,0,1,1.54,0
T11172,M109,2026-09-05T06:12:31.760824,16814.48,6,1,Pune,Jaipur,1,tablet,0,2,0.84,0
T11173,M122,2026-08-02T10:08:24.760833,448.59,10,0,Bhubaneswar,Mumbai,1,tablet,0,2,0.9,0
T11174,M105,2026-07-26T17:52:27.760842,44125.92,17,0,Bhubaneswar,Jaipur,1,tablet,0,1,2.21,0
T11175,M133,2026-08-30T17:46:36.760850,2037.43,17,0,Ahmedabad,Jaipur,1,tablet,0,1,0.68,0
T11176,M118,2026-09-05T05:16:22.760858,505.6,5,1,Pune,Hyderabad,1,desktop,1,1,1.01,1
T11177,M128,2026-08-27T13:34:18.760868,25966.27,13,0,Kolkata,Pune,1,mobile,0,1,1.3,0
T11178,M130,2026-08-21T08:55:50.760876,1629.81,8,0,Bengaluru,Jaipur,1,mobile,0,2,1.09,0
T11179,M108,2026-08-21T09:18:42.760884,2546.07,9,1,Chennai,Pune,1,desktop,0,1,1.7,0
T11180,M109,2026-08-19T22:54:08.760892,3490.06,22,1,Bengaluru,Ahmedabad,1,mobile,0,1,0.17,0
T11181,M130,2026-08-28T01:17:15.760901,1545.14,1,0,Mumbai,Kolkata,1,mobile,1,1,1.03,0
T11182,M133,2026-09-05T14:04:24.760909,2040.87,14,0,Jaipur,Hyderabad,1,tablet,0,1,0.68,0
T11183,M121,2026-08-20T16:55:18.760917,25418.61,16,0,Delhi,Mumbai,1,mobile,0,2,1.27,0
T11184,M126,2026-08-22T14:46:21.760925,835.31,14,0,Ahmedabad,Bengaluru,1,tablet,0,1,0.28,0
T11185,M132,2026-07-27T01:25:18.760933,617.84,1,0,Mumbai,Bhubaneswar,1,tablet,0,1,1.24,0
T11186,M128,2026-07-31T13:41:46.760941,9360.9,13,0,Delhi,Hyderabad,1,desktop,0,1,0.47,0
T11187,M133,2026-08-20T03:20:55.760951,2913.01,3,0,Kolkata,Chennai,1,desktop,0,1,0.97,0
T11188,M102,2026-08-31T12:09:49.760959,2668.14,12,0,Kolkata,Jaipur,1,desktop,0,1,1.78,0
T11189,M118,2026-07-31T00:43:45.760967,359.96,0,1,Chennai,Ahmedabad,1,desktop,0,1,0.72,1
T11190,M116,2026-08-21T10:02:22.760975,3059.45,10,0,Bengaluru,Delhi,1,mobile,0,1,1.02,0
T11191,M138,2026-09-04T19:20:12.760983,550.79,19,1,Jaipur,Hyderabad,1,mobile,0,1,1.1,0
T11192,M118,2026-08-19T17:15:20.760992,305.75,17,0,Ahmedabad,Chennai,1,mobile,1,2,0.61,0
T11193,M127,2026-08-15T22:29:03.761000,23866.98,22,0,Bengaluru,Chennai,1,tablet,1,1,1.19,0
T11194,M114,2026-08-27T07:14:15.761008,604.27,7,1,Ahmedabad,Jaipur,1,tablet,0,2,1.21,0
T11195,M102,2026-08-13T00:43:17.761017,1657.77,0,1,Jaipur,Pune,1,mobile,0,2,1.11,1
T11196,M102,2026-08-22T19:02:33.761025,1185.85,19,0,Hyderabad,Hyderabad,0,desktop,0,1,0.79,0
T11197,M131,2026-08-05T17:03:08.761036,392.23,17,0,Delhi,Jaipur,1,tablet,0,2,0.78,0
T11198,M135,2026-08-21T15:55:10.761046,3193.56,15,0,Chennai,Bhubaneswar,1,desktop,0,1,1.06,0
T11199,M133,2026-08-23T21:11:30.761054,3726.27,21,0,Chennai,Hyderabad,1,desktop,0,1,1.24,0
T11200,M138,2026-08-09T07:53:02.761062,338.82,7,1,Chennai,Kolkata,1,desktop,0,1,0.68,0
T11201,M129,2026-08-07T11:21:08.761071,454.91,11,0,Pune,Kolkata,1,tablet,1,1,0.91,0
T11202,M131,2026-08-21T04:05:03.761079,375.46,4,1,Jaipur,Hyderabad,1,desktop,0,1,0.75,0
T11203,M120,2026-08-11T22:54:59.761087,3461.11,22,0,Ahmedabad,Kolkata,1,desktop,0,1,1.15,0
T11204,M114,2026-08-08T11:44:38.761095,459.94,11,0,Hyderabad,Bhubaneswar,1,mobile,0,1,0.92,0
T11205,M139,2026-08-21T15:22:37.761104,1361.49,15,0,Bhubaneswar,Jaipur,1,mobile,0,4,0.91,0
T11206,M121,2026-09-05T06:37:23.761111,11799.41,6,0,Mumbai,Jaipur,1,mobile,0,1,0.59,0
T11207,M134,2026-08-11T04:37:17.761121,4634.03,4,1,Hyderabad,Chennai,1,mobile,0,3,1.54,0
T11208,M115,2026-07-23T15:41:34.761129,8627.23,15,0,Delhi,Jaipur,1,desktop,0,2,1.08,0
T11209,M101,2026-08-03T03:46:31.761137,3054.25,3,1,Hyderabad,Mumbai,1,desktop,0,2,1.02,0
T11210,M125,2026-07-29T08:39:04.761145,670.23,8,1,Delhi,Delhi,0,tablet,0,2,1.34,0
T11211,M100,2026-08-28T01:03:08.761153,127.95,1,1,Bhubaneswar,Bengaluru,1,mobile,0,2,0.26,0
T11212,M138,2026-09-02T16:57:38.761161,432.62,16,0,Mumbai,Chennai,1,desktop,0,1,0.87,0
T11213,M136,2026-08-14T21:01:16.761169,1990.69,21,1,Kolkata,Delhi,1,mobile,0,4,1.33,0
T11214,M134,2026-08-16T14:01:27.761177,3007.57,14,0,Kolkata,Pune,1,tablet,0,2,1.0,0
T11215,M101,2026-08-11T06:44:40.761185,3223.49,6,1,Ahmedabad,Pune,1,desktop,0,1,1.07,0
T11216,M105,2026-07-27T14:56:10.761193,14935.89,14,0,Bhubaneswar,Hyderabad,1,mobile,0,1,0.75,0
T11217,M136,2026-08-28T21:56:30.761204,1347.17,21,1,Ahmedabad,Chennai,1,desktop,0,1,0.9,0
T11218,M120,2026-08-25T10:32:25.761212,17284.02,10,0,Jaipur,Ahmedabad,1,tablet,1,1,5.76,0
T11219,M129,2026-08-26T09:41:28.761220,418.49,9,0,Jaipur,Delhi,1,mobile,0,1,0.84,0
T11220,M100,2026-07-30T20:39:07.761229,399.01,20,0,Delhi,Mumbai,1,desktop,0,1,0.8,0
T11221,M108,2026-08-28T08:26:26.761237,1461.84,8,1,Kolkata,Kolkata,0,mobile,0,1,0.97,0
T11222,M117,2026-08-17T08:32:00.761245,946.72,8,0,Bengaluru,Bengaluru,0,desktop,0,1,0.63,0
T11223,M123,2026-08-17T04:55:16.761253,14034.32,4,1,Ahmedabad,Ahmedabad,0,mobile,1,4,1.75,1
T11224,M108,2026-07-30T23:09:04.761261,2596.14,23,1,Bengaluru,Ahmedabad,1,mobile,0,8,1.73,1
T11225,M112,2026-08-25T16:25:16.761269,1327.83,16,0,Ahmedabad,Pune,1,mobile,0,1,0.89,0
T11226,M122,2026-08-22T21:11:38.761277,366.61,21,1,Hyderabad,Chennai,1,desktop,1,2,0.73,1
T11227,M119,2026-08-09T19:42:22.761286,7168.03,19,0,Kolkata,Chennai,1,tablet,0,1,0.9,0
T11228,M109,2026-07-27T23:46:33.761294,19213.91,23,1,Delhi,Bengaluru,1,tablet,0,1,0.96,0
T11229,M137,2026-08-21T08:24:51.761303,2034.53,8,1,Bhubaneswar,Ahmedabad,1,mobile,0,1,0.68,1
T11230,M105,2026-08-30T23:46:30.761311,16660.6,23,0,Mumbai,Pune,1,mobile,0,3,0.83,0
T11231,M128,2026-08-12T15:26:00.761319,17058.77,15,0,Pune,Chennai,1,tablet,0,2,0.85,0
T11232,M124,2026-08-26T06:38:04.761327,329.33,6,0,Jaipur,Delhi,1,tablet,1,2,0.66,1
T11233,M117,2026-08-26T12:34:48.761335,1582.82,12,0,Kolkata,Jaipur,1,desktop,0,1,1.06,0
T11234,M135,2026-09-04T16:05:55.761343,12456.17,16,0,Ahmedabad,Pune,1,tablet,0,1,4.15,0
T11235,M112,2026-08-10T13:23:42.761351,1719.14,13,0,Mumbai,Hyderabad,1,desktop,0,1,1.15,0
T11236,M121,2026-07-27T13:26:39.761359,35089.05,13,0,Mumbai,Bhubaneswar,1,desktop,0,1,1.75,0
T11237,M102,2026-08-25T18:06:54.761369,792.15,18,0,Chennai,Mumbai,1,tablet,1,2,0.53,1
T11238,M138,2026-08-22T16:24:47.761378,381.45,16,0,Jaipur,Delhi,1,mobile,0,1,0.76,0
T11239,M111,2026-09-03T06:29:14.761386,21394.53,6,0,Delhi,Kolkata,1,mobile,0,1,1.07,0
T11240,M106,2026-09-02T15:18:52.761394,50,15,0,Bhubaneswar,Mumbai,1,desktop,0,2,0.1,0
T11241,M110,2026-09-04T23:02:44.761402,13736.62,23,1,Pune,Jaipur,1,mobile,0,4,0.69,1
T11242,M103,2026-07-26T03:28:40.761410,618.79,3,1,Chennai,Delhi,1,mobile,0,1,1.24,0
T11243,M132,2026-08-11T20:36:45.761418,817.0,20,0,Mumbai,Chennai,1,desktop,0,1,1.63,0
T11244,M105,2026-08-19T11:27:29.761427,23112.46,11,0,Bengaluru,Delhi,1,mobile,0,1,1.16,0
T11245,M110,2026-08-30T06:44:41.761435,162084.21,6,1,Ahmedabad,Delhi,1,tablet,0,4,8.1,1
T11246,M112,2026-08-28T06:35:38.761444,1511.73,6,0,Chennai,Bengaluru,1,desktop,0,1,1.01,0
T11247,M112,2026-08-05T05:38:03.761453,1180.0,5,0,Bengaluru,Chennai,1,desktop,0,1,0.79,0
T11248,M137,2026-08-09T15:26:24.761461,1999.25,15,0,Bengaluru,Mumbai,1,tablet,0,1,0.67,0
T11249,M127,2026-08-08T19:59:34.761471,29322.59,19,0,Chennai,Hyderabad,1,desktop,0,1,1.47,0
T11250,M117,2026-07-27T09:32:24.761479,1088.67,9,0,Chennai,Mumbai,1,mobile,0,1,0.73,0
T11251,M129,2026-08-20T11:29:44.761487,488.54,11,0,Bhubaneswar,Kolkata,1,tablet,0,1,0.98,0
T11252,M122,2026-09-03T04:38:30.761495,595.58,4,1,Pune,Delhi,1,mobile,0,3,1.19,0
T11253,M111,2026-08-28T11:59:46.761503,177480.74,11,0,Ahmedabad,Bhubaneswar,1,tablet,0,1,8.87,0
T11254,M115,2026-08-04T06:04:15.761512,7277.69,6,0,Kolkata,Chennai,1,mobile,1,5,0.91,1
T11255,M132,2026-07-28T05:27:37.761521,232.69,5,0,Chennai,Bhubaneswar,1,desktop,0,1,0.47,0
T11256,M119,2026-09-04T00:45:29.761528,3939.1,0,1,Bhubaneswar,Bengaluru,1,mobile,0,1,0.49,0
T11257,M105,2026-08-07T00:07:47.761538,12926.54,0,0,Bengaluru,Pune,1,desktop,0,1,0.65,0
T11258,M112,2026-09-03T20:31:00.761546,1741.93,20,0,Hyderabad,Kolkata,1,mobile,0,2,1.16,0
T11259,M123,2026-07-23T05:33:39.761554,10421.01,5,1,Pune,Delhi,1,desktop,0,1,1.3,0
T11260,M130,2026-08-24T10:35:07.761562,1022.72,10,0,Delhi,Kolkata,1,mobile,1,1,0.68,0
T11261,M120,2026-09-04T14:04:14.761570,3939.19,14,0,Kolkata,Bhubaneswar,1,desktop,0,1,1.31,0
T11262,M137,2026-07-24T07:08:11.761580,3290.75,7,1,Pune,Pune,0,desktop,0,1,1.1,0
T11263,M125,2026-09-05T09:22:11.761588,769.59,9,1,Hyderabad,Bengaluru,1,desktop,0,1,1.54,0
T11264,M121,2026-08-10T15:16:11.761596,15222.34,15,0,Kolkata,Ahmedabad,1,mobile,1,1,0.76,0
T11265,M125,2026-08-25T02:47:00.761604,326.5,2,1,Delhi,Ahmedabad,1,mobile,0,1,0.65,0
T11266,M125,2026-08-31T00:00:14.761612,541.47,0,1,Jaipur,Kolkata,1,tablet,0,1,1.08,1
T11267,M125,2026-08-12T11:59:53.761622,389.04,11,0,Chennai,Kolkata,1,desktop,0,2,0.78,0
T11268,M128,2026-08-16T08:44:38.761630,13680.19,8,1,Jaipur,Pune,1,mobile,1,2,0.68,1
T11269,M124,2026-09-03T05:47:22.761638,662.37,5,0,Bengaluru,Mumbai,1,desktop,0,4,1.32,0
T11270,M132,2026-08-31T10:49:17.761645,194.88,10,0,Ahmedabad,Chennai,1,mobile,0,1,0.39,0
T11271,M138,2026-08-25T07:29:58.761654,232.63,7,1,Kolkata,Pune,1,tablet,0,1,0.47,0
T11272,M111,2026-08-06T05:26:56.761661,19064.11,5,0,Mumbai,Bhubaneswar,1,mobile,0,1,0.95,0
T11273,M115,2026-07-31T11:57:43.761669,8470.99,11,0,Delhi,Bengaluru,1,tablet,0,1,1.06,0
T11274,M122,2026-08-14T05:26:40.761677,444.04,5,1,Jaipur,Bhubaneswar,1,desktop,0,1,0.89,0
T11275,M138,2026-08-27T03:06:00.761685,361.23,3,1,Delhi,Kolkata,1,tablet,0,5,0.72,1
T11276,M119,2026-08-12T12:04:58.761693,6343.84,12,0,Delhi,Kolkata,1,mobile,0,2,0.79,0
T11277,M139,2026-08-16T22:41:58.761703,1723.42,22,1,Hyderabad,Mumbai,1,desktop,0,1,1.15,1
T11278,M117,2026-08-28T05:57:58.761711,1355.87,5,0,Mumbai,Bhubaneswar,1,desktop,0,3,0.9,0
T11279,M126,2026-08-02T01:07:52.761719,15388.04,1,1,Bengaluru,Chennai,1,desktop,0,1,5.13,1
T11280,M106,2026-08-02T17:39:38.761727,549.5,17,0,Bhubaneswar,Chennai,1,tablet,0,2,1.1,0
T11281,M138,2026-08-07T22:49:25.761735,810.33,22,1,Ahmedabad,Jaipur,1,mobile,0,1,1.62,1
T11282,M109,2026-08-14T10:00:28.761745,25734.49,10,0,Bengaluru,Kolkata,1,desktop,0,1,1.29,0
T11283,M105,2026-08-22T15:24:56.761753,12545.05,15,0,Pune,Delhi,1,mobile,0,2,0.63,0
T11284,M120,2026-08-13T21:50:04.761760,2865.71,21,0,Bengaluru,Bhubaneswar,1,desktop,0,1,0.96,0
T11285,M118,2026-08-19T00:05:56.761769,456.41,0,1,Hyderabad,Kolkata,1,tablet,0,1,0.91,0
T11286,M106,2026-08-11T04:52:54.761776,623.16,4,1,Bengaluru,Bengaluru,0,tablet,0,5,1.25,0
T11287,M113,2026-08-12T07:00:54.761786,44410.37,7,0,Chennai,Pune,1,desktop,0,1,2.22,0
T11288,M120,2026-08-16T09:01:38.761794,1832.44,9,0,Ahmedabad,Ahmedabad,0,desktop,0,2,0.61,0
T11289,M111,2026-08-11T09:53:49.761803,18227.9,9,0,Jaipur,Pune,1,desktop,0,1,0.91,0
T11290,M137,2026-08-23T16:43:17.761810,1912.67,16,0,Mumbai,Bhubaneswar,1,mobile,0,1,0.64,0
T11291,M138,2026-08-19T16:34:45.761819,602.46,16,0,Mumbai,Pune,1,tablet,0,1,1.2,0
T11292,M105,2026-08-09T23:13:33.761827,30739.32,23,0,Kolkata,Jaipur,1,tablet,1,3,1.54,0
T11293,M123,2026-08-27T02:13:33.761835,8617.42,2,1,Bengaluru,Ahmedabad,1,tablet,0,3,1.08,0
T11294,M101,2026-08-02T00:58:51.761843,1824.52,0,1,Ahmedabad,Hyderabad,1,mobile,0,5,0.61,0
T11295,M138,2026-09-01T15:59:44.761851,396.11,15,0,Bengaluru,Hyderabad,1,desktop,0,2,0.79,0
T11296,M126,2026-09-03T02:00:04.761859,1657.8,2,1,Kolkata,Chennai,1,tablet,0,1,0.55,0
T11297,M134,2026-08-26T16:33:38.761869,20753.97,16,0,Mumbai,Chennai,1,desktop,0,2,6.92,0
T11298,M125,2026-08-26T18:43:41.761877,752.93,18,0,Delhi,Delhi,0,mobile,0,2,1.51,0
T11299,M107,2026-08-27T00:59:03.761886,375.87,0,1,Kolkata,Pune,1,mobile,0,3,0.75,0
T11300,M106,2026-08-08T00:18:28.761895,450.76,0,1,Ahmedabad,Hyderabad,1,desktop,0,1,0.9,0
T11301,M128,2026-08-25T22:50:54.761903,17556.33,22,1,Chennai,Bhubaneswar,1,mobile,0,2,0.88,0
T11302,M114,2026-09-03T17:16:23.761911,369.3,17,0,Bengaluru,Bhubaneswar,1,tablet,0,1,0.74,0
T11303,M109,2026-08-28T02:18:42.761925,25508.0,2,1,Bengaluru,Bengaluru,0,tablet,0,1,1.28,0
T11304,M101,2026-09-02T07:11:33.761933,3243.22,7,1,Chennai,Pune,1,tablet,1,1,1.08,1
T11305,M130,2026-08-22T00:21:29.761942,1995.04,0,0,Pune,Bengaluru,1,tablet,0,3,1.33,0
T11306,M131,2026-08-23T11:12:48.761950,618.79,11,0,Kolkata,Mumbai,1,tablet,0,4,1.24,0
T11307,M114,2026-07-30T06:39:56.761959,713.27,6,1,Delhi,Hyderabad,1,desktop,0,1,1.43,0
T11308,M100,2026-09-01T18:26:39.761967,491.3,18,0,Hyderabad,Hyderabad,0,desktop,0,1,0.98,0
T11309,M121,2026-08-16T14:58:59.761975,5215.18,14,0,Jaipur,Jaipur,0,tablet,0,1,0.26,0
T11310,M128,2026-08-19T12:03:21.761983,14068.81,12,0,Bengaluru,Hyderabad,1,mobile,0,1,0.7,0
T11311,M138,2026-08-04T21:26:12.761991,478.47,21,1,Delhi,Hyderabad,1,tablet,0,2,0.96,1
T11312,M133,2026-08-06T16:32:31.761999,3800.09,16,0,Bhubaneswar,Ahmedabad,1,desktop,1,1,1.27,0
T11313,M104,2026-08-01T12:39:09.762007,22145.47,12,0,Ahmedabad,Delhi,1,desktop,0,1,1.11,0
T11314,M131,2026-08-06T13:16:47.762015,260.6,13,0,Delhi,Ahmedabad,1,tablet,0,1,0.52,0
T11315,M129,2026-07-23T00:22:36.762023,388.58,0,1,Kolkata,Bhubaneswar,1,desktop,0,1,0.78,0
T11316,M132,2026-08-05T18:23:57.762036,661.0,18,0,Hyderabad,Pune,1,desktop,0,1,1.32,0
T11317,M107,2026-08-28T17:19:01.762045,449.29,17,0,Ahmedabad,Mumbai,1,desktop,0,3,0.9,0
T11318,M111,2026-07-26T04:10:56.762053,20783.88,4,0,Ahmedabad,Pune,1,tablet,0,1,1.04,0
T11319,M106,2026-08-29T00:35:15.762062,201.61,0,1,Chennai,Jaipur,1,desktop,0,1,0.4,0
T11320,M119,2026-08-21T13:57:00.762070,9179.58,13,0,Hyderabad,Kolkata,1,mobile,0,3,1.15,0
T11321,M133,2026-08-14T23:47:17.762078,4736.03,23,0,Kolkata,Chennai,1,mobile,0,4,1.58,0
T11322,M119,2026-08-09T23:48:10.762087,9767.65,23,1,Pune,Ahmedabad,1,desktop,0,1,1.22,0
T11323,M125,2026-07-25T16:14:16.762095,642.4,16,0,Pune,Bengaluru,1,desktop,0,2,1.28,0
T11324,M113,2026-08-24T03:08:58.762103,18610.09,3,0,Pune,Kolkata,1,desktop,0,1,0.93,0
T11325,M113,2026-08-21T23:18:16.762111,13459.77,23,0,Chennai,Delhi,1,mobile,0,1,0.67,0
T11326,M137,2026-08-14T19:14:24.762120,5774.96,19,1,Kolkata,Ahmedabad,1,mobile,0,1,1.92,0
T11327,M106,2026-07-25T17:10:41.762129,356.27,17,0,Chennai,Jaipur,1,desktop,0,1,0.71,0
T11328,M104,2026-08-07T17:55:22.762137,32857.48,17,0,Bengaluru,Bhubaneswar,1,desktop,0,1,1.64,0
T11329,M120,2026-08-19T19:04:57.762145,2721.54,19,0,Chennai,Jaipur,1,tablet,0,2,0.91,0
T11330,M104,2026-09-03T06:16:06.762153,22820.89,6,1,Pune,Ahmedabad,1,tablet,0,3,1.14,0
T11331,M129,2026-08-09T13:47:52.762161,192.68,13,0,Chennai,Chennai,0,tablet,0,2,0.39,0
T11332,M126,2026-08-12T17:40:35.762169,14724.35,17,0,Jaipur,Pune,1,mobile,1,1,4.91,1
T11333,M120,2026-08-30T08:22:36.762178,3839.97,8,0,Chennai,Bhubaneswar,1,desktop,0,1,1.28,0
T11334,M135,2026-08-29T21:15:04.762186,3536.04,21,0,Delhi,Bhubaneswar,1,desktop,1,1,1.18,0
T11335,M127,2026-08-31T16:33:16.762195,23045.72,16,0,Ahmedabad,Bengaluru,1,tablet,0,1,1.15,0
T11336,M129,2026-08-17T14:37:52.762202,563.72,14,0,Mumbai,Kolkata,1,tablet,0,1,1.13,0
T11337,M100,2026-08-02T22:12:42.762211,178.22,22,1,Bengaluru,Chennai,1,mobile,0,1,0.36,0
T11338,M112,2026-08-29T08:49:51.762218,2093.82,8,0,Bhubaneswar,Bengaluru,1,mobile,0,2,1.4,0
T11339,M101,2026-08-17T21:16:54.762226,537.64,21,0,Mumbai,Bengaluru,1,tablet,0,1,0.18,0
T11340,M114,2026-08-23T22:37:12.762234,543.49,22,1,Chennai,Hyderabad,1,mobile,0,2,1.09,1
T11341,M128,2026-07-28T23:14:01.762242,26570.04,23,1,Kolkata,Mumbai,1,desktop,1,3,1.33,1
T11342,M103,2026-08-13T16:22:26.762250,376.7,16,0,Bhubaneswar,Delhi,1,mobile,0,4,0.75,0
T11343,M133,2026-07-28T21:35:42.762258,3300.75,21,0,Hyderabad,Delhi,1,desktop,0,2,1.1,0
T11344,M126,2026-08-01T06:18:32.762265,3129.16,6,1,Ahmedabad,Chennai,1,tablet,0,1,1.04,0
T11345,M126,2026-08-11T10:11:34.762274,3507.38,10,0,Delhi,Pune,1,desktop,0,4,1.17,0
T11346,M119,2026-08-03T03:01:20.762281,9344.24,3,1,Kolkata,Ahmedabad,1,mobile,0,4,1.17,1
T11347,M120,2026-07-25T04:39:33.762290,2999.07,4,0,Hyderabad,Bengaluru,1,tablet,0,1,1.0,0
T11348,M130,2026-08-28T23:55:46.762298,2283.91,23,0,Chennai,Pune,1,tablet,0,1,1.52,0
T11349,M133,2026-07-30T08:10:15.762306,3391.97,8,0,Bengaluru,Pune,1,mobile,0,2,1.13,0
T11350,M125,2026-08-22T08:20:30.762314,231.71,8,1,Mumbai,Mumbai,0,desktop,0,1,0.46,0
T11351,M109,2026-09-05T08:11:39.762322,30979.39,8,1,Jaipur,Kolkata,1,tablet,0,2,1.55,0
T11352,M122,2026-09-04T13:06:02.762335,535.63,13,0,Ahmedabad,Ahmedabad,0,desktop,0,3,1.07,0
T11353,M138,2026-08-31T06:50:55.762345,705.65,6,1,Chennai,Ahmedabad,1,desktop,0,3,1.41,0
T11354,M134,2026-08-09T17:44:05.762353,4718.09,17,0,Ahmedabad,Bhubaneswar,1,mobile,0,1,1.57,0
T11355,M109,2026-08-02T22:35:12.762362,16820.51,22,1,Delhi,Kolkata,1,desktop,0,3,0.84,0
T11356,M111,2026-08-27T10:20:48.762371,16149.61,10,0,Bhubaneswar,Jaipur,1,tablet,1,1,0.81,0
T11357,M108,2026-08-07T21:52:56.762380,1048.92,21,1,Bengaluru,Bhubaneswar,1,tablet,0,4,0.7,1
T11358,M124,2026-08-22T15:59:37.762388,626.82,15,0,Bengaluru,Mumbai,1,mobile,0,1,1.25,0
T11359,M130,2026-09-02T15:04:12.762396,1618.4,15,0,Bhubaneswar,Kolkata,1,desktop,0,8,1.08,0
T11360,M128,2026-07-28T17:04:09.762404,19630.26,17,0,Pune,Pune,0,mobile,0,1,0.98,0
T11361,M135,2026-08-14T03:26:48.762413,1249.09,3,0,Pune,Jaipur,1,desktop,0,1,0.42,0
T11362,M134,2026-07-29T02:51:59.762421,5701.9,2,1,Delhi,Jaipur,1,tablet,1,1,1.9,1
T11363,M127,2026-08-18T20:26:22.762428,32172.6,20,0,Delhi,Jaipur,1,mobile,1,1,1.61,1
T11364,M112,2026-07-29T20:54:08.762437,16587.53,20,0,Pune,Jaipur,1,tablet,0,2,11.06,0
T11365,M103,2026-08-30T20:10:13.762446,380.4,20,1,Jaipur,Hyderabad,1,tablet,0,4,0.76,0
T11366,M106,2026-08-25T00:31:11.762455,643.43,0,1,Bengaluru,Jaipur,1,tablet,0,1,1.29,0
T11367,M125,2026-08-06T09:14:36.762463,744.76,9,1,Jaipur,Kolkata,1,desktop,0,1,1.49,1
T11368,M100,2026-07-26T15:01:49.762474,497.87,15,0,Bhubaneswar,Bhubaneswar,0,mobile,0,1,1.0,0
T11369,M110,2026-08-29T02:36:55.762483,30190.68,2,1,Hyderabad,Kolkata,1,mobile,0,1,1.51,0
T11370,M122,2026-07-26T09:58:31.762492,572.39,9,1,Kolkata,Delhi,1,tablet,1,2,1.14,1
T11371,M128,2026-07-29T21:43:04.762500,39304.43,21,0,Pune,Mumbai,1,tablet,0,1,1.97,0
T11372,M138,2026-08-14T20:40:55.762508,524.0,20,1,Jaipur,Bhubaneswar,1,desktop,1,1,1.05,1
T11373,M121,2026-09-03T11:31:23.762517,28538.2,11,0,Mumbai,Kolkata,1,desktop,0,1,1.43,0
T11374,M131,2026-08-28T19:28:09.762525,437.86,19,0,Bhubaneswar,Bhubaneswar,0,desktop,0,1,0.88,0
T11375,M127,2026-08-12T11:05:09.762534,29408.97,11,0,Delhi,Chennai,1,tablet,1,2,1.47,0
T11376,M121,2026-08-12T08:43:20.762542,16967.44,8,0,Mumbai,Delhi,1,tablet,0,2,0.85,0
T11377,M137,2026-08-13T01:10:30.762550,2208.54,1,1,Delhi,Ahmedabad,1,tablet,0,1,0.74,0
T11378,M124,2026-07-25T00:51:05.762558,285.48,0,0,Delhi,Bhubaneswar,1,mobile,0,1,0.57,0
T11379,M138,2026-08-12T11:16:00.762567,340.7,11,0,Mumbai,Pune,1,tablet,1,2,0.68,0
T11380,M133,2026-07-24T19:13:47.762575,5044.65,19,0,Kolkata,Mumbai,1,mobile,0,1,1.68,0
T11381,M106,2026-08-06T04:19:37.762583,365.57,4,1,Mumbai,Ahmedabad,1,desktop,0,1,0.73,0
T11382,M115,2026-08-05T10:06:00.762591,7055.54,10,0,Chennai,Bengaluru,1,mobile,1,1,0.88,0
T11383,M125,2026-08-28T13:28:49.762599,520.83,13,0,Bengaluru,Ahmedabad,1,mobile,0,1,1.04,0
T11384,M114,2026-08-07T08:35:20.762607,543.86,8,1,Kolkata,Pune,1,tablet,0,1,1.09,0
T11385,M116,2026-09-02T13:05:03.762615,2511.79,13,0,Pune,Pune,0,desktop,0,3,0.84,0
T11386,M120,2026-07-23T18:21:24.762623,4211.54,18,0,Jaipur,Chennai,1,tablet,0,1,1.4,0
T11387,M112,2026-07-27T12:34:35.762632,2010.7,12,0,Bhubaneswar,Kolkata,1,desktop,0,1,1.34,0
T11388,M108,2026-09-05T17:08:37.762640,629.76,17,0,Chennai,Bhubaneswar,1,tablet,0,5,0.42,0
T11389,M102,2026-08-03T22:17:54.762648,2264.89,22,1,Chennai,Mumbai,1,desktop,0,1,1.51,0
T11390,M114,2026-08-13T08:51:06.762656,2162.99,8,1,Mumbai,Bhubaneswar,1,desktop,0,2,4.33,1
T11391,M136,2026-08-01T07:46:29.762665,1164.67,7,1,Jaipur,Bhubaneswar,1,desktop,1,1,0.78,1
T11392,M116,2026-08-26T07:13:07.762673,3330.85,7,1,Kolkata,Pune,1,desktop,1,3,1.11,1
T11393,M122,2026-07-26T17:33:31.762682,317.9,17,0,Bengaluru,Pune,1,tablet,0,1,0.64,0
T11394,M132,2026-08-26T09:05:31.762690,328.55,9,0,Bhubaneswar,Hyderabad,1,tablet,0,1,0.66,0
T11395,M114,2026-08-14T13:53:52.762698,526.34,13,0,Mumbai,Ahmedabad,1,tablet,0,1,1.05,0
T11396,M110,2026-07-24T01:33:57.762706,10481.01,1,1,Pune,Ahmedabad,1,tablet,0,1,0.52,0
T11397,M117,2026-08-19T15:36:39.762715,1217.55,15,0,Mumbai,Bhubaneswar,1,desktop,0,1,0.81,0
T11398,M125,2026-08-02T10:31:51.762724,409.36,10,0,Chennai,Pune,1,mobile,1,1,0.82,1
T11399,M109,2026-08-29T04:36:16.762732,14141.7,4,1,Bhubaneswar,Pune,1,mobile,0,5,0.71,1
T11400,M137,2026-07-28T19:14:28.762740,3070.97,19,1,Kolkata,Bengaluru,1,tablet,1,1,1.02,1
T11401,M111,2026-09-01T13:30:25.762748,16966.07,13,0,Ahmedabad,Delhi,1,desktop,1,1,0.85,0
T11402,M124,2026-08-31T01:35:33.762758,241.81,1,0,Pune,Bengaluru,1,mobile,0,1,0.48,0
T11403,M116,2026-08-16T05:58:17.762766,4016.56,5,1,Chennai,Kolkata,1,mobile,1,1,1.34,1
T11404,M121,2026-08-13T22:06:02.762773,170048.6,22,0,Jaipur,Mumbai,1,tablet,0,1,8.5,1
T11405,M133,2026-07-23T14:27:17.762783,9941.05,14,0,Mumbai,Bhubaneswar,1,tablet,0,1,3.31,0
T11406,M139,2026-08-16T04:14:47.762791,1675.04,4,1,Bengaluru,Bhubaneswar,1,desktop,1,1,1.12,1
T11407,M111,2026-08-16T14:52:50.762801,25107.79,14,0,Ahmedabad,Mumbai,1,tablet,0,1,1.26,0
T11408,M107,2026-08-31T04:15:42.762810,928.32,4,1,Bengaluru,Bhubaneswar,1,tablet,0,1,1.86,0
T11409,M109,2026-08-21T18:13:12.762820,12489.69,18,0,Ahmedabad,Jaipur,1,desktop,1,2,0.62,0
T11410,M104,2026-08-08T09:59:57.762830,20104.84,9,0,Ahmedabad,Hyderabad,1,desktop,0,1,1.01,0
T11411,M130,2026-08-31T08:34:31.762838,1831.19,8,0,Bhubaneswar,Delhi,1,tablet,0,1,1.22,0
T11412,M136,2026-08-19T21:49:28.762846,1284.45,21,1,Hyderabad,Chennai,1,desktop,0,1,0.86,0
T11413,M127,2026-08-11T14:46:17.762854,10719.09,14,0,Delhi,Ahmedabad,1,mobile,0,1,0.54,0
T11414,M124,2026-08-06T20:11:47.762862,148.65,20,0,Mumbai,Jaipur,1,mobile,0,1,0.3,0
T11415,M136,2026-08-18T08:11:33.762870,1515.8,8,1,Pune,Mumbai,1,tablet,1,1,1.01,1
T11416,M122,2026-08-18T02:20:24.762878,853.56,2,1,Jaipur,Jaipur,0,mobile,0,1,1.71,0
T11417,M113,2026-07-27T18:44:11.762888,24835.58,18,0,Bengaluru,Hyderabad,1,tablet,0,1,1.24,0
T11418,M136,2026-08-23T01:56:40.762896,1361.57,1,1,Delhi,Chennai,1,mobile,0,3,0.91,1
T11419,M121,2026-07-31T14:05:14.762904,18413.16,14,0,Hyderabad,Pune,1,desktop,0,1,0.92,0
T11420,M116,2026-09-03T19:20:24.762912,4600.1,19,0,Chennai,Hyderabad,1,tablet,0,2,1.53,0
T11421,M126,2026-08-31T23:18:39.762921,2148.64,23,1,Chennai,Hyderabad,1,desktop,0,1,0.72,0
T11422,M102,2026-08-25T18:42:02.762929,1533.85,18,0,Delhi,Delhi,0,mobile,0,1,1.02,0
T11423,M134,2026-08-07T21:13:25.762937,2373.25,21,0,Chennai,Kolkata,1,desktop,0,1,0.79,0
T11424,M106,2026-08-28T22:25:00.762946,772.22,22,1,Delhi,Jaipur,1,desktop,0,1,1.54,0
T11425,M130,2026-07-28T07:11:41.762956,2261.13,7,0,Mumbai,Kolkata,1,mobile,0,1,1.51,0
T11426,M127,2026-08-21T20:42:02.762964,10978.36,20,0,Mumbai,Jaipur,1,mobile,0,2,0.55,0
T11427,M100,2026-07-30T09:43:14.762974,737.47,9,0,Chennai,Bengaluru,1,desktop,1,1,1.47,0
T11428,M124,2026-07-30T10:10:17.762982,724.26,10,0,Hyderabad,Pune,1,tablet,0,2,1.45,0
T11429,M115,2026-08-21T04:47:05.762990,6754.39,4,0,Jaipur,Bengaluru,1,mobile,0,1,0.84,0
T11430,M104,2026-08-11T21:23:46.762998,18508.03,21,0,Pune,Pune,0,mobile,0,1,0.93,0
T11431,M124,2026-07-23T03:47:08.763006,495.75,3,0,Kolkata,Bhubaneswar,1,mobile,0,3,0.99,0
T11432,M134,2026-07-26T13:55:39.763014,5219.53,13,0,Bhubaneswar,Kolkata,1,desktop,0,1,1.74,0
T11433,M115,2026-08-25T03:24:51.763022,8739.91,3,0,Chennai,Pune,1,tablet,1,1,1.09,0
T11434,M134,2026-09-03T16:25:36.763031,2572.36,16,0,Bengaluru,Kolkata,1,desktop,0,3,0.86,0
T11435,M119,2026-07-29T23:33:11.763039,62757.39,23,1,Jaipur,Hyderabad,1,desktop,0,1,7.84,0
T11436,M125,2026-08-12T10:27:51.763047,665.41,10,0,Kolkata,Ahmedabad,1,desktop,0,1,1.33,0
T11437,M133,2026-08-01T23:42:30.763057,2109.64,23,0,Hyderabad,Bhubaneswar,1,mobile,0,4,0.7,0
T11438,M123,2026-09-04T16:47:19.763065,1794.17,16,0,Pune,Chennai,1,mobile,0,1,0.22,0
T11439,M128,2026-08-06T13:41:54.763073,23634.53,13,0,Bhubaneswar,Kolkata,1,mobile,0,1,1.18,0
T11440,M124,2026-08-17T02:43:55.763081,312.42,2,0,Bhubaneswar,Bengaluru,1,desktop,0,5,0.62,0
T11441,M125,2026-08-19T21:48:14.763090,699.08,21,1,Hyderabad,Bengaluru,1,desktop,0,1,1.4,0
T11442,M131,2026-08-07T08:13:00.763098,238.84,8,1,Mumbai,Delhi,1,mobile,0,1,0.48,0
T11443,M103,2026-08-08T02:02:07.763106,282.96,2,1,Pune,Pune,0,mobile,1,2,0.57,0
T11444,M104,2026-08-09T14:39:20.763114,15020.11,14,0,Ahmedabad,Ahmedabad,0,desktop,0,2,0.75,0
T11445,M135,2026-07-30T17:59:41.763123,2269.43,17,0,Bengaluru,Bengaluru,0,desktop,1,1,0.76,0
T11446,M135,2026-08-18T19:18:03.763130,1714.35,19,0,Hyderabad,Delhi,1,tablet,1,4,0.57,0
T11447,M102,2026-07-29T13:47:02.763140,826.72,13,0,Ahmedabad,Kolkata,1,desktop,0,1,0.55,0
T11448,M123,2026-08-13T09:31:41.763148,6254.27,9,1,Ahmedabad,Bhubaneswar,1,desktop,1,3,0.78,1
T11449,M104,2026-07-31T14:17:39.763156,17422.98,14,0,Chennai,Kolkata,1,mobile,1,1,0.87,1
T11450,M112,2026-08-22T18:43:23.763164,1093.49,18,0,Delhi,Pune,1,tablet,0,5,0.73,0
T11451,M137,2026-08-12T06:30:02.763172,4708.25,6,1,Pune,Chennai,1,mobile,1,1,1.57,1
T11452,M101,2026-08-15T18:14:09.763181,2697.17,18,0,Chennai,Chennai,0,desktop,0,8,0.9,0
T11453,M129,2026-08-24T00:04:08.763192,609.81,0,1,Jaipur,Mumbai,1,mobile,1,3,1.22,0
T11454,M136,2026-07-23T22:11:01.763200,1369.79,22,1,Kolkata,Mumbai,1,tablet,0,1,0.91,0
T11455,M132,2026-09-02T10:20:49.763208,626.22,10,0,Kolkata,Kolkata,0,tablet,1,1,1.25,0
T11456,M135,2026-08-01T08:32:55.763216,2057.2,8,0,Delhi,Pune,1,tablet,0,3,0.69,0
T11457,M106,2026-08-03T18:52:12.763226,511.05,18,0,Pune,Delhi,1,mobile,0,1,1.02,0
T11458,M104,2026-07-23T11:02:15.763234,17802.72,11,0,Bhubaneswar,Delhi,1,mobile,1,1,0.89,1
T11459,M121,2026-08-30T03:42:35.763243,7120.27,3,0,Bhubaneswar,Delhi,1,mobile,0,2,0.36,0
T11460,M105,2026-08-01T00:00:37.763250,300000,0,0,Hyderabad,Hyderabad,0,mobile,0,2,15.0,0
T11461,M112,2026-08-15T02:25:53.763260,2303.93,2,0,Ahmedabad,Bhubaneswar,1,tablet,0,1,1.54,0
T11462,M103,2026-08-13T11:22:08.763268,508.95,11,0,Hyderabad,Chennai,1,mobile,0,3,1.02,0
T11463,M107,2026-08-26T02:42:02.763276,520.65,2,1,Hyderabad,Bengaluru,1,desktop,0,2,1.04,0
T11464,M137,2026-08-06T09:30:11.763284,1854.19,9,1,Kolkata,Chennai,1,desktop,0,2,0.62,0
T11465,M116,2026-08-05T15:42:43.763292,2150.31,15,0,Delhi,Mumbai,1,mobile,1,1,0.72,0
T11466,M127,2026-07-26T20:57:01.763300,12136.59,20,0,Delhi,Pune,1,tablet,1,2,0.61,0
T11467,M138,2026-08-24T21:57:18.763310,119.89,21,1,Bhubaneswar,Chennai,1,tablet,0,2,0.24,0
T11468,M130,2026-08-09T23:23:52.763318,481.26,23,0,Hyderabad,Hyderabad,0,tablet,0,1,0.32,0
T11469,M129,2026-08-07T17:42:57.763326,500.65,17,0,Kolkata,Ahmedabad,1,desktop,0,1,1.0,0
T11470,M126,2026-07-24T04:19:15.763335,4479.69,4,1,Bengaluru,Kolkata,1,desktop,0,1,1.49,0
T11471,M111,2026-07-30T07:46:22.763343,9930.23,7,0,Bengaluru,Hyderabad,1,mobile,0,1,0.5,0
T11472,M112,2026-07-24T01:03:35.763351,1147.78,1,0,Jaipur,Chennai,1,mobile,0,1,0.77,0
T11473,M127,2026-09-02T07:58:57.763359,20079.02,7,0,Mumbai,Pune,1,mobile,0,1,1.0,0
T11474,M118,2026-07-29T20:38:00.763367,544.64,20,0,Kolkata,Ahmedabad,1,mobile,0,4,1.09,0
T11475,M119,2026-08-25T04:47:05.763374,15634.18,4,1,Bhubaneswar,Delhi,1,tablet,0,1,1.95,0
T11476,M108,2026-08-09T22:22:38.763382,5550.27,22,1,Hyderabad,Hyderabad,0,desktop,1,1,3.7,1
T11477,M130,2026-08-30T04:29:44.763393,1228.8,4,0,Pune,Bhubaneswar,1,desktop,1,1,0.82,1
T11478,M136,2026-09-05T05:38:08.763401,1606.19,5,1,Hyderabad,Ahmedabad,1,tablet,0,1,1.07,0
T11479,M106,2026-08-10T15:21:33.763409,765.76,15,0,Bhubaneswar,Pune,1,mobile,0,1,1.53,0
T11480,M117,2026-07-26T05:46:25.763417,511.85,5,0,Chennai,Bengaluru,1,desktop,0,2,0.34,0
T11481,M100,2026-08-07T21:01:56.763425,608.2,21,0,Bhubaneswar,Ahmedabad,1,tablet,0,1,1.22,0
T11482,M120,2026-08-21T08:24:33.763433,3595.44,8,0,Hyderabad,Bhubaneswar,1,tablet,0,1,1.2,0
T11483,M112,2026-08-17T09:43:27.763441,1231.53,9,0,Chennai,Hyderabad,1,desktop,0,1,0.82,0
T11484,M116,2026-08-01T21:45:24.763449,3167.72,21,0,Kolkata,Delhi,1,desktop,1,1,1.06,0
T11485,M124,2026-08-18T22:43:47.763457,535.6,22,0,Ahmedabad,Pune,1,mobile,0,4,1.07,0
T11486,M138,2026-08-13T23:58:18.763465,442.41,23,1,Mumbai,Delhi,1,mobile,0,3,0.88,0
T11487,M120,2026-09-01T08:55:20.763475,4556.85,8,0,Jaipur,Mumbai,1,tablet,0,1,1.52,0
T11488,M139,2026-09-01T13:53:45.763483,1556.99,13,0,Bhubaneswar,Mumbai,1,tablet,0,1,1.04,0
T11489,M104,2026-09-05T23:46:24.763494,8533.18,23,1,Bengaluru,Delhi,1,tablet,0,1,0.43,0
T11490,M123,2026-08-09T07:49:46.763503,6263.51,7,1,Ahmedabad,Kolkata,1,tablet,0,1,0.78,0
T11491,M109,2026-08-18T14:22:47.763511,27018.92,14,0,Hyderabad,Ahmedabad,1,mobile,1,1,1.35,0
T11492,M115,2026-07-25T17:38:37.763519,5489.96,17,0,Hyderabad,Ahmedabad,1,mobile,0,1,0.69,0
T11493,M108,2026-08-16T07:01:20.763527,895.16,7,1,Kolkata,Kolkata,0,mobile,0,1,0.6,0
T11494,M126,2026-08-18T16:37:57.763535,18894.16,16,0,Ahmedabad,Mumbai,1,desktop,0,2,6.3,0
T11495,M110,2026-08-11T06:32:59.763544,22214.18,6,1,Jaipur,Mumbai,1,tablet,0,2,1.11,0
T11496,M132,2026-08-10T20:20:30.763552,572.01,20,0,Pune,Hyderabad,1,desktop,0,3,1.14,0
T11497,M128,2026-07-24T09:22:29.763561,24529.96,9,0,Jaipur,Kolkata,1,mobile,0,1,1.23,0
T11498,M113,2026-08-01T16:58:59.763569,20799.77,16,0,Hyderabad,Bhubaneswar,1,desktop,0,1,1.04,0
T11499,M136,2026-09-04T04:57:56.763578,523.02,4,1,Chennai,Hyderabad,1,tablet,0,1,0.35,0
T11500,M121,2026-08-02T00:13:05.763585,7236.3,0,0,Ahmedabad,Kolkata,1,tablet,1,2,0.36,0
T11501,M138,2026-08-05T20:14:53.763593,500.82,20,1,Hyderabad,Delhi,1,tablet,0,1,1.0,0
T11502,M103,2026-09-02T14:28:14.763601,4621.77,14,0,Bhubaneswar,Bengaluru,1,mobile,0,1,9.24,0
T11503,M127,2026-08-28T00:06:49.763610,20450.85,0,0,Delhi,Chennai,1,desktop,0,1,1.02,0
T11504,M107,2026-08-06T15:42:50.763619,638.89,15,0,Hyderabad,Delhi,1,tablet,0,2,1.28,0
T11505,M130,2026-07-31T11:12:07.763628,7608.98,11,0,Hyderabad,Ahmedabad,1,tablet,0,1,5.07,0
T11506,M136,2026-08-15T06:43:12.763637,2348.75,6,1,Kolkata,Kolkata,0,mobile,0,1,1.57,0
T11507,M111,2026-07-23T15:15:34.763646,24752.95,15,0,Mumbai,Delhi,1,desktop,0,2,1.24,0
T11508,M117,2026-07-24T04:14:35.763654,767.76,4,0,Ahmedabad,Mumbai,1,tablet,0,1,0.51,0
T11509,M135,2026-08-26T02:47:33.763662,286.15,2,0,Hyderabad,Mumbai,1,desktop,0,1,0.1,0
T11510,M130,2026-08-18T10:17:39.763670,1953.03,10,0,Jaipur,Jaipur,0,mobile,0,1,1.3,0
T11511,M137,2026-08-11T11:54:24.763678,4508.05,11,0,Pune,Chennai,1,mobile,0,2,1.5,0
T11512,M134,2026-08-11T18:57:05.763686,2184.77,18,0,Bengaluru,Pune,1,desktop,0,1,0.73,0
T11513,M110,2026-09-04T04:25:23.763694,200582.94,4,1,Bengaluru,Bhubaneswar,1,desktop,0,1,10.03,0
T11514,M136,2026-07-29T18:21:14.763703,2552.86,18,0,Kolkata,Delhi,1,desktop,1,3,1.7,0
T11515,M133,2026-07-28T00:45:12.763711,2696.69,0,0,Chennai,Jaipur,1,tablet,0,4,0.9,0
T11516,M121,2026-08-15T17:44:09.763719,29632.01,17,0,Jaipur,Kolkata,1,tablet,0,1,1.48,0
T11517,M126,2026-08-25T09:08:46.763728,4305.1,9,1,Delhi,Hyderabad,1,tablet,0,1,1.44,0
T11518,M112,2026-08-26T18:14:08.763736,2565.87,18,0,Delhi,Ahmedabad,1,mobile,0,3,1.71,0
T11519,M125,2026-08-06T16:39:16.763744,501.33,16,0,Jaipur,Delhi,1,mobile,0,1,1.0,0
T11520,M111,2026-09-01T04:05:23.763752,20501.87,4,0,Delhi,Kolkata,1,desktop,0,1,1.03,0
T11521,M121,2026-08-10T19:33:30.763760,16963.36,19,0,Chennai,Kolkata,1,tablet,0,1,0.85,0
T11522,M102,2026-08-24T23:01:44.763769,1348.38,23,1,Mumbai,Chennai,1,tablet,0,1,0.9,0
T11523,M106,2026-08-12T12:16:59.763779,502.75,12,0,Bhubaneswar,Pune,1,tablet,0,1,1.01,0
T11524,M131,2026-08-28T20:09:24.763787,688.45,20,0,Delhi,Hyderabad,1,tablet,0,2,1.38,0
T11525,M124,2026-08-28T08:30:32.763796,373.44,8,0,Bhubaneswar,Ahmedabad,1,mobile,0,1,0.75,0
T11526,M128,2026-08-02T12:06:18.763803,17300.46,12,0,Bhubaneswar,Mumbai,1,tablet,0,1,0.87,0
T11527,M136,2026-08-10T20:03:36.763813,1324.38,20,1,Jaipur,Mumbai,1,desktop,0,1,0.88,0
T11528,M128,2026-08-06T05:37:24.763821,21381.33,5,1,Kolkata,Delhi,1,tablet,0,1,1.07,0
T11529,M131,2026-08-04T01:57:20.763829,4538.06,1,1,Bengaluru,Kolkata,1,mobile,0,1,9.08,1
T11530,M137,2026-09-02T00:55:25.763838,1103.41,0,1,Delhi,Delhi,0,mobile,0,1,0.37,0
T11531,M136,2026-07-24T03:23:13.763846,1539.64,3,1,Pune,Kolkata,1,mobile,1,2,1.03,1
T11532,M134,2026-07-28T03:40:52.763854,2726.65,3,1,Kolkata,Delhi,1,mobile,1,1,0.91,1
T11533,M130,2026-08-11T11:22:47.763862,1576.68,11,0,Hyderabad,Bengaluru,1,mobile,0,1,1.05,0
T11534,M112,2026-08-13T15:32:47.763870,1095.47,15,0,Ahmedabad,Delhi,1,tablet,0,1,0.73,0
T11535,M114,2026-08-01T19:40:05.763878,287.93,19,0,Bengaluru,Kolkata,1,mobile,0,1,0.58,0
T11536,M133,2026-08-24T07:38:33.763885,2852.94,7,0,Bengaluru,Pune,1,mobile,0,3,0.95,0
T11537,M130,2026-08-15T05:01:52.763896,2234.17,5,0,Delhi,Bengaluru,1,desktop,0,1,1.49,0
T11538,M104,2026-07-30T02:01:59.763904,12134.7,2,1,Delhi,Ahmedabad,1,tablet,0,5,0.61,0
T11539,M126,2026-09-01T18:12:14.763912,944.15,18,0,Hyderabad,Chennai,1,desktop,0,1,0.31,0
T11540,M125,2026-07-24T08:01:56.763920,613.64,8,1,Ahmedabad,Bhubaneswar,1,mobile,0,2,1.23,0
T11541,M132,2026-09-04T03:15:43.763928,801.33,3,0,Bengaluru,Hyderabad,1,tablet,0,1,1.6,0
T11542,M138,2026-07-24T11:49:02.763936,277.02,11,0,Bengaluru,Mumbai,1,desktop,0,1,0.55,0
T11543,M121,2026-08-06T17:23:58.763944,25101.16,17,0,Bhubaneswar,Pune,1,desktop,0,3,1.26,0
T11544,M137,2026-08-25T17:49:28.763952,1311.44,17,0,Bhubaneswar,Bengaluru,1,desktop,0,1,0.44,0
T11545,M134,2026-08-17T02:08:45.763960,2329.15,2,1,Delhi,Chennai,1,tablet,0,1,0.78,0
T11546,M132,2026-08-03T01:15:19.763968,332.24,1,0,Bhubaneswar,Hyderabad,1,desktop,0,5,0.66,0
T11547,M126,2026-08-05T12:18:06.763977,5406.39,12,0,Kolkata,Hyderabad,1,tablet,0,3,1.8,0
T11548,M118,2026-08-01T05:07:35.763985,427.07,5,1,Pune,Hyderabad,1,desktop,0,1,0.85,0
T11549,M118,2026-08-22T23:49:03.763993,325.16,23,1,Bhubaneswar,Pune,1,mobile,0,3,0.65,0
T11550,M125,2026-08-15T12:06:03.764001,404.52,12,0,Pune,Bengaluru,1,desktop,0,1,0.81,0
T11551,M135,2026-08-11T01:46:21.764009,1284.89,1,0,Chennai,Ahmedabad,1,desktop,0,4,0.43,0
T11552,M132,2026-08-19T12:55:53.764018,362.02,12,0,Ahmedabad,Bhubaneswar,1,mobile,0,1,0.72,0
T11553,M111,2026-07-28T23:00:29.764026,23011.89,23,0,Mumbai,Mumbai,0,mobile,0,1,1.15,0
T11554,M106,2026-09-05T22:22:27.764034,4389.06,22,1,Mumbai,Mumbai,0,mobile,0,1,8.78,0
T11555,M127,2026-08-03T16:12:46.764048,11614.77,16,0,Bhubaneswar,Bhubaneswar,0,tablet,1,2,0.58,0
T11556,M115,2026-07-30T08:32:48.764059,12194.89,8,0,Bengaluru,Kolkata,1,mobile,0,1,1.52,0
T11557,M136,2026-08-27T22:29:38.764070,1614.23,22,1,Chennai,Ahmedabad,1,mobile,0,1,1.08,0
T11558,M129,2026-08-21T14:02:37.764082,562.43,14,0,Delhi,Mumbai,1,mobile,0,1,1.12,0
T11559,M124,2026-08-13T15:37:12.764095,606.54,15,0,Delhi,Delhi,0,desktop,0,2,1.21,0
T11560,M124,2026-09-02T06:48:17.764104,353.31,6,0,Chennai,Hyderabad,1,tablet,0,1,0.71,0
T11561,M120,2026-07-23T23:56:08.764112,2223.55,23,0,Bhubaneswar,Kolkata,1,desktop,0,1,0.74,0
T11562,M138,2026-09-01T14:54:19.764121,438.56,14,0,Hyderabad,Hyderabad,0,desktop,0,1,0.88,0
T11563,M114,2026-08-10T09:53:03.764129,315.16,9,0,Ahmedabad,Mumbai,1,tablet,0,4,0.63,0
T11564,M128,2026-08-26T14:35:10.764137,22458.16,14,0,Kolkata,Mumbai,1,desktop,0,1,1.12,0
T11565,M127,2026-08-04T08:48:36.764146,12450.8,8,0,Chennai,Pune,1,desktop,0,1,0.62,0
T11566,M133,2026-08-21T01:48:29.764154,14300.04,1,0,Mumbai,Hyderabad,1,mobile,0,2,4.77,0
T11567,M135,2026-07-25T10:07:48.764164,2847.02,10,0,Jaipur,Chennai,1,desktop,0,1,0.95,0
T11568,M111,2026-08-03T02:42:27.764173,15930.42,2,0,Delhi,Bhubaneswar,1,mobile,0,1,0.8,0
T11569,M111,2026-08-05T23:37:38.764181,22601.89,23,0,Kolkata,Bengaluru,1,mobile,1,1,1.13,0
T11570,M104,2026-07-26T06:18:21.764189,20905.67,6,1,Jaipur,Delhi,1,desktop,0,1,1.05,0
T11571,M134,2026-08-01T01:26:44.764197,2059.71,1,1,Mumbai,Pune,1,mobile,0,2,0.69,0
T11572,M132,2026-09-04T10:21:43.764206,2645.83,10,0,Bengaluru,Hyderabad,1,tablet,0,2,5.29,0
T11573,M115,2026-08-14T01:50:54.764214,8602.47,1,0,Delhi,Hyderabad,1,mobile,0,1,1.08,0
T11574,M124,2026-07-29T14:08:23.764222,722.28,14,0,Kolkata,Jaipur,1,tablet,1,2,1.44,0
T11575,M133,2026-08-09T04:09:53.764231,3004.8,4,0,Bhubaneswar,Kolkata,1,desktop,0,1,1.0,0
T11576,M131,2026-07-29T02:52:48.764239,546.0,2,1,Pune,Chennai,1,mobile,0,1,1.09,0
T11577,M123,2026-07-24T03:37:02.764249,5949.25,3,1,Hyderabad,Mumbai,1,mobile,0,1,0.74,0
T11578,M137,2026-08-30T08:49:39.764257,3036.22,8,1,Kolkata,Hyderabad,1,mobile,0,1,1.01,0
T11579,M131,2026-08-11T08:56:50.764265,390.39,8,1,Ahmedabad,Pune,1,mobile,0,1,0.78,0
T11580,M109,2026-09-04T12:55:33.764273,17643.75,12,0,Pune,Ahmedabad,1,desktop,1,3,0.88,0
T11581,M118,2026-08-09T05:08:31.764283,428.77,5,1,Jaipur,Ahmedabad,1,mobile,1,4,0.86,1
T11582,M122,2026-08-08T01:58:12.764291,657.08,1,1,Delhi,Bengaluru,1,tablet,0,2,1.31,0
T11583,M113,2026-08-22T14:35:20.764299,36942.06,14,0,Mumbai,Ahmedabad,1,desktop,0,1,1.85,0
T11584,M120,2026-08-05T19:45:51.764307,1543.6,19,0,Ahmedabad,Ahmedabad,0,desktop,0,2,0.51,0
T11585,M136,2026-08-16T13:16:18.764316,2295.57,13,0,Bengaluru,Kolkata,1,desktop,0,1,1.53,0
T11586,M117,2026-07-29T23:30:56.764324,2334.85,23,0,Kolkata,Chennai,1,desktop,0,1,1.56,0
T11587,M108,2026-08-01T10:24:04.764334,2538.2,10,0,Hyderabad,Kolkata,1,mobile,0,1,1.69,0
T11588,M113,2026-07-23T00:27:38.764343,236442.79,0,0,Delhi,Hyderabad,1,desktop,0,3,11.82,0
T11589,M107,2026-07-26T20:58:16.764352,493.27,20,0,Pune,Bhubaneswar,1,tablet,1,5,0.99,1
T11590,M116,2026-08-20T00:06:15.764360,651.51,0,1,Pune,Pune,0,tablet,0,1,0.22,0
T11591,M133,2026-08-25T03:05:17.764368,2094.51,3,0,Bhubaneswar,Hyderabad,1,mobile,0,2,0.7,0
T11592,M132,2026-08-06T13:59:17.764376,178.97,13,0,Bhubaneswar,Chennai,1,desktop,0,1,0.36,0
T11593,M114,2026-09-03T17:56:37.764384,502.27,17,0,Ahmedabad,Bengaluru,1,mobile,0,1,1.0,0
T11594,M125,2026-08-12T08:18:36.764392,345.93,8,1,Bhubaneswar,Ahmedabad,1,tablet,0,1,0.69,0
T11595,M127,2026-08-11T16:44:11.764400,17260.43,16,0,Bengaluru,Kolkata,1,desktop,0,5,0.86,0
T11596,M119,2026-08-03T10:23:23.764408,50,10,0,Kolkata,Bhubaneswar,1,mobile,0,1,0.01,0
T11597,M139,2026-08-31T01:08:41.764417,1677.56,1,1,Bengaluru,Bhubaneswar,1,desktop,1,1,1.12,0
T11598,M105,2026-08-30T15:26:00.764426,19640.1,15,0,Delhi,Bengaluru,1,mobile,0,1,0.98,0
T11599,M123,2026-08-24T22:35:20.764434,6181.0,22,1,Pune,Bhubaneswar,1,mobile,1,1,0.77,1
T11600,M102,2026-08-20T06:53:06.764443,18628.07,6,1,Bengaluru,Kolkata,1,desktop,0,1,12.42,1
T11601,M133,2026-07-26T11:19:01.764452,3168.54,11,0,Chennai,Bengaluru,1,mobile,1,1,1.06,0
T11602,M132,2026-07-27T15:47:17.764460,357.67,15,0,Kolkata,Pune,1,tablet,0,1,0.72,0
T11603,M132,2026-08-06T20:46:49.764468,503.21,20,0,Kolkata,Kolkata,0,mobile,0,2,1.01,0
T11604,M113,2026-08-03T16:12:50.764476,27867.39,16,0,Delhi,Bengaluru,1,mobile,0,8,1.39,0
T11605,M118,2026-08-29T09:20:32.764485,575.08,9,0,Pune,Bhubaneswar,1,mobile,0,2,1.15,0
T11606,M135,2026-08-27T09:35:23.764494,592.65,9,0,Ahmedabad,Mumbai,1,desktop,0,1,0.2,0
T11607,M102,2026-09-01T19:46:38.764504,760.61,19,0,Chennai,Kolkata,1,mobile,0,2,0.51,0
T11608,M120,2026-08-13T19:38:10.764516,3716.61,19,0,Kolkata,Pune,1,tablet,0,3,1.24,0
T11609,M110,2026-08-04T03:46:14.764525,25277.12,3,1,Ahmedabad,Pune,1,mobile,0,1,1.26,0
T11610,M131,2026-08-05T11:31:58.764533,766.8,11,0,Mumbai,Pune,1,tablet,0,1,1.53,0
T11611,M106,2026-08-15T10:18:03.764542,324.28,10,0,Jaipur,Hyderabad,1,mobile,0,1,0.65,0
T11612,M132,2026-08-05T06:23:15.764550,88.01,6,0,Bhubaneswar,Bhubaneswar,0,mobile,1,1,0.18,0
T11613,M129,2026-08-26T21:37:14.764558,419.08,21,0,Chennai,Jaipur,1,desktop,0,1,0.84,0
T11614,M104,2026-08-15T00:39:10.764567,23984.69,0,1,Bhubaneswar,Bhubaneswar,0,mobile,0,3,1.2,0
T11615,M116,2026-08-06T13:39:16.764576,1905.51,13,0,Mumbai,Hyderabad,1,tablet,0,3,0.64,0
T11616,M133,2026-08-03T02:51:41.764584,5861.89,2,0,Kolkata,Mumbai,1,desktop,0,1,1.95,0
T11617,M134,2026-08-31T12:40:24.764593,3745.25,12,0,Kolkata,Mumbai,1,tablet,0,3,1.25,0
T11618,M119,2026-08-29T07:38:03.764601,7161.63,7,1,Hyderabad,Jaipur,1,tablet,0,1,0.9,0
T11619,M124,2026-08-19T05:07:35.764610,461.81,5,0,Bengaluru,Jaipur,1,tablet,0,1,0.92,0
T11620,M115,2026-08-15T06:52:57.764618,9673.71,6,0,Chennai,Bengaluru,1,tablet,0,1,1.21,0
T11621,M127,2026-08-01T21:35:09.764626,20547.06,21,0,Pune,Delhi,1,desktop,0,1,1.03,0
T11622,M104,2026-07-26T16:36:34.764636,36164.44,16,0,Mumbai,Hyderabad,1,mobile,0,2,1.81,0
T11623,M111,2026-07-28T11:53:11.764644,18247.66,11,0,Pune,Delhi,1,tablet,0,2,0.91,0
T11624,M107,2026-08-15T08:29:14.764652,420.41,8,1,Delhi,Pune,1,mobile,0,1,0.84,1
T11625,M101,2026-09-05T05:05:55.764661,2156.64,5,1,Delhi,Delhi,0,mobile,0,1,0.72,0
T11626,M134,2026-08-01T10:01:29.764669,295.14,10,0,Mumbai,Pune,1,desktop,0,2,0.1,0
T11627,M125,2026-08-02T07:13:02.764679,560.72,7,1,Bhubaneswar,Ahmedabad,1,tablet,0,2,1.12,1
T11628,M114,2026-09-01T12:04:33.764686,256.31,12,0,Ahmedabad,Kolkata,1,desktop,0,1,0.51,0
T11629,M128,2026-08-01T02:55:46.764695,32584.58,2,1,Pune,Pune,0,desktop,0,2,1.63,0
T11630,M129,2026-07-27T03:05:40.764704,559.8,3,1,Delhi,Bhubaneswar,1,mobile,0,1,1.12,0
T11631,M121,2026-07-28T19:19:20.764712,22681.95,19,0,Mumbai,Pune,1,mobile,0,1,1.13,0
T11632,M106,2026-07-25T15:46:41.764720,774.29,15,0,Chennai,Kolkata,1,mobile,0,1,1.55,0
T11633,M133,2026-08-09T15:38:25.764728,2336.99,15,0,Chennai,Chennai,0,desktop,1,1,0.78,0
T11634,M105,2026-09-03T04:50:47.764736,26342.74,4,0,Delhi,Pune,1,mobile,0,1,1.32,0
T11635,M107,2026-07-31T20:33:59.764744,685.48,20,0,Bhubaneswar,Delhi,1,mobile,0,1,1.37,0
T11636,M134,2026-09-05T07:29:27.764752,4389.58,7,1,Bhubaneswar,Jaipur,1,desktop,0,3,1.46,0
T11637,M125,2026-08-28T12:17:42.764761,217.36,12,0,Chennai,Kolkata,1,mobile,0,1,0.43,0
T11638,M104,2026-07-27T13:41:05.764769,30115.27,13,0,Ahmedabad,Mumbai,1,desktop,0,2,1.51,0
T11639,M110,2026-08-20T16:11:40.764777,16641.8,16,0,Hyderabad,Delhi,1,desktop,0,1,0.83,0
T11640,M106,2026-08-22T14:46:50.764785,585.95,14,0,Bengaluru,Bengaluru,0,tablet,1,4,1.17,0
T11641,M126,2026-07-23T05:57:33.764793,1749.33,5,1,Chennai,Bhubaneswar,1,tablet,0,2,0.58,0
T11642,M103,2026-08-12T20:27:49.764801,571.93,20,1,Jaipur,Chennai,1,desktop,1,1,1.14,1
T11643,M137,2026-08-05T22:57:05.764809,4726.16,22,1,Bhubaneswar,Delhi,1,tablet,0,1,1.58,0
T11644,M107,2026-08-11T16:17:38.764819,220.94,16,0,Bhubaneswar,Bengaluru,1,tablet,1,1,0.44,0
T11645,M102,2026-08-03T04:45:58.764827,963.26,4,1,Mumbai,Delhi,1,tablet,1,1,0.64,0
T11646,M107,2026-08-19T21:13:41.764835,637.38,21,0,Mumbai,Kolkata,1,mobile,0,1,1.27,0
T11647,M107,2026-09-03T04:01:36.764844,502.43,4,1,Kolkata,Kolkata,0,tablet,0,1,1.0,0
T11648,M109,2026-08-02T00:43:04.764852,16038.19,0,1,Hyderabad,Ahmedabad,1,desktop,0,4,0.8,0
T11649,M127,2026-08-14T11:54:45.764861,23310.71,11,0,Mumbai,Ahmedabad,1,tablet,0,1,1.17,0
T11650,M109,2026-08-05T18:02:19.764869,185865.85,18,0,Jaipur,Delhi,1,tablet,0,1,9.29,0
T11651,M112,2026-08-25T09:52:48.764878,2121.66,9,0,Ahmedabad,Kolkata,1,desktop,0,1,1.41,0
T11652,M101,2026-08-29T21:44:24.764886,3135.28,21,0,Jaipur,Jaipur,0,tablet,0,4,1.05,0
T11653,M133,2026-08-04T08:40:35.764895,4377.64,8,0,Chennai,Jaipur,1,desktop,0,2,1.46,0
T11654,M106,2026-08-03T16:50:54.764902,622.64,16,0,Jaipur,Bhubaneswar,1,tablet,0,2,1.25,0
T11655,M131,2026-08-17T15:20:47.764911,4760.92,15,0,Pune,Jaipur,1,desktop,0,1,9.52,0
T11656,M106,2026-08-27T13:21:46.764919,382.16,13,0,Chennai,Bhubaneswar,1,mobile,0,1,0.76,0
T11657,M136,2026-08-19T08:55:59.764930,2456.63,8,1,Kolkata,Ahmedabad,1,tablet,0,1,1.64,0
T11658,M121,2026-08-09T07:35:45.764938,14152.36,7,0,Hyderabad,Kolkata,1,tablet,0,1,0.71,0
T11659,M108,2026-08-03T05:17:21.764946,1579.72,5,1,Mumbai,Hyderabad,1,desktop,1,1,1.05,0
T11660,M135,2026-08-13T09:55:47.764954,2832.99,9,0,Pune,Delhi,1,mobile,1,1,0.94,0
T11661,M117,2026-08-23T04:58:18.764962,1084.55,4,0,Ahmedabad,Hyderabad,1,mobile,0,1,0.72,0
T11662,M116,2026-08-30T09:29:51.764970,1379.58,9,0,Hyderabad,Mumbai,1,desktop,0,1,0.46,0
T11663,M100,2026-09-05T22:56:02.764978,308.1,22,1,Hyderabad,Kolkata,1,desktop,0,1,0.62,0
T11664,M136,2026-08-05T11:18:32.764986,2426.4,11,0,Ahmedabad,Jaipur,1,tablet,0,1,1.62,0
T11665,M136,2026-07-24T00:41:16.764994,1500.54,0,1,Hyderabad,Bengaluru,1,mobile,0,1,1.0,0
T11666,M113,2026-08-01T14:04:21.765002,25979.39,14,0,Hyderabad,Bhubaneswar,1,mobile,0,1,1.3,0
T11667,M123,2026-08-22T10:27:36.765011,10632.76,10,0,Chennai,Kolkata,1,mobile,0,1,1.33,0
T11668,M124,2026-07-23T08:40:52.765020,525.36,8,0,Kolkata,Delhi,1,mobile,0,2,1.05,0
T11669,M106,2026-08-13T02:10:01.765028,547.09,2,1,Bengaluru,Chennai,1,tablet,0,1,1.09,0
T11670,M137,2026-09-04T15:10:54.765036,4547.41,15,0,Ahmedabad,Bengaluru,1,tablet,0,1,1.52,0
T11671,M127,2026-07-31T08:21:06.765044,17481.54,8,0,Ahmedabad,Chennai,1,desktop,0,1,0.87,0
T11672,M101,2026-08-01T12:28:14.765052,2033.53,12,0,Delhi,Bhubaneswar,1,mobile,0,2,0.68,0
T11673,M134,2026-09-02T14:28:55.765060,3649.59,14,0,Ahmedabad,Kolkata,1,tablet,0,1,1.22,0
T11674,M133,2026-07-31T17:16:24.765068,2154.59,17,0,Mumbai,Jaipur,1,tablet,0,1,0.72,0
T11675,M105,2026-08-08T10:53:38.765076,18589.64,10,0,Delhi,Chennai,1,desktop,0,1,0.93,0
T11676,M127,2026-08-15T19:17:01.765084,23194.54,19,0,Hyderabad,Delhi,1,tablet,0,1,1.16,0
T11677,M134,2026-07-26T21:11:22.765093,2342.59,21,0,Pune,Ahmedabad,1,mobile,1,1,0.78,0
T11678,M102,2026-08-29T03:38:53.765101,1640.86,3,1,Mumbai,Mumbai,0,mobile,0,1,1.09,0
T11679,M137,2026-07-26T22:14:43.765110,3020.44,22,1,Hyderabad,Ahmedabad,1,mobile,1,1,1.01,1
T11680,M103,2026-08-30T05:15:50.765118,616.41,5,1,Pune,Pune,0,desktop,0,1,1.23,0
T11681,M118,2026-08-28T12:33:36.765126,114.44,12,0,Bengaluru,Delhi,1,tablet,0,2,0.23,0
T11682,M130,2026-08-05T22:23:36.765134,184.56,22,0,Bengaluru,Chennai,1,tablet,0,1,0.12,0
T11683,M102,2026-08-16T14:39:54.765142,1573.31,14,0,Mumbai,Mumbai,0,tablet,0,1,1.05,0
T11684,M124,2026-08-08T18:09:51.765150,443.68,18,0,Chennai,Jaipur,1,mobile,0,1,0.89,0
T11685,M109,2026-08-30T17:11:16.765158,17390.0,17,0,Hyderabad,Pune,1,desktop,0,1,0.87,0
T11686,M136,2026-08-10T05:05:09.765167,10138.82,5,1,Kolkata,Hyderabad,1,mobile,1,1,6.76,1
T11687,M139,2026-08-09T05:29:41.765178,745.32,5,1,Mumbai,Bhubaneswar,1,tablet,1,4,0.5,1
T11688,M108,2026-07-26T02:57:53.765186,2502.2,2,1,Kolkata,Chennai,1,tablet,0,1,1.67,0
T11689,M100,2026-08-04T16:35:42.765194,634.0,16,0,Chennai,Bengaluru,1,tablet,0,4,1.27,0
T11690,M133,2026-08-01T09:39:31.765202,1530.65,9,0,Delhi,Kolkata,1,desktop,0,1,0.51,0
T11691,M125,2026-08-22T01:04:27.765210,735.57,1,1,Bengaluru,Jaipur,1,tablet,0,1,1.47,0
T11692,M119,2026-07-30T16:34:26.765218,14526.81,16,0,Bengaluru,Pune,1,tablet,0,2,1.82,0
T11693,M119,2026-08-29T18:34:45.765225,8854.1,18,0,Ahmedabad,Mumbai,1,desktop,1,1,1.11,0
T11694,M122,2026-08-28T09:57:16.765233,383.79,9,1,Bengaluru,Kolkata,1,mobile,0,2,0.77,0
T11695,M111,2026-08-06T06:08:25.765241,24726.86,6,0,Mumbai,Delhi,1,desktop,0,1,1.24,0
T11696,M118,2026-08-16T21:27:54.765249,173.53,21,0,Mumbai,Hyderabad,1,tablet,0,1,0.35,0
T11697,M133,2026-07-31T15:42:52.765259,1990.89,15,0,Chennai,Pune,1,tablet,0,5,0.66,0
T11698,M103,2026-08-24T16:41:29.765267,479.07,16,0,Mumbai,Chennai,1,mobile,0,1,0.96,0
T11699,M122,2026-08-01T10:12:34.765275,448.78,10,0,Chennai,Bhubaneswar,1,desktop,0,3,0.9,0
T11700,M109,2026-08-31T02:47:50.765283,22856.09,2,1,Jaipur,Ahmedabad,1,tablet,0,3,1.14,0
T11701,M112,2026-08-03T16:41:51.765291,1660.15,16,0,Hyderabad,Ahmedabad,1,mobile,0,1,1.11,0
T11702,M102,2026-09-03T19:51:01.765299,1367.08,19,0,Delhi,Bhubaneswar,1,tablet,1,1,0.91,1
T11703,M106,2026-08-14T09:44:05.765307,529.45,9,0,Kolkata,Jaipur,1,tablet,1,3,1.06,0
T11704,M111,2026-08-02T02:57:26.765315,125777.17,2,0,Kolkata,Delhi,1,tablet,0,1,6.29,1
T11705,M115,2026-08-25T09:50:25.765323,50,9,0,Ahmedabad,Ahmedabad,0,desktop,0,2,0.01,0
T11706,M126,2026-09-05T11:48:01.765331,4671.42,11,0,Pune,Bhubaneswar,1,desktop,0,1,1.56,0
T11707,M104,2026-08-31T05:47:11.765341,20215.25,5,1,Jaipur,Bhubaneswar,1,desktop,0,1,1.01,0
T11708,M133,2026-08-15T03:56:57.765353,2847.01,3,0,Kolkata,Hyderabad,1,mobile,0,2,0.95,0
T11709,M138,2026-08-16T13:09:39.765362,538.58,13,0,Hyderabad,Ahmedabad,1,desktop,0,1,1.08,0
T11710,M102,2026-08-25T18:01:10.765371,1475.67,18,0,Jaipur,Kolkata,1,tablet,0,1,0.98,0
T11711,M121,2026-08-03T12:40:50.765380,7044.9,12,0,Kolkata,Kolkata,0,desktop,0,4,0.35,0
T11712,M106,2026-07-28T15:32:49.765388,495.15,15,0,Mumbai,Hyderabad,1,mobile,0,1,0.99,0
T11713,M138,2026-07-27T06:46:11.765396,289.15,6,1,Mumbai,Kolkata,1,mobile,0,1,0.58,1
T11714,M113,2026-07-27T20:14:42.765404,33070.04,20,0,Pune,Pune,0,mobile,0,2,1.65,0
T11715,M136,2026-07-28T06:31:49.765413,1200.37,6,1,Ahmedabad,Kolkata,1,tablet,0,1,0.8,0
T11716,M133,2026-09-01T08:26:28.765421,14642.1,8,0,Jaipur,Mumbai,1,tablet,0,5,4.88,0
T11717,M115,2026-08-15T03:24:48.765431,13305.8,3,0,Jaipur,Jaipur,0,mobile,0,1,1.66,0
T11718,M139,2026-08-27T03:09:17.765440,1698.35,3,1,Mumbai,Bhubaneswar,1,mobile,1,1,1.13,1
T11719,M104,2026-08-30T23:41:47.765448,22616.16,23,1,Bhubaneswar,Bengaluru,1,mobile,0,2,1.13,0
T11720,M110,2026-08-11T13:09:36.765456,20489.1,13,0,Kolkata,Bhubaneswar,1,tablet,1,2,1.02,0
T11721,M135,2026-08-23T03:29:31.765465,1123.35,3,0,Bhubaneswar,Ahmedabad,1,mobile,0,3,0.37,0
T11722,M123,2026-08-20T02:42:34.765473,2115.57,2,1,Pune,Bhubaneswar,1,mobile,0,1,0.26,0
T11723,M136,2026-08-22T00:44:06.765481,2483.87,0,1,Hyderabad,Bengaluru,1,mobile,0,1,1.66,1
T11724,M114,2026-08-06T06:50:15.765490,565.98,6,1,Bhubaneswar,Jaipur,1,mobile,0,1,1.13,1
T11725,M130,2026-07-30T12:23:20.765498,480.74,12,0,Delhi,Ahmedabad,1,desktop,0,5,0.32,0
T11726,M113,2026-08-07T00:23:44.765506,50,0,0,Bhubaneswar,Hyderabad,1,desktop,0,1,0.0,0
T11727,M115,2026-09-04T14:39:13.765516,4086.81,14,0,Bengaluru,Jaipur,1,mobile,1,2,0.51,0
T11728,M122,2026-08-11T18:32:22.765525,576.06,18,0,Bhubaneswar,Bhubaneswar,0,desktop,0,1,1.15,0
T11729,M109,2026-08-11T17:05:36.765534,17394.5,17,0,Pune,Jaipur,1,tablet,0,1,0.87,0
T11730,M135,2026-08-10T13:22:03.765543,2010.44,13,0,Hyderabad,Mumbai,1,tablet,0,1,0.67,0
T11731,M109,2026-08-29T04:49:36.765552,16746.86,4,1,Jaipur,Pune,1,tablet,1,1,0.84,0
T11732,M112,2026-08-29T17:19:31.765560,1419.9,17,0,Chennai,Jaipur,1,desktop,0,1,0.95,0
T11733,M110,2026-08-15T05:11:47.765568,29932.99,5,1,Mumbai,Mumbai,0,tablet,0,3,1.5,0
T11734,M124,2026-07-26T00:44:24.765576,599.67,0,0,Kolkata,Jaipur,1,mobile,0,1,1.2,0
T11735,M121,2026-08-31T23:19:03.765585,19961.01,23,0,Mumbai,Mumbai,0,mobile,0,1,1.0,0
T11736,M105,2026-08-06T05:12:36.765593,17863.26,5,0,Mumbai,Ahmedabad,1,desktop,1,2,0.89,0
T11737,M137,2026-08-13T12:17:52.765603,2659.28,12,0,Bengaluru,Mumbai,1,tablet,0,1,0.89,0
T11738,M131,2026-08-13T09:11:38.765611,347.8,9,0,Ahmedabad,Bengaluru,1,tablet,1,1,0.7,0
T11739,M138,2026-07-29T15:38:29.765619,557.3,15,0,Jaipur,Delhi,1,tablet,0,3,1.11,0
T11740,M124,2026-09-05T19:16:40.765628,613.21,19,0,Bhubaneswar,Delhi,1,desktop,1,1,1.23,0
T11741,M116,2026-07-26T06:02:41.765636,3209.89,6,1,Hyderabad,Hyderabad,0,desktop,1,1,1.07,1
T11742,M120,2026-08-09T08:45:33.765644,2839.19,8,0,Kolkata,Delhi,1,desktop,0,1,0.95,0
T11743,M110,2026-08-24T21:45:55.765653,15215.28,21,0,Bhubaneswar,Bengaluru,1,mobile,0,1,0.76,0
T11744,M132,2026-08-24T11:58:43.765661,407.24,11,0,Pune,Kolkata,1,mobile,0,1,0.81,0
T11745,M134,2026-08-06T09:30:48.765669,4227.35,9,0,Bhubaneswar,Mumbai,1,tablet,1,4,1.41,0
T11746,M109,2026-09-02T22:34:33.765677,12425.11,22,1,Delhi,Kolkata,1,desktop,0,1,0.62,0
T11747,M116,2026-09-01T09:09:02.765686,3874.64,9,0,Ahmedabad,Jaipur,1,mobile,1,3,1.29,1
T11748,M131,2026-08-24T09:13:59.765694,57.31,9,0,Bengaluru,Delhi,1,desktop,0,3,0.11,0
T11749,M106,2026-08-22T11:46:57.765703,462.67,11,0,Jaipur,Kolkata,1,mobile,0,1,0.93,0
T11750,M138,2026-08-13T06:01:35.765711,521.33,6,1,Jaipur,Hyderabad,1,mobile,0,2,1.04,0
T11751,M120,2026-08-11T19:38:59.765721,21546.07,19,0,Ahmedabad,Mumbai,1,desktop,0,2,7.18,0
T11752,M127,2026-08-11T13:04:27.765730,9127.64,13,0,Mumbai,Kolkata,1,desktop,0,1,0.46,0
T11753,M109,2026-09-02T17:53:25.765739,50,17,0,Pune,Mumbai,1,desktop,0,1,0.0,0
T11754,M111,2026-08-02T20:40:19.765747,15091.24,20,0,Kolkata,Pune,1,mobile,0,2,0.75,0
T11755,M106,2026-08-25T07:55:07.765756,370.67,7,1,Bhubaneswar,Bengaluru,1,tablet,0,1,0.74,1
T11756,M104,2026-08-19T16:37:06.765764,26668.52,16,0,Bhubaneswar,Mumbai,1,tablet,0,1,1.33,0
T11757,M127,2026-08-22T06:09:24.765773,27932.57,6,0,Chennai,Jaipur,1,mobile,0,4,1.4,0
T11758,M121,2026-08-30T17:59:09.765782,30659.76,17,0,Jaipur,Kolkata,1,tablet,0,1,1.53,0
T11759,M118,2026-08-23T11:12:23.765790,557.66,11,0,Bhubaneswar,Pune,1,tablet,0,1,1.12,0
T11760,M105,2026-08-05T18:10:41.765801,13589.51,18,0,Mumbai,Ahmedabad,1,mobile,0,1,0.68,0
T11761,M125,2026-08-13T17:16:03.765811,730.24,17,0,Hyderabad,Jaipur,1,tablet,1,1,1.46,0
T11762,M124,2026-08-29T20:51:17.765820,743.49,20,0,Ahmedabad,Ahmedabad,0,tablet,0,1,1.49,0
T11763,M139,2026-08-19T21:14:57.765828,1889.66,21,1,Jaipur,Ahmedabad,1,tablet,0,2,1.26,0
T11764,M133,2026-08-19T23:49:32.765836,37603.17,23,0,Pune,Jaipur,1,mobile,0,1,12.53,0
T11765,M115,2026-08-09T21:20:39.765846,17686.36,21,0,Chennai,Mumbai,1,tablet,0,3,2.21,0
T11766,M124,2026-08-27T07:37:07.765854,277.61,7,0,Mumbai,Delhi,1,mobile,0,1,0.56,0
T11767,M121,2026-09-02T09:00:46.765863,11694.68,9,0,Chennai,Bengaluru,1,tablet,0,1,0.58,0
T11768,M122,2026-09-01T02:42:19.765871,566.52,2,1,Bengaluru,Jaipur,1,tablet,0,1,1.13,0
T11769,M114,2026-09-03T01:06:12.765880,346.88,1,1,Jaipur,Bhubaneswar,1,mobile,0,1,0.69,0
T11770,M120,2026-08-01T01:12:24.765888,1933.68,1,0,Ahmedabad,Bengaluru,1,desktop,1,1,0.64,0
T11771,M137,2026-08-02T18:02:36.765896,2775.4,18,0,Hyderabad,Pune,1,tablet,0,1,0.93,0
T11772,M132,2026-07-28T03:32:39.765906,314.7,3,0,Ahmedabad,Jaipur,1,desktop,1,4,0.63,0
T11773,M101,2026-08-21T14:21:58.765915,2560.35,14,0,Ahmedabad,Chennai,1,desktop,0,1,0.85,0
T11774,M107,2026-09-03T14:27:10.765923,391.76,14,0,Delhi,Ahmedabad,1,tablet,0,1,0.78,0
T11775,M121,2026-08-20T05:51:08.765931,11446.14,5,0,Mumbai,Delhi,1,desktop,0,1,0.57,0
T11776,M129,2026-07-28T05:04:22.765939,417.32,5,1,Bengaluru,Pune,1,tablet,0,3,0.83,0
T11777,M133,2026-07-27T17:15:12.765949,3947.46,17,0,Kolkata,Ahmedabad,1,desktop,1,1,1.32,0
T11778,M109,2026-08-25T20:00:38.765957,29476.64,20,0,Delhi,Mumbai,1,desktop,0,1,1.47,0
T11779,M107,2026-08-25T18:47:26.765966,228.74,18,0,Ahmedabad,Jaipur,1,mobile,0,1,0.46,0
T11780,M100,2026-08-05T04:19:57.765974,405.99,4,1,Jaipur,Pune,1,desktop,0,1,0.81,0
T11781,M127,2026-08-12T04:34:19.765982,24488.74,4,0,Pune,Bhubaneswar,1,tablet,0,1,1.22,0
T11782,M117,2026-08-06T11:45:09.765989,1712.69,11,0,Jaipur,Pune,1,tablet,0,3,1.14,0
T11783,M137,2026-08-12T11:25:27.765997,2502.54,11,0,Pune,Bhubaneswar,1,desktop,0,1,0.83,0
T11784,M107,2026-07-27T00:28:34.766005,580.81,0,1,Bengaluru,Mumbai,1,mobile,0,1,1.16,0
T11785,M114,2026-08-20T10:55:31.766013,304.62,10,0,Hyderabad,Delhi,1,mobile,1,1,0.61,0
T11786,M107,2026-08-30T19:03:57.766021,419.7,19,0,Pune,Pune,0,desktop,0,1,0.84,0
T11787,M135,2026-08-27T19:48:46.766031,3931.39,19,0,Delhi,Chennai,1,desktop,0,1,1.31,0
T11788,M124,2026-08-20T11:02:40.766044,268.38,11,0,Hyderabad,Kolkata,1,desktop,0,3,0.54,0
T11789,M118,2026-08-23T05:07:08.766053,282.6,5,1,Mumbai,Bengaluru,1,desktop,1,2,0.57,1
T11790,M123,2026-08-05T23:14:35.766061,10050.78,23,1,Bengaluru,Jaipur,1,mobile,0,2,1.26,0
T11791,M112,2026-08-21T10:30:57.766070,2965.11,10,0,Mumbai,Chennai,1,tablet,0,1,1.98,0
T11792,M105,2026-08-17T05:10:00.766080,20205.91,5,0,Jaipur,Ahmedabad,1,desktop,0,1,1.01,0
T11793,M133,2026-08-26T06:32:37.766088,3935.71,6,0,Ahmedabad,Bengaluru,1,mobile,0,3,1.31,0
T11794,M123,2026-08-19T06:37:32.766096,5442.79,6,1,Bhubaneswar,Mumbai,1,desktop,0,1,0.68,0
T11795,M129,2026-08-10T13:20:35.766105,334.59,13,0,Jaipur,Hyderabad,1,tablet,0,1,0.67,0
T11796,M128,2026-07-28T20:41:36.766112,16963.75,20,0,Hyderabad,Hyderabad,0,desktop,0,2,0.85,0
T11797,M137,2026-08-01T00:40:43.766122,2409.64,0,1,Mumbai,Pune,1,mobile,0,1,0.8,0
T11798,M139,2026-08-02T09:14:34.766130,1429.91,9,1,Kolkata,Pune,1,tablet,0,3,0.95,0
T11799,M135,2026-08-18T17:21:50.766139,525.25,17,0,Bengaluru,Pune,1,tablet,1,1,0.18,0
T11800,M134,2026-08-01T20:31:45.766146,1785.81,20,0,Delhi,Ahmedabad,1,tablet,0,1,0.6,0
T11801,M114,2026-07-30T20:01:58.766154,928.62,20,0,Chennai,Hyderabad,1,mobile,0,1,1.86,0
T11802,M131,2026-08-21T15:54:52.766162,478.59,15,0,Bhubaneswar,Bhubaneswar,0,desktop,0,1,0.96,0
T11803,M110,2026-07-25T16:23:21.766170,16111.83,16,0,Bhubaneswar,Ahmedabad,1,tablet,0,3,0.81,0
T11804,M120,2026-07-29T16:54:08.766178,1653.72,16,0,Hyderabad,Bengaluru,1,mobile,0,1,0.55,0
T11805,M108,2026-08-30T11:59:02.766186,1132.26,11,0,Mumbai,Jaipur,1,mobile,1,1,0.75,0
T11806,M135,2026-08-15T17:27:45.766194,770.05,17,0,Jaipur,Jaipur,0,tablet,0,3,0.26,0
T11807,M123,2026-08-24T09:18:59.766204,3292.1,9,1,Bengaluru,Hyderabad,1,tablet,1,1,0.41,1
T11808,M102,2026-08-01T19:08:29.766212,3147.79,19,0,Kolkata,Delhi,1,tablet,0,3,2.1,0
T11809,M104,2026-08-08T19:57:11.766221,22402.8,19,0,Bengaluru,Hyderabad,1,tablet,1,1,1.12,0
T11810,M109,2026-08-23T04:50:46.766230,7698.32,4,1,Bhubaneswar,Pune,1,tablet,0,1,0.38,0
T11811,M132,2026-08-01T08:29:16.766239,337.93,8,0,Hyderabad,Mumbai,1,tablet,0,1,0.68,0
T11812,M137,2026-08-16T06:11:06.766246,5619.94,6,1,Mumbai,Bengaluru,1,tablet,0,1,1.87,0
T11813,M129,2026-08-11T21:36:52.766255,788.52,21,0,Bengaluru,Mumbai,1,mobile,0,1,1.58,0
T11814,M107,2026-08-10T13:32:25.766263,413.75,13,0,Delhi,Bhubaneswar,1,tablet,0,1,0.83,0
T11815,M133,2026-08-28T21:12:29.766272,3362.77,21,0,Hyderabad,Hyderabad,0,tablet,0,2,1.12,0
T11816,M112,2026-08-12T22:28:26.766281,5533.66,22,0,Chennai,Jaipur,1,mobile,0,1,3.69,0
T11817,M105,2026-08-05T19:12:31.766291,190500.16,19,0,Kolkata,Jaipur,1,mobile,1,3,9.53,1
T11818,M120,2026-07-29T12:39:36.766300,3579.17,12,0,Bhubaneswar,Hyderabad,1,tablet,1,2,1.19,0
T11819,M124,2026-09-01T18:03:30.766309,633.09,18,0,Mumbai,Hyderabad,1,tablet,0,1,1.27,0
T11820,M137,2026-08-16T02:19:55.766317,3925.33,2,1,Ahmedabad,Delhi,1,mobile,0,1,1.31,0
T11821,M120,2026-08-18T04:31:31.766326,1140.64,4,0,Chennai,Bengaluru,1,mobile,0,2,0.38,0
T11822,M109,2026-07-24T05:40:45.766334,25809.98,5,1,Delhi,Pune,1,tablet,0,1,1.29,0
T11823,M103,2026-07-31T01:36:50.766342,677.49,1,1,Mumbai,Ahmedabad,1,tablet,0,2,1.35,0
T11824,M137,2026-07-24T01:52:30.766350,2460.38,1,1,Jaipur,Delhi,1,desktop,1,1,0.82,0
T11825,M100,2026-08-02T18:15:31.766358,555.24,18,0,Chennai,Mumbai,1,mobile,0,1,1.11,0
T11826,M125,2026-08-16T02:07:58.766366,185.56,2,1,Kolkata,Chennai,1,tablet,0,1,0.37,0
T11827,M122,2026-08-10T01:10:34.766375,365.27,1,1,Bengaluru,Hyderabad,1,desktop,0,1,0.73,0
T11828,M116,2026-08-14T09:46:22.766383,2468.08,9,0,Delhi,Jaipur,1,mobile,0,1,0.82,0
T11829,M126,2026-08-18T21:04:27.766392,3233.43,21,1,Ahmedabad,Kolkata,1,desktop,0,2,1.08,0
T11830,M133,2026-07-25T01:27:35.766401,1608.48,1,0,Pune,Ahmedabad,1,mobile,0,1,0.54,0
T11831,M121,2026-08-26T04:22:24.766409,17344.44,4,0,Delhi,Hyderabad,1,tablet,0,1,0.87,0
T11832,M129,2026-08-26T14:03:50.766417,5531.18,14,0,Pune,Jaipur,1,desktop,0,1,11.06,0
T11833,M107,2026-08-26T04:05:41.766426,580.82,4,1,Mumbai,Bhubaneswar,1,desktop,0,1,1.16,0
T11834,M122,2026-08-13T16:22:58.766434,310.66,16,0,Mumbai,Hyderabad,1,mobile,0,1,0.62,0
T11835,M112,2026-08-21T10:57:46.766442,1785.35,10,0,Ahmedabad,Chennai,1,desktop,0,3,1.19,0
T11836,M122,2026-08-20T09:32:45.766452,636.5,9,1,Ahmedabad,Mumbai,1,mobile,0,1,1.27,0
T11837,M106,2026-08-07T01:40:36.766462,558.13,1,1,Bhubaneswar,Mumbai,1,mobile,0,2,1.12,0
T11838,M129,2026-07-29T00:38:50.766470,547.31,0,1,Chennai,Bhubaneswar,1,mobile,1,1,1.09,0
T11839,M136,2026-08-28T18:06:12.766479,1414.77,18,0,Chennai,Bhubaneswar,1,mobile,0,1,0.94,0
T11840,M120,2026-08-30T01:45:34.766487,3433.3,1,0,Mumbai,Bhubaneswar,1,desktop,0,1,1.14,0
T11841,M125,2026-08-30T00:26:26.766496,635.61,0,1,Ahmedabad,Hyderabad,1,tablet,0,1,1.27,0
T11842,M107,2026-08-31T11:47:19.766504,266.38,11,0,Delhi,Kolkata,1,desktop,0,4,0.53,0
T11843,M103,2026-08-15T12:53:27.766512,639.01,12,0,Chennai,Hyderabad,1,mobile,0,2,1.28,0
T11844,M113,2026-08-27T18:25:47.766520,16392.52,18,0,Chennai,Bhubaneswar,1,tablet,1,3,0.82,0
T11845,M100,2026-07-26T05:51:19.766528,276.8,5,1,Chennai,Bengaluru,1,desktop,1,2,0.55,0
T11846,M113,2026-08-14T16:12:26.766536,28438.64,16,0,Bengaluru,Delhi,1,mobile,0,1,1.42,0
T11847,M101,2026-08-22T14:45:50.766545,3419.92,14,0,Chennai,Delhi,1,tablet,0,4,1.14,0
T11848,M139,2026-08-19T17:43:06.766553,791.36,17,0,Bhubaneswar,Ahmedabad,1,mobile,0,3,0.53,0
T11849,M101,2026-08-27T11:25:34.766562,2884.38,11,0,Jaipur,Bhubaneswar,1,desktop,0,3,0.96,0
T11850,M104,2026-08-18T12:39:22.766569,35252.89,12,0,Bengaluru,Bengaluru,0,mobile,1,1,1.76,0
T11851,M132,2026-08-27T18:59:10.766578,314.9,18,0,Bhubaneswar,Ahmedabad,1,tablet,1,1,0.63,0
T11852,M103,2026-08-31T09:41:50.766586,746.04,9,1,Pune,Ahmedabad,1,tablet,0,1,1.49,1
T11853,M124,2026-08-19T08:14:32.766594,540.07,8,0,Bhubaneswar,Kolkata,1,mobile,0,2,1.08,0
T11854,M132,2026-09-04T05:52:42.766601,131.32,5,0,Bengaluru,Bhubaneswar,1,tablet,1,1,0.26,0
T11855,M125,2026-08-20T01:54:47.766610,500.73,1,1,Ahmedabad,Mumbai,1,desktop,0,1,1.0,0
T11856,M116,2026-09-04T21:52:37.766618,3533.41,21,0,Pune,Kolkata,1,mobile,0,1,1.18,0
T11857,M131,2026-08-05T18:49:15.766627,157.96,18,0,Jaipur,Jaipur,0,mobile,0,1,0.32,0
T11858,M129,2026-08-20T04:45:12.766635,607.09,4,1,Kolkata,Bengaluru,1,desktop,1,1,1.21,1
T11859,M118,2026-09-01T12:44:47.766643,154.7,12,0,Kolkata,Jaipur,1,mobile,1,2,0.31,0
T11860,M117,2026-08-13T23:39:10.766651,1156.77,23,0,Bengaluru,Jaipur,1,desktop,0,1,0.77,0
T11861,M122,2026-08-20T03:32:45.766660,491.57,3,1,Kolkata,Chennai,1,tablet,0,1,0.98,1
T11862,M114,2026-08-04T21:37:01.766668,259.11,21,0,Bhubaneswar,Mumbai,1,desktop,0,1,0.52,0
T11863,M133,2026-08-13T14:27:56.766676,2680.53,14,0,Delhi,Kolkata,1,mobile,0,1,0.89,0
T11864,M113,2026-09-01T06:27:58.766684,32913.38,6,0,Hyderabad,Pune,1,tablet,0,2,1.65,0
T11865,M113,2026-08-26T16:31:34.766692,31091.83,16,0,Hyderabad,Hyderabad,0,desktop,1,2,1.55,0
T11866,M115,2026-07-25T02:49:12.766700,10454.29,2,0,Kolkata,Pune,1,tablet,0,1,1.31,0
T11867,M117,2026-08-28T10:10:06.766710,1240.77,10,0,Bengaluru,Chennai,1,mobile,0,1,0.83,0
T11868,M112,2026-08-25T19:52:50.766718,1465.02,19,0,Kolkata,Delhi,1,desktop,0,2,0.98,0
T11869,M104,2026-08-29T11:42:39.766726,21857.72,11,0,Chennai,Bhubaneswar,1,tablet,0,1,1.09,0
T11870,M134,2026-09-05T01:10:33.766733,2690.57,1,1,Jaipur,Bengaluru,1,mobile,0,1,0.9,0
T11871,M106,2026-08-30T05:02:38.766749,102.12,5,1,Pune,Bhubaneswar,1,mobile,0,3,0.2,1
T11872,M134,2026-08-12T11:40:52.766762,1889.89,11,0,Hyderabad,Bhubaneswar,1,desktop,0,1,0.63,0
T11873,M132,2026-08-10T11:53:11.766775,333.83,11,0,Delhi,Pune,1,desktop,1,1,0.67,0
T11874,M103,2026-07-28T08:42:42.766788,576.52,8,1,Bengaluru,Mumbai,1,tablet,1,2,1.15,1
T11875,M124,2026-09-04T03:44:21.766804,575.67,3,0,Pune,Delhi,1,mobile,0,1,1.15,0
T11876,M114,2026-09-01T09:45:38.766822,224.68,9,0,Kolkata,Hyderabad,1,desktop,0,1,0.45,0
T11877,M108,2026-07-27T20:19:05.766855,931.01,20,1,Chennai,Pune,1,desktop,0,1,0.62,0
T11878,M101,2026-08-20T19:59:48.766872,2129.45,19,0,Chennai,Jaipur,1,tablet,0,1,0.71,0
T11879,M124,2026-08-25T02:51:48.766902,283.4,2,0,Jaipur,Bhubaneswar,1,desktop,0,1,0.57,0
T11880,M127,2026-08-04T17:12:16.766918,27796.58,17,0,Pune,Kolkata,1,desktop,0,1,1.39,0
T11881,M101,2026-08-19T17:18:29.766933,4890.5,17,0,Chennai,Pune,1,mobile,0,1,1.63,0
T11882,M127,2026-07-29T08:15:29.766950,20656.54,8,0,Kolkata,Kolkata,0,mobile,0,3,1.03,0
T11883,M118,2026-07-25T14:56:19.766964,848.82,14,0,Pune,Bhubaneswar,1,tablet,1,1,1.7,0
T11884,M127,2026-07-30T18:31:16.766977,22473.2,18,0,Bengaluru,Ahmedabad,1,desktop,0,4,1.12,0
T11885,M119,2026-08-11T11:16:26.766991,6734.11,11,0,Pune,Bhubaneswar,1,mobile,0,1,0.84,0
T11886,M106,2026-07-27T11:20:14.767006,127.01,11,0,Chennai,Jaipur,1,tablet,1,1,0.25,0
T11887,M134,2026-07-23T17:17:33.767027,5309.1,17,0,Bhubaneswar,Jaipur,1,desktop,0,1,1.77,0
T11888,M112,2026-09-03T10:48:17.767037,2192.57,10,0,Pune,Ahmedabad,1,mobile,0,4,1.46,0
T11889,M126,2026-08-30T11:09:44.767046,3751.68,11,0,Bengaluru,Kolkata,1,mobile,0,1,1.25,0
T11890,M113,2026-08-17T15:51:08.767054,19899.3,15,0,Pune,Hyderabad,1,desktop,0,1,0.99,0
T11891,M134,2026-07-25T07:49:59.767063,4956.78,7,1,Pune,Bengaluru,1,desktop,1,5,1.65,1
T11892,M108,2026-07-28T23:34:41.767071,1063.65,23,1,Pune,Chennai,1,desktop,1,2,0.71,1
T11893,M102,2026-08-24T19:11:17.767080,685.2,19,0,Chennai,Chennai,0,tablet,0,1,0.46,0
T11894,M109,2026-09-03T05:16:20.767088,25404.39,5,1,Hyderabad,Bengaluru,1,tablet,0,5,1.27,1
T11895,M131,2026-08-25T02:35:17.767097,889.11,2,1,Delhi,Ahmedabad,1,desktop,0,3,1.78,0
T11896,M118,2026-08-23T07:21:18.767105,292.5,7,1,Mumbai,Hyderabad,1,tablet,0,1,0.58,0
T11897,M130,2026-08-09T03:48:32.767115,732.75,3,0,Jaipur,Mumbai,1,mobile,0,1,0.49,0
T11898,M102,2026-08-04T08:48:53.767123,9280.01,8,1,Hyderabad,Pune,1,tablet,0,1,6.19,1
T11899,M114,2026-08-08T01:28:15.767134,749.84,1,1,Chennai,Mumbai,1,mobile,1,3,1.5,1
T11900,M106,2026-08-16T23:28:17.767142,868.29,23,1,Jaipur,Chennai,1,tablet,0,3,1.74,0
T11901,M111,2026-08-05T12:41:19.767151,26833.42,12,0,Pune,Chennai,1,desktop,0,1,1.34,0
T11902,M134,2026-09-03T15:55:07.767159,2713.95,15,0,Hyderabad,Ahmedabad,1,tablet,0,2,0.9,0
T11903,M120,2026-08-03T16:29:46.767168,3338.65,16,0,Delhi,Bengaluru,1,tablet,0,1,1.11,0
T11904,M134,2026-08-27T16:32:04.767176,1737.34,16,0,Bhubaneswar,Jaipur,1,tablet,1,2,0.58,0
T11905,M138,2026-07-25T22:46:40.767184,683.2,22,1,Pune,Ahmedabad,1,tablet,0,2,1.37,0
T11906,M128,2026-08-25T01:15:00.767192,95344.75,1,1,Bhubaneswar,Jaipur,1,tablet,0,4,4.77,1
T11907,M108,2026-09-04T21:41:13.767202,1943.81,21,1,Jaipur,Hyderabad,1,tablet,0,1,1.3,0
T11908,M106,2026-07-30T07:40:01.767210,1074.46,7,1,Ahmedabad,Mumbai,1,desktop,0,3,2.15,1
T11909,M113,2026-07-31T08:39:48.767219,16476.82,8,0,Jaipur,Mumbai,1,tablet,1,1,0.82,0
T11910,M107,2026-07-25T03:58:29.767227,514.01,3,1,Mumbai,Mumbai,0,mobile,0,1,1.03,0
T11911,M107,2026-07-25T04:35:22.767235,468.3,4,1,Jaipur,Bhubaneswar,1,tablet,1,3,0.94,1
T11912,M124,2026-07-28T21:35:38.767244,583.37,21,0,Pune,Kolkata,1,mobile,1,1,1.17,0
T11913,M135,2026-08-06T00:55:56.767253,3035.27,0,0,Hyderabad,Delhi,1,tablet,0,1,1.01,0
T11914,M126,2026-08-30T00:06:20.767261,3015.97,0,1,Hyderabad,Pune,1,desktop,1,1,1.01,1
T11915,M106,2026-07-24T16:25:32.767269,1018.66,16,0,Mumbai,Ahmedabad,1,desktop,0,3,2.04,0
T11916,M117,2026-08-07T23:36:24.767278,2264.04,23,0,Delhi,Pune,1,mobile,0,3,1.51,0
T11917,M124,2026-08-12T11:33:39.767288,421.64,11,0,Delhi,Mumbai,1,tablet,0,1,0.84,0
T11918,M105,2026-08-26T04:06:44.767296,33623.42,4,0,Chennai,Mumbai,1,desktop,0,1,1.68,0
T11919,M137,2026-08-05T01:02:59.767305,50,1,1,Ahmedabad,Mumbai,1,tablet,0,1,0.02,0
T11920,M112,2026-08-12T20:39:56.767313,1146.87,20,0,Kolkata,Jaipur,1,tablet,0,1,0.76,0
T11921,M138,2026-08-14T06:42:20.767321,565.01,6,1,Jaipur,Hyderabad,1,tablet,0,1,1.13,1
T11922,M136,2026-07-28T17:38:41.767329,50,17,0,Ahmedabad,Bhubaneswar,1,mobile,0,1,0.03,0
T11923,M111,2026-08-09T14:45:01.767337,24481.4,14,0,Delhi,Bhubaneswar,1,desktop,0,3,1.22,0
T11924,M108,2026-07-24T01:45:16.767345,1800.04,1,1,Pune,Ahmedabad,1,tablet,0,1,1.2,1
T11925,M124,2026-07-23T16:55:04.767353,462.76,16,0,Delhi,Jaipur,1,mobile,1,2,0.93,0
T11926,M108,2026-07-26T12:39:51.767361,1620.31,12,0,Delhi,Ahmedabad,1,desktop,0,1,1.08,0
T11927,M108,2026-08-15T16:41:05.767371,944.83,16,0,Bhubaneswar,Bengaluru,1,mobile,0,1,0.63,0
T11928,M135,2026-07-30T00:20:00.767379,2688.68,0,0,Bengaluru,Kolkata,1,desktop,0,1,0.9,0
T11929,M121,2026-08-16T20:35:14.767387,30758.43,20,0,Ahmedabad,Mumbai,1,tablet,1,3,1.54,0
T11930,M123,2026-08-04T22:10:46.767395,9304.9,22,1,Chennai,Pune,1,desktop,0,2,1.16,0
T11931,M132,2026-07-29T03:05:19.767403,3712.38,3,0,Bengaluru,Pune,1,desktop,0,2,7.42,0
T11932,M103,2026-07-26T01:37:50.767412,404.97,1,1,Pune,Kolkata,1,desktop,0,4,0.81,0
T11933,M108,2026-08-05T12:12:47.767420,1188.21,12,0,Ahmedabad,Bengaluru,1,tablet,0,1,0.79,0
T11934,M117,2026-07-23T05:41:30.767428,2145.64,5,0,Jaipur,Bengaluru,1,mobile,0,1,1.43,0
T11935,M108,2026-08-12T08:46:07.767437,1748.2,8,1,Jaipur,Pune,1,mobile,0,1,1.17,0
T11936,M135,2026-08-23T03:10:43.767445,2061.32,3,0,Bhubaneswar,Pune,1,mobile,0,1,0.69,0
T11937,M106,2026-08-31T14:50:13.767454,50,14,0,Pune,Bengaluru,1,desktop,1,1,0.1,0
T11938,M114,2026-08-31T15:36:16.767462,639.69,15,0,Bengaluru,Hyderabad,1,mobile,0,1,1.28,0
T11939,M120,2026-08-25T00:37:22.767471,23398.34,0,0,Chennai,Delhi,1,tablet,0,1,7.8,0
T11940,M118,2026-08-03T00:16:41.767480,541.04,0,1,Ahmedabad,Kolkata,1,tablet,0,1,1.08,1
T11941,M122,2026-07-29T09:00:52.767489,397.72,9,1,Chennai,Ahmedabad,1,mobile,0,1,0.8,1
T11942,M132,2026-09-05T22:18:48.767497,643.16,22,0,Jaipur,Delhi,1,mobile,0,3,1.29,0
T11943,M116,2026-08-08T02:56:45.767505,25004.25,2,1,Jaipur,Bhubaneswar,1,desktop,0,1,8.33,1
T11944,M118,2026-08-02T08:21:14.767516,844.1,8,1,Ahmedabad,Chennai,1,tablet,0,2,1.69,0
T11945,M109,2026-08-12T09:55:26.767524,17447.81,9,0,Kolkata,Chennai,1,tablet,0,1,0.87,0
T11946,M137,2026-08-18T14:12:44.767532,3369.08,14,0,Chennai,Jaipur,1,tablet,0,1,1.12,0
T11947,M114,2026-08-10T13:35:25.767542,812.11,13,0,Chennai,Kolkata,1,mobile,0,1,1.62,0
T11948,M128,2026-08-05T10:10:44.767550,17753.0,10,0,Pune,Pune,0,mobile,0,1,0.89,0
T11949,M111,2026-08-27T09:21:49.767558,12321.99,9,0,Bhubaneswar,Mumbai,1,tablet,1,4,0.62,0
T11950,M102,2026-08-15T22:38:04.767566,13626.8,22,1,Delhi,Hyderabad,1,mobile,1,4,9.08,1
T11951,M132,2026-08-10T19:44:11.767575,375.32,19,0,Mumbai,Bengaluru,1,desktop,0,2,0.75,0
T11952,M124,2026-07-25T14:41:42.767583,451.65,14,0,Kolkata,Bhubaneswar,1,desktop,0,3,0.9,0
T11953,M117,2026-08-25T21:45:57.767591,1154.53,21,0,Bengaluru,Mumbai,1,mobile,0,1,0.77,0
T11954,M136,2026-08-09T08:08:11.767599,1645.73,8,1,Kolkata,Mumbai,1,mobile,0,1,1.1,1
T11955,M111,2026-09-04T23:57:20.767608,17980.28,23,0,Bhubaneswar,Chennai,1,desktop,0,1,0.9,0
T11956,M118,2026-07-25T02:51:39.767616,723.98,2,1,Hyderabad,Bengaluru,1,desktop,0,1,1.45,0
T11957,M137,2026-08-24T17:09:00.767625,2617.45,17,0,Mumbai,Hyderabad,1,tablet,0,2,0.87,0
T11958,M125,2026-08-05T23:09:52.767633,769.06,23,1,Mumbai,Hyderabad,1,tablet,0,3,1.54,0
T11959,M108,2026-07-24T12:25:18.767642,1278.6,12,0,Kolkata,Mumbai,1,tablet,1,1,0.85,0
T11960,M104,2026-08-18T08:09:44.767649,16598.72,8,1,Hyderabad,Pune,1,tablet,0,1,0.83,0
T11961,M122,2026-08-28T21:13:25.767657,762.31,21,1,Pune,Bhubaneswar,1,desktop,0,1,1.52,0
T11962,M103,2026-08-11T18:38:18.767667,752.92,18,0,Mumbai,Kolkata,1,tablet,1,1,1.51,0
T11963,M103,2026-07-26T13:39:08.767676,441.38,13,0,Ahmedabad,Ahmedabad,0,desktop,0,1,0.88,0
T11964,M130,2026-08-16T07:27:12.767687,1403.09,7,0,Hyderabad,Hyderabad,0,tablet,0,2,0.94,0
T11965,M123,2026-09-02T19:58:20.767696,12804.42,19,1,Mumbai,Kolkata,1,desktop,0,1,1.6,1
T11966,M121,2026-08-07T22:03:16.767705,24729.02,22,0,Mumbai,Delhi,1,desktop,0,1,1.24,0
T11967,M125,2026-07-31T21:45:42.767714,505.98,21,1,Ahmedabad,Jaipur,1,desktop,0,1,1.01,0
T11968,M136,2026-08-26T02:13:15.767723,1576.67,2,1,Pune,Delhi,1,mobile,0,1,1.05,0
T11969,M126,2026-09-01T17:13:28.767731,2170.69,17,0,Pune,Hyderabad,1,mobile,1,1,0.72,0
T11970,M126,2026-08-16T18:30:06.767739,2995.86,18,0,Delhi,Delhi,0,desktop,0,1,1.0,0
T11971,M100,2026-08-05T15:52:33.767747,533.51,15,0,Pune,Ahmedabad,1,desktop,1,2,1.07,0
T11972,M134,2026-08-13T21:25:30.767756,2311.48,21,0,Bengaluru,Bhubaneswar,1,tablet,0,1,0.77,0
T11973,M102,2026-08-03T04:52:14.767764,2194.12,4,1,Hyderabad,Kolkata,1,tablet,0,2,1.46,0
T11974,M109,2026-08-14T04:54:40.767772,13356.73,4,1,Ahmedabad,Ahmedabad,0,mobile,0,1,0.67,0
T11975,M107,2026-07-27T09:37:45.767788,676.76,9,0,Bengaluru,Hyderabad,1,tablet,0,2,1.35,0
T11976,M110,2026-07-27T19:06:49.767797,13400.75,19,0,Delhi,Pune,1,tablet,0,2,0.67,0
T11977,M100,2026-08-25T07:30:31.767808,281.6,7,1,Delhi,Kolkata,1,mobile,0,2,0.56,0
T11978,M123,2026-08-08T02:58:33.767817,6745.27,2,1,Pune,Bhubaneswar,1,tablet,1,1,0.84,0
T11979,M106,2026-08-10T12:32:08.767825,474.39,12,0,Mumbai,Mumbai,0,desktop,0,3,0.95,0
T11980,M138,2026-09-02T15:32:08.767834,553.48,15,0,Bengaluru,Jaipur,1,tablet,0,1,1.11,0
T11981,M121,2026-09-03T19:29:00.767842,29844.83,19,0,Mumbai,Delhi,1,tablet,0,1,1.49,0
T11982,M100,2026-07-25T14:41:04.767851,560.92,14,0,Bengaluru,Hyderabad,1,mobile,0,1,1.12,0
T11983,M117,2026-08-05T12:33:39.767859,1873.83,12,0,Chennai,Hyderabad,1,tablet,0,1,1.25,0
T11984,M107,2026-07-26T04:44:27.767867,63.69,4,1,Bhubaneswar,Hyderabad,1,tablet,0,1,0.13,0
T11985,M100,2026-07-29T04:26:32.767875,3578.42,4,1,Mumbai,Chennai,1,tablet,0,1,7.16,0
T11986,M128,2026-08-16T04:02:36.767884,8302.08,4,1,Delhi,Hyderabad,1,desktop,0,2,0.42,0
T11987,M108,2026-08-16T10:13:53.767894,2571.79,10,0,Pune,Mumbai,1,desktop,0,1,1.71,0
T11988,M103,2026-08-08T17:05:42.767904,441.76,17,0,Ahmedabad,Ahmedabad,0,desktop,1,1,0.88,0
T11989,M134,2026-08-02T21:03:51.767915,1425.16,21,0,Delhi,Mumbai,1,tablet,0,1,0.48,0
T11990,M104,2026-08-14T19:00:45.767924,174758.14,19,0,Bhubaneswar,Jaipur,1,mobile,0,1,8.74,0
T11991,M134,2026-08-31T20:32:30.767933,5291.47,20,0,Bhubaneswar,Kolkata,1,desktop,0,1,1.76,0
T11992,M112,2026-07-28T17:52:49.767941,1411.8,17,0,Kolkata,Jaipur,1,desktop,0,4,0.94,0
T11993,M125,2026-08-14T08:19:36.767949,516.21,8,1,Mumbai,Kolkata,1,mobile,1,2,1.03,0
T11994,M132,2026-08-31T00:44:23.767957,351.2,0,0,Chennai,Chennai,0,desktop,0,1,0.7,0
T11995,M112,2026-08-25T05:43:01.767966,1852.06,5,0,Hyderabad,Hyderabad,0,tablet,0,1,1.23,0
T11996,M124,2026-07-31T02:41:21.767974,399.12,2,0,Bengaluru,Kolkata,1,mobile,1,1,0.8,0
T11997,M126,2026-08-24T07:07:20.767986,3181.58,7,1,Pune,Jaipur,1,tablet,0,1,1.06,0
T11998,M132,2026-09-02T06:17:49.767995,811.47,6,0,Bhubaneswar,Bhubaneswar,0,mobile,1,2,1.62,0
T11999,M115,2026-08-27T03:44:04.768004,7445.62,3,0,Delhi,Bhubaneswar,1,tablet,0,1,0.93,0
T12000,M121,2026-08-31T01:41:26.768013,20284.98,1,0,Chennai,Ahmedabad,1,mobile,0,3,1.01,0
T12001,M115,2026-08-02T21:50:32.768021,9712.59,21,0,Hyderabad,Mumbai,1,tablet,0,1,1.21,0
T12002,M133,2026-08-16T05:46:09.768029,2036.87,5,0,Pune,Ahmedabad,1,tablet,0,1,0.68,0
T12003,M131,2026-08-08T01:14:21.768037,608.11,1,1,Kolkata,Bhubaneswar,1,tablet,0,3,1.22,0
T12004,M121,2026-08-01T16:04:51.768046,16208.59,16,0,Ahmedabad,Chennai,1,desktop,0,1,0.81,0
T12005,M124,2026-08-31T03:53:55.768054,613.86,3,0,Hyderabad,Chennai,1,mobile,0,1,1.23,0
T12006,M134,2026-08-25T20:43:39.768062,4311.97,20,0,Bhubaneswar,Chennai,1,tablet,0,1,1.44,0
T12007,M138,2026-07-29T21:56:08.768071,357.85,21,1,Pune,Bhubaneswar,1,desktop,0,1,0.72,0
T12008,M115,2026-07-23T15:34:57.768081,50,15,0,Pune,Bhubaneswar,1,mobile,0,1,0.01,0
T12009,M118,2026-07-25T13:07:44.768089,663.02,13,0,Chennai,Jaipur,1,tablet,0,1,1.33,0
T12010,M126,2026-08-31T15:10:56.768098,4547.14,15,0,Hyderabad,Mumbai,1,desktop,0,1,1.52,0
T12011,M114,2026-07-28T01:15:35.768106,731.23,1,1,Mumbai,Mumbai,0,tablet,0,1,1.46,0
T12012,M133,2026-08-31T21:26:35.768114,2550.81,21,0,Delhi,Pune,1,tablet,0,1,0.85,0
T12013,M117,2026-08-07T10:41:16.768122,1784.83,10,0,Pune,Chennai,1,tablet,0,3,1.19,0
T12014,M129,2026-08-04T14:26:39.768132,467.69,14,0,Ahmedabad,Mumbai,1,mobile,0,1,0.94,0
T12015,M101,2026-08-25T13:27:25.768140,4801.8,13,0,Pune,Bengaluru,1,mobile,0,3,1.6,0
T12016,M127,2026-08-11T10:11:20.768148,16611.0,10,0,Mumbai,Delhi,1,desktop,0,3,0.83,0
T12017,M122,2026-08-31T13:40:58.768158,314.01,13,0,Ahmedabad,Jaipur,1,mobile,1,1,0.63,0
T12018,M133,2026-08-23T22:45:28.768166,3325.0,22,0,Ahmedabad,Bengaluru,1,tablet,0,1,1.11,0
T12019,M112,2026-07-28T19:30:40.768175,1483.69,19,0,Bhubaneswar,Chennai,1,mobile,0,4,0.99,0
T12020,M113,2026-08-29T00:50:01.768183,8384.74,0,0,Ahmedabad,Bengaluru,1,mobile,0,1,0.42,0
T12021,M122,2026-08-26T10:03:47.768191,716.61,10,0,Kolkata,Bengaluru,1,tablet,0,1,1.43,0
T12022,M131,2026-08-30T01:20:04.768199,502.54,1,1,Bhubaneswar,Pune,1,tablet,1,1,1.01,0
T12023,M109,2026-08-23T01:22:48.768207,24182.7,1,1,Ahmedabad,Hyderabad,1,tablet,1,1,1.21,1
T12024,M111,2026-07-23T01:27:33.768215,16360.1,1,0,Hyderabad,Pune,1,mobile,0,1,0.82,0
T12025,M122,2026-07-24T16:17:47.768223,880.83,16,0,Delhi,Mumbai,1,tablet,0,5,1.76,0
T12026,M138,2026-08-16T03:49:07.768231,523.95,3,1,Bengaluru,Hyderabad,1,desktop,0,1,1.05,0
T12027,M125,2026-07-27T20:02:53.768242,401.38,20,1,Jaipur,Hyderabad,1,tablet,0,1,0.8,0
T12028,M105,2026-09-02T16:38:33.768250,5798.53,16,0,Chennai,Jaipur,1,desktop,0,2,0.29,0
T12029,M116,2026-07-29T08:27:15.768259,3093.82,8,1,Hyderabad,Bengaluru,1,mobile,1,4,1.03,1
T12030,M106,2026-08-28T14:43:04.768267,380.53,14,0,Jaipur,Bhubaneswar,1,mobile,0,2,0.76,0
T12031,M111,2026-07-31T15:55:42.768275,16175.08,15,0,Pune,Kolkata,1,mobile,0,1,0.81,0
T12032,M121,2026-08-02T05:42:24.768283,18239.99,5,0,Ahmedabad,Hyderabad,1,mobile,0,3,0.91,0
T12033,M125,2026-08-25T04:20:17.768292,545.93,4,1,Chennai,Delhi,1,mobile,0,1,1.09,0
T12034,M135,2026-08-06T19:01:23.768300,3242.49,19,0,Mumbai,Delhi,1,mobile,0,2,1.08,0
T12035,M132,2026-08-30T01:51:40.768308,211.75,1,0,Kolkata,Hyderabad,1,tablet,0,2,0.42,0
T12036,M104,2026-08-07T05:26:22.768316,107170.4,5,1,Bhubaneswar,Delhi,1,mobile,0,4,5.36,1
T12037,M127,2026-08-26T23:06:12.768328,5956.07,23,0,Delhi,Bhubaneswar,1,tablet,0,1,0.3,0
T12038,M105,2026-08-19T23:09:32.768336,18050.91,23,0,Pune,Ahmedabad,1,tablet,0,1,0.9,0
T12039,M100,2026-08-31T08:55:13.768345,236.51,8,1,Chennai,Bengaluru,1,desktop,0,5,0.47,0
T12040,M131,2026-07-27T15:45:27.768353,693.38,15,0,Delhi,Hyderabad,1,tablet,0,1,1.39,0
T12041,M139,2026-08-11T13:57:02.768361,2166.06,13,0,Bhubaneswar,Ahmedabad,1,desktop,1,1,1.44,0
T12042,M104,2026-07-31T00:00:29.768369,4858.45,0,1,Bhubaneswar,Bengaluru,1,mobile,0,1,0.24,0
T12043,M129,2026-08-08T10:54:07.768378,688.81,10,0,Jaipur,Jaipur,0,tablet,0,1,1.38,0
T12044,M113,2026-08-22T14:55:39.768386,13174.1,14,0,Chennai,Hyderabad,1,mobile,0,1,0.66,0
T12045,M119,2026-08-01T03:16:26.768395,12920.38,3,1,Bhubaneswar,Pune,1,mobile,0,1,1.62,0
T12046,M137,2026-07-26T08:29:08.768403,2843.5,8,1,Kolkata,Chennai,1,desktop,0,1,0.95,1
T12047,M130,2026-07-23T07:49:28.768413,1604.94,7,0,Mumbai,Bengaluru,1,desktop,0,4,1.07,0
T12048,M134,2026-08-24T07:01:31.768423,3110.42,7,1,Ahmedabad,Bhubaneswar,1,desktop,1,3,1.04,1
T12049,M112,2026-08-10T17:07:22.768431,799.38,17,0,Kolkata,Mumbai,1,desktop,0,3,0.53,0
T12050,M122,2026-08-07T06:29:33.768440,4141.01,6,1,Chennai,Bhubaneswar,1,desktop,1,1,8.28,1
T12051,M107,2026-09-03T20:15:25.768449,286.01,20,0,Pune,Bengaluru,1,tablet,0,1,0.57,0
T12052,M123,2026-08-20T19:21:09.768457,7604.73,19,1,Delhi,Bengaluru,1,tablet,0,1,0.95,0
T12053,M119,2026-08-03T09:19:39.768465,8085.87,9,0,Pune,Bhubaneswar,1,desktop,0,3,1.01,0
T12054,M136,2026-08-29T01:17:04.768473,1193.28,1,1,Kolkata,Kolkata,0,mobile,0,1,0.8,0
T12055,M118,2026-08-28T04:10:16.768481,671.89,4,1,Chennai,Delhi,1,desktop,0,1,1.34,1
T12056,M137,2026-08-03T20:45:57.768490,3016.75,20,1,Chennai,Chennai,0,tablet,0,1,1.01,0
T12057,M126,2026-08-04T19:08:33.768499,20704.34,19,1,Jaipur,Bengaluru,1,mobile,0,1,6.9,1
T12058,M108,2026-08-21T09:11:14.768508,1337.26,9,1,Bhubaneswar,Jaipur,1,tablet,0,2,0.89,1
T12059,M117,2026-07-27T20:01:39.768516,551.72,20,0,Delhi,Mumbai,1,tablet,0,1,0.37,0
T12060,M130,2026-08-28T23:13:33.768524,2014.12,23,0,Jaipur,Pune,1,mobile,0,1,1.34,0
T12061,M121,2026-08-14T22:26:22.768533,21914.77,22,0,Bengaluru,Bengaluru,0,mobile,0,1,1.1,0
T12062,M127,2026-09-02T04:05:25.768540,13835.53,4,0,Bhubaneswar,Hyderabad,1,tablet,0,1,0.69,0
T12063,M122,2026-07-28T04:02:24.768548,933.29,4,1,Delhi,Hyderabad,1,tablet,0,3,1.87,0
T12064,M122,2026-08-17T15:51:21.768556,446.76,15,0,Pune,Ahmedabad,1,mobile,0,1,0.89,0
T12065,M136,2026-08-21T13:54:00.768565,923.56,13,0,Delhi,Chennai,1,tablet,0,1,0.62,0
T12066,M120,2026-08-11T05:48:46.768573,2615.44,5,0,Jaipur,Jaipur,0,desktop,0,1,0.87,0
T12067,M112,2026-09-01T05:26:16.768582,1663.42,5,0,Bengaluru,Mumbai,1,mobile,0,1,1.11,0
T12068,M126,2026-08-02T02:02:07.768590,2870.13,2,1,Ahmedabad,Bhubaneswar,1,desktop,0,1,0.96,0
T12069,M125,2026-08-29T22:13:58.768598,467.7,22,1,Mumbai,Mumbai,0,tablet,1,2,0.94,0
T12070,M109,2026-08-19T14:49:38.768606,25011.63,14,0,Mumbai,Bengaluru,1,tablet,0,1,1.25,0
T12071,M118,2026-07-26T02:50:40.768615,349.24,2,1,Hyderabad,Mumbai,1,desktop,0,1,0.7,0
T12072,M134,2026-08-30T12:48:22.768624,14687.79,12,0,Jaipur,Bhubaneswar,1,desktop,0,1,4.9,0
T12073,M121,2026-08-27T10:07:00.768633,12611.37,10,0,Bengaluru,Hyderabad,1,mobile,1,1,0.63,0
T12074,M114,2026-07-23T10:39:27.768641,570.42,10,0,Delhi,Hyderabad,1,mobile,0,3,1.14,0
T12075,M116,2026-08-11T19:29:38.768650,3487.15,19,0,Delhi,Delhi,0,tablet,0,3,1.16,0
T12076,M100,2026-08-13T05:34:14.768657,568.34,5,1,Bhubaneswar,Pune,1,desktop,0,1,1.14,0
T12077,M123,2026-08-02T05:10:39.768667,6606.82,5,1,Bengaluru,Hyderabad,1,tablet,0,1,0.83,0
T12078,M110,2026-08-03T09:34:50.768675,26253.09,9,0,Bengaluru,Mumbai,1,mobile,0,1,1.31,0
T12079,M137,2026-08-31T06:56:06.768683,3173.09,6,1,Mumbai,Delhi,1,desktop,1,2,1.06,1
T12080,M108,2026-08-06T04:47:24.768691,2049.22,4,1,Kolkata,Chennai,1,tablet,0,3,1.37,1
T12081,M106,2026-09-01T08:47:50.768700,562.19,8,1,Ahmedabad,Pune,1,desktop,0,1,1.12,0
T12082,M111,2026-09-05T22:16:16.768708,19319.85,22,0,Hyderabad,Jaipur,1,desktop,0,1,0.97,0
T12083,M121,2026-08-16T13:05:13.768717,27876.35,13,0,Delhi,Bengaluru,1,mobile,0,1,1.39,0
T12084,M121,2026-08-10T16:40:50.768725,12221.26,16,0,Jaipur,Bengaluru,1,mobile,0,1,0.61,0
T12085,M104,2026-08-30T13:22:37.768758,26096.45,13,0,Bengaluru,Delhi,1,mobile,0,5,1.3,0
T12086,M132,2026-07-25T00:41:28.768768,516.55,0,0,Kolkata,Bhubaneswar,1,mobile,1,1,1.03,0
T12087,M129,2026-09-02T12:00:52.768779,7124.69,12,0,Chennai,Mumbai,1,tablet,0,4,14.25,0
T12088,M137,2026-08-22T01:29:02.768788,1631.31,1,1,Pune,Delhi,1,desktop,0,1,0.54,0
T12089,M124,2026-08-28T07:47:37.768798,293.08,7,0,Hyderabad,Jaipur,1,desktop,0,1,0.59,0
T12090,M109,2026-07-29T23:58:14.768806,23777.01,23,1,Chennai,Bhubaneswar,1,tablet,1,1,1.19,1
T12091,M100,2026-08-25T14:27:11.768816,581.15,14,0,Hyderabad,Hyderabad,0,desktop,0,1,1.16,0
T12092,M101,2026-08-06T18:50:23.768825,1549.2,18,0,Bhubaneswar,Pune,1,mobile,0,1,0.52,0
T12093,M123,2026-08-21T18:59:12.768833,7946.44,18,0,Jaipur,Pune,1,mobile,1,1,0.99,0
T12094,M128,2026-08-16T02:39:17.768841,19423.08,2,1,Kolkata,Hyderabad,1,mobile,0,4,0.97,0
T12095,M114,2026-08-05T00:03:04.768850,810.87,0,1,Ahmedabad,Ahmedabad,0,desktop,0,2,1.62,0
T12096,M109,2026-07-23T20:13:54.768858,5478.82,20,0,Delhi,Bengaluru,1,tablet,0,1,0.27,0
T12097,M110,2026-07-30T07:37:19.768867,28178.95,7,1,Delhi,Delhi,0,desktop,1,3,1.41,1
T12098,M113,2026-07-25T00:46:54.768875,24053.68,0,0,Bhubaneswar,Kolkata,1,mobile,0,1,1.2,0
T12099,M109,2026-08-23T08:09:22.768883,25701.66,8,1,Bhubaneswar,Chennai,1,tablet,0,2,1.29,0
T12100,M104,2026-08-08T06:21:53.768891,128095.09,6,1,Pune,Delhi,1,mobile,0,1,6.4,1
T12101,M102,2026-07-25T02:36:31.768900,782.89,2,1,Jaipur,Hyderabad,1,tablet,0,3,0.52,0
T12102,M111,2026-09-02T06:42:31.768908,31316.9,6,0,Delhi,Pune,1,tablet,0,1,1.57,0
T12103,M123,2026-08-18T02:59:44.768916,14384.49,2,1,Kolkata,Jaipur,1,desktop,1,1,1.8,1
T12104,M100,2026-07-28T00:56:48.768924,508.22,0,1,Jaipur,Jaipur,0,mobile,1,1,1.02,0
T12105,M100,2026-07-25T01:24:34.768932,403.92,1,1,Bengaluru,Bhubaneswar,1,tablet,0,3,0.81,0
T12106,M130,2026-08-03T20:43:25.768940,1858.22,20,0,Kolkata,Kolkata,0,desktop,0,4,1.24,0
T12107,M107,2026-08-20T21:56:58.768950,288.84,21,0,Bengaluru,Hyderabad,1,desktop,0,1,0.58,0
T12108,M127,2026-08-31T05:57:39.768958,21940.2,5,0,Chennai,Delhi,1,mobile,0,1,1.1,0
T12109,M107,2026-08-05T15:39:36.768967,562.4,15,0,Jaipur,Bhubaneswar,1,tablet,0,3,1.12,0
T12110,M128,2026-07-30T10:33:07.768975,23725.95,10,0,Bhubaneswar,Chennai,1,tablet,0,1,1.19,0
T12111,M112,2026-07-28T09:00:01.768983,954.8,9,0,Mumbai,Mumbai,0,mobile,0,3,0.64,0
T12112,M110,2026-08-26T06:37:04.768990,20831.09,6,1,Bengaluru,Jaipur,1,desktop,0,1,1.04,1
T12113,M100,2026-08-07T14:41:02.768999,500.28,14,0,Pune,Bengaluru,1,desktop,0,1,1.0,0
T12114,M100,2026-08-09T05:43:44.769007,387.72,5,1,Bhubaneswar,Bengaluru,1,tablet,0,2,0.78,0
T12115,M128,2026-08-11T07:37:44.769015,18441.82,7,1,Kolkata,Bengaluru,1,desktop,1,2,0.92,1
T12116,M111,2026-09-01T22:56:26.769024,4229.31,22,0,Jaipur,Bhubaneswar,1,desktop,1,1,0.21,0
T12117,M130,2026-08-11T18:34:56.769034,1067.35,18,0,Delhi,Jaipur,1,desktop,1,1,0.71,1
T12118,M125,2026-07-31T14:03:30.769042,424.71,14,0,Chennai,Delhi,1,mobile,0,5,0.85,0
T12119,M110,2026-08-01T18:07:39.769051,22256.88,18,0,Bhubaneswar,Bengaluru,1,mobile,0,1,1.11,0
T12120,M114,2026-08-08T22:47:46.769058,678.02,22,1,Delhi,Jaipur,1,desktop,1,1,1.36,1
T12121,M101,2026-08-11T16:53:41.769067,2200.26,16,0,Ahmedabad,Ahmedabad,0,desktop,0,1,0.73,0
T12122,M123,2026-09-01T01:36:09.769074,7687.59,1,1,Jaipur,Jaipur,0,mobile,0,3,0.96,0
T12123,M104,2026-08-22T03:30:55.769082,19557.75,3,1,Bhubaneswar,Ahmedabad,1,desktop,1,1,0.98,1
T12124,M122,2026-08-20T19:11:07.769090,157.85,19,1,Jaipur,Chennai,1,desktop,0,1,0.32,0
T12125,M109,2026-08-26T01:06:04.769098,27636.33,1,1,Pune,Kolkata,1,tablet,0,1,1.38,1
T12126,M136,2026-09-01T06:09:34.769106,1940.37,6,1,Bhubaneswar,Jaipur,1,tablet,1,1,1.29,1
T12127,M114,2026-08-21T05:34:53.769115,598.69,5,1,Kolkata,Mumbai,1,desktop,1,2,1.2,1
T12128,M138,2026-07-24T01:59:06.769123,235.55,1,1,Bhubaneswar,Kolkata,1,desktop,1,1,0.47,0
T12129,M128,2026-08-19T20:40:06.769131,23804.44,20,0,Ahmedabad,Mumbai,1,tablet,0,1,1.19,0
T12130,M131,2026-08-04T08:47:30.769139,216.53,8,1,Chennai,Kolkata,1,desktop,0,1,0.43,0
T12131,M132,2026-09-02T02:36:11.769147,389.51,2,0,Kolkata,Ahmedabad,1,mobile,0,1,0.78,0
T12132,M121,2026-08-02T00:06:28.769156,11509.33,0,0,Delhi,Kolkata,1,desktop,0,2,0.58,0
T12133,M120,2026-07-23T11:18:24.769164,3941.71,11,0,Bengaluru,Jaipur,1,desktop,0,3,1.31,0
T12134,M102,2026-07-30T22:54:16.769172,1791.5,22,1,Jaipur,Bhubaneswar,1,mobile,0,1,1.19,0
T12135,M116,2026-08-09T09:33:48.769182,4821.63,9,0,Hyderabad,Mumbai,1,tablet,0,3,1.61,0
T12136,M102,2026-08-08T00:08:17.769190,615.9,0,1,Hyderabad,Bhubaneswar,1,tablet,0,2,0.41,1
T12137,M106,2026-08-18T20:28:43.769200,532.6,20,0,Hyderabad,Mumbai,1,mobile,0,3,1.07,0
T12138,M100,2026-07-25T06:50:32.769208,561.33,6,1,Kolkata,Kolkata,0,mobile,1,1,1.12,0
T12139,M113,2026-07-23T19:56:28.769216,20009.74,19,0,Pune,Kolkata,1,desktop,0,1,1.0,0
T12140,M128,2026-08-18T06:31:58.769224,11310.33,6,1,Ahmedabad,Bhubaneswar,1,mobile,0,1,0.57,0
T12141,M101,2026-08-23T17:19:53.769232,797.05,17,0,Ahmedabad,Bengaluru,1,desktop,0,3,0.27,0
T12142,M113,2026-08-12T18:08:16.769240,62649.29,18,0,Chennai,Chennai,0,desktop,0,1,3.13,0
T12143,M130,2026-08-05T07:20:04.769249,2158.13,7,0,Kolkata,Jaipur,1,desktop,0,2,1.44,0
T12144,M102,2026-08-10T08:00:13.769257,2154.74,8,1,Pune,Bhubaneswar,1,tablet,0,1,1.44,0
T12145,M127,2026-08-29T06:43:22.769265,30793.89,6,0,Bengaluru,Delhi,1,tablet,0,1,1.54,0
T12146,M118,2026-08-13T07:56:38.769273,541.42,7,1,Kolkata,Chennai,1,tablet,0,1,1.08,0
T12147,M114,2026-08-21T03:45:43.769282,350.92,3,1,Bengaluru,Delhi,1,mobile,0,1,0.7,0
T12148,M105,2026-07-29T15:37:34.769290,16985.98,15,0,Bengaluru,Bhubaneswar,1,mobile,0,1,0.85,0
T12149,M111,2026-07-27T10:17:38.769299,32564.79,10,0,Delhi,Ahmedabad,1,mobile,0,3,1.63,0
T12150,M129,2026-08-16T00:06:47.769306,689.73,0,1,Jaipur,Hyderabad,1,tablet,0,1,1.38,0
T12151,M135,2026-08-07T18:07:51.769315,4722.48,18,0,Bhubaneswar,Chennai,1,mobile,0,1,1.57,0
T12152,M120,2026-07-27T21:56:35.769322,253.43,21,0,Pune,Bhubaneswar,1,mobile,0,1,0.08,0
T12153,M133,2026-09-02T08:04:42.769331,4839.44,8,0,Pune,Chennai,1,tablet,0,1,1.61,0
T12154,M130,2026-08-03T04:08:36.769340,1578.88,4,0,Bengaluru,Chennai,1,desktop,0,3,1.05,0
T12155,M118,2026-07-28T10:26:48.769349,215.86,10,0,Ahmedabad,Delhi,1,desktop,0,1,0.43,0
T12156,M129,2026-08-01T16:09:46.769356,475.75,16,0,Mumbai,Pune,1,mobile,0,1,0.95,0
T12157,M107,2026-08-17T17:07:16.769366,887.05,17,0,Delhi,Delhi,0,tablet,0,1,1.77,0
T12158,M138,2026-07-31T20:06:05.769374,450.44,20,1,Jaipur,Bengaluru,1,tablet,0,1,0.9,0
T12159,M130,2026-08-01T12:30:18.769382,16432.63,12,0,Kolkata,Bengaluru,1,desktop,0,1,10.96,0
T12160,M119,2026-08-11T19:50:46.769390,5818.4,19,0,Hyderabad,Ahmedabad,1,tablet,0,1,0.73,0
T12161,M122,2026-08-12T14:47:34.769399,760.62,14,0,Hyderabad,Chennai,1,desktop,0,3,1.52,0
T12162,M128,2026-08-28T00:39:00.769407,16548.59,0,1,Bhubaneswar,Delhi,1,desktop,0,1,0.83,0
T12163,M138,2026-08-19T22:24:46.769415,582.16,22,1,Kolkata,Kolkata,0,desktop,0,5,1.16,0
T12164,M136,2026-08-20T10:20:59.769423,1729.87,10,0,Jaipur,Bhubaneswar,1,tablet,0,1,1.15,0
T12165,M114,2026-09-01T09:55:10.769431,203.87,9,0,Pune,Bengaluru,1,mobile,0,2,0.41,0
T12166,M133,2026-08-06T02:16:04.769439,3605.24,2,0,Chennai,Jaipur,1,tablet,0,1,1.2,0
T12167,M139,2026-08-27T03:33:02.769449,1293.23,3,1,Pune,Ahmedabad,1,mobile,1,1,0.86,1
T12168,M131,2026-08-07T22:38:20.769460,328.06,22,1,Bengaluru,Jaipur,1,tablet,0,1,0.66,0
T12169,M104,2026-08-13T09:43:38.769469,12187.96,9,0,Ahmedabad,Jaipur,1,tablet,0,1,0.61,0
T12170,M104,2026-08-31T19:10:16.769478,26366.43,19,0,Bhubaneswar,Ahmedabad,1,mobile,1,1,1.32,0
T12171,M133,2026-08-06T12:27:00.769486,4120.38,12,0,Chennai,Pune,1,mobile,0,2,1.37,0
T12172,M131,2026-08-28T21:54:15.769494,670.84,21,0,Jaipur,Delhi,1,mobile,0,1,1.34,0
T12173,M133,2026-08-16T09:34:41.769502,1960.01,9,0,Kolkata,Jaipur,1,mobile,0,2,0.65,0
T12174,M131,2026-09-01T11:49:14.769510,344.31,11,0,Bhubaneswar,Mumbai,1,mobile,0,2,0.69,0
T12175,M136,2026-08-22T14:07:25.769519,1383.91,14,0,Delhi,Ahmedabad,1,desktop,0,1,0.92,0
T12176,M127,2026-09-05T21:03:02.769526,15167.87,21,0,Pune,Delhi,1,tablet,0,2,0.76,0
T12177,M101,2026-08-28T14:54:27.769536,3381.1,14,0,Mumbai,Pune,1,mobile,0,1,1.13,0
T12178,M107,2026-07-28T21:46:40.769544,187.15,21,0,Hyderabad,Jaipur,1,mobile,1,3,0.37,0
T12179,M120,2026-08-08T23:04:08.769553,2033.56,23,0,Kolkata,Mumbai,1,tablet,0,1,0.68,0
T12180,M106,2026-09-02T12:37:44.769560,397.53,12,0,Mumbai,Bengaluru,1,desktop,0,1,0.8,0
T12181,M121,2026-08-25T20:03:00.769568,19941.06,20,0,Jaipur,Ahmedabad,1,mobile,0,1,1.0,0
T12182,M105,2026-08-02T12:39:42.769576,16495.65,12,0,Bhubaneswar,Hyderabad,1,mobile,0,1,0.82,0
T12183,M100,2026-08-22T09:52:42.769584,277.88,9,0,Pune,Kolkata,1,mobile,1,1,0.56,0
T12184,M115,2026-07-27T03:56:12.769592,4286.32,3,0,Hyderabad,Bhubaneswar,1,desktop,0,1,0.54,0
T12185,M107,2026-07-27T21:46:43.769601,177.73,21,0,Hyderabad,Kolkata,1,tablet,0,1,0.36,0
T12186,M115,2026-08-14T21:10:48.769608,4477.32,21,0,Jaipur,Bhubaneswar,1,desktop,0,8,0.56,0
T12187,M121,2026-09-05T08:49:06.769618,20767.81,8,0,Bengaluru,Jaipur,1,mobile,0,1,1.04,0
T12188,M126,2026-07-26T16:58:46.769626,3551.21,16,0,Ahmedabad,Pune,1,tablet,0,3,1.18,0
T12189,M119,2026-08-11T21:00:44.769634,8328.19,21,0,Mumbai,Pune,1,mobile,0,1,1.04,0
T12190,M108,2026-08-15T19:10:29.769642,1576.74,19,1,Kolkata,Hyderabad,1,desktop,1,1,1.05,1
T12191,M116,2026-08-22T18:11:02.769650,2980.74,18,0,Chennai,Ahmedabad,1,mobile,0,1,0.99,0
T12192,M113,2026-09-05T23:19:35.769658,28165.5,23,0,Kolkata,Ahmedabad,1,desktop,0,1,1.41,0
T12193,M138,2026-08-22T09:57:14.769666,527.89,9,1,Mumbai,Bhubaneswar,1,mobile,0,1,1.06,1
T12194,M139,2026-08-16T16:59:59.769674,1043.81,16,0,Pune,Delhi,1,tablet,0,1,0.7,0
T12195,M129,2026-07-29T14:00:02.769682,544.86,14,0,Delhi,Ahmedabad,1,desktop,0,3,1.09,0
T12196,M135,2026-08-19T04:11:23.769690,5107.06,4,0,Chennai,Mumbai,1,mobile,0,1,1.7,0
T12197,M133,2026-09-04T17:42:39.769700,2802.42,17,0,Ahmedabad,Hyderabad,1,tablet,0,1,0.93,0
T12198,M132,2026-08-02T18:58:00.769708,484.58,18,0,Ahmedabad,Ahmedabad,0,mobile,0,2,0.97,0
T12199,M138,2026-07-23T14:18:45.769718,361.9,14,0,Delhi,Pune,1,mobile,0,1,0.72,0
T12200,M101,2026-08-01T00:50:35.769726,1842.93,0,1,Bengaluru,Mumbai,1,desktop,0,1,0.61,0
T12201,M114,2026-09-04T09:53:47.769734,444.04,9,0,Mumbai,Pune,1,desktop,0,1,0.89,0
T12202,M104,2026-07-23T22:43:45.769742,31480.02,22,1,Chennai,Delhi,1,tablet,0,1,1.57,1
T12203,M115,2026-09-01T18:41:26.769751,9705.47,18,0,Delhi,Mumbai,1,tablet,0,1,1.21,0
T12204,M109,2026-07-29T23:48:11.769759,20041.12,23,1,Bhubaneswar,Jaipur,1,desktop,0,1,1.0,0
T12205,M136,2026-08-11T17:50:32.769767,748.1,17,0,Bengaluru,Pune,1,mobile,0,8,0.5,0
T12206,M111,2026-08-06T01:13:23.769775,35061.7,1,0,Hyderabad,Bengaluru,1,desktop,0,1,1.75,0
T12207,M102,2026-08-01T07:59:03.769784,1599.54,7,1,Jaipur,Kolkata,1,mobile,0,1,1.07,0
T12208,M109,2026-08-18T12:07:01.769798,10062.83,12,0,Bengaluru,Mumbai,1,mobile,0,1,0.5,0
T12209,M126,2026-08-27T00:20:25.769806,4092.21,0,1,Bhubaneswar,Pune,1,mobile,0,1,1.36,0
T12210,M121,2026-08-14T13:23:06.769814,13148.07,13,0,Ahmedabad,Hyderabad,1,mobile,0,1,0.66,0
T12211,M101,2026-08-30T18:09:17.769822,3157.52,18,0,Bhubaneswar,Ahmedabad,1,mobile,0,1,1.05,0
T12212,M110,2026-07-30T18:30:07.769830,24499.98,18,0,Bhubaneswar,Mumbai,1,tablet,1,1,1.22,0
T12213,M131,2026-07-29T21:51:55.769838,574.94,21,0,Mumbai,Chennai,1,desktop,0,3,1.15,0
T12214,M126,2026-08-30T10:57:04.769846,4071.72,10,0,Jaipur,Delhi,1,desktop,0,2,1.36,0
T12215,M126,2026-07-25T14:28:26.769854,3908.08,14,0,Bengaluru,Hyderabad,1,desktop,0,1,1.3,0
T12216,M111,2026-08-09T11:51:59.769862,164971.35,11,0,Hyderabad,Bhubaneswar,1,desktop,0,2,8.25,0
T12217,M101,2026-08-20T07:26:29.769874,4364.91,7,1,Ahmedabad,Ahmedabad,0,mobile,0,1,1.45,0
T12218,M126,2026-08-23T03:15:47.769885,2263.12,3,1,Bengaluru,Ahmedabad,1,desktop,0,1,0.75,0
T12219,M135,2026-07-24T03:53:09.769893,2258.38,3,0,Bengaluru,Chennai,1,desktop,0,2,0.75,0
T12220,M107,2026-08-10T13:10:15.769901,592.02,13,0,Delhi,Pune,1,tablet,0,1,1.18,0
T12221,M127,2026-08-18T05:31:10.769910,20872.79,5,0,Chennai,Bhubaneswar,1,tablet,0,3,1.04,0
T12222,M132,2026-08-24T17:36:29.769918,377.87,17,0,Mumbai,Mumbai,0,tablet,0,1,0.76,0
T12223,M132,2026-08-28T08:40:58.769926,565.85,8,0,Jaipur,Delhi,1,tablet,0,1,1.13,0
T12224,M136,2026-07-29T07:59:39.769934,1935.64,7,1,Bhubaneswar,Jaipur,1,mobile,1,1,1.29,1
T12225,M112,2026-08-30T02:53:03.769942,1760.43,2,0,Hyderabad,Chennai,1,tablet,0,1,1.17,0
T12226,M102,2026-08-16T11:12:00.769951,1734.11,11,0,Kolkata,Pune,1,desktop,0,1,1.16,0
T12227,M110,2026-07-26T04:36:00.769960,24766.33,4,1,Hyderabad,Ahmedabad,1,tablet,0,4,1.24,0
T12228,M121,2026-07-23T01:32:09.769968,94908.4,1,0,Jaipur,Jaipur,0,desktop,0,1,4.75,0
T12229,M125,2026-08-14T00:05:32.769977,266.15,0,1,Delhi,Bhubaneswar,1,mobile,0,1,0.53,0
T12230,M136,2026-07-27T08:38:08.769985,1718.56,8,1,Mumbai,Bhubaneswar,1,mobile,0,1,1.15,0
T12231,M115,2026-07-29T17:35:16.769993,9112.93,17,0,Hyderabad,Ahmedabad,1,tablet,0,2,1.14,0
T12232,M136,2026-08-27T06:31:54.770001,1779.38,6,1,Pune,Chennai,1,tablet,1,5,1.19,1
T12233,M135,2026-08-12T15:15:38.770010,3475.71,15,0,Chennai,Kolkata,1,mobile,0,1,1.16,0
T12234,M137,2026-08-16T23:52:36.770018,2855.78,23,1,Delhi,Hyderabad,1,desktop,0,1,0.95,1
T12235,M120,2026-07-27T11:31:54.770026,3831.57,11,0,Jaipur,Pune,1,tablet,0,1,1.28,0
T12236,M119,2026-07-30T06:39:26.770034,10041.76,6,1,Mumbai,Delhi,1,desktop,0,1,1.26,0
T12237,M126,2026-07-24T10:43:08.770044,2867.75,10,0,Kolkata,Bhubaneswar,1,tablet,0,1,0.96,0
T12238,M117,2026-09-02T21:32:09.770052,965.6,21,0,Delhi,Mumbai,1,tablet,1,1,0.64,0
T12239,M108,2026-08-26T06:44:44.770060,1866.02,6,1,Delhi,Jaipur,1,mobile,0,3,1.24,0
T12240,M138,2026-09-05T18:31:24.770068,556.17,18,0,Kolkata,Bengaluru,1,mobile,0,1,1.11,0
T12241,M116,2026-08-25T10:20:30.770076,50,10,0,Bengaluru,Ahmedabad,1,mobile,0,2,0.02,0
T12242,M126,2026-08-07T02:48:32.770084,4488.46,2,1,Ahmedabad,Mumbai,1,mobile,0,1,1.5,0
T12243,M135,2026-07-29T18:19:00.770092,5337.94,18,0,Pune,Delhi,1,tablet,0,1,1.78,0
T12244,M111,2026-08-30T03:54:28.770100,15173.64,3,0,Chennai,Kolkata,1,mobile,0,3,0.76,0
T12245,M114,2026-07-25T16:19:26.770108,368.98,16,0,Kolkata,Mumbai,1,mobile,0,1,0.74,0
T12246,M129,2026-07-27T04:46:23.770116,815.11,4,1,Bengaluru,Hyderabad,1,mobile,1,1,1.63,1
T12247,M104,2026-08-09T00:34:01.770126,22373.64,0,1,Mumbai,Chennai,1,tablet,0,2,1.12,0
T12248,M127,2026-08-28T11:16:46.770134,10920.05,11,0,Chennai,Chennai,0,desktop,1,2,0.55,0
T12249,M111,2026-09-04T09:11:30.770142,37792.13,9,0,Ahmedabad,Kolkata,1,mobile,0,3,1.89,0
T12250,M101,2026-07-28T04:32:48.770150,16652.64,4,1,Hyderabad,Chennai,1,desktop,0,2,5.55,1
T12251,M126,2026-07-27T00:35:18.770158,2250.84,0,1,Kolkata,Jaipur,1,mobile,0,1,0.75,0
T12252,M108,2026-09-01T02:13:05.770166,67.01,2,1,Mumbai,Jaipur,1,desktop,0,2,0.04,0
T12253,M122,2026-08-25T21:56:57.770174,626.34,21,1,Bengaluru,Bengaluru,0,desktop,1,5,1.25,1
T12254,M128,2026-09-03T21:35:16.770182,35644.91,21,0,Chennai,Bhubaneswar,1,desktop,0,1,1.78,0
T12255,M137,2026-07-25T21:48:33.770190,2967.41,21,1,Pune,Mumbai,1,mobile,1,1,0.99,1
T12256,M119,2026-08-16T07:02:22.770198,50,7,1,Bengaluru,Hyderabad,1,desktop,0,3,0.01,0
T12257,M119,2026-08-27T05:43:08.770207,3934.98,5,1,Kolkata,Jaipur,1,mobile,0,4,0.49,0
T12258,M127,2026-09-01T22:31:17.770216,19771.4,22,0,Pune,Chennai,1,tablet,0,2,0.99,0
T12259,M117,2026-08-30T21:04:02.770224,2482.23,21,0,Delhi,Delhi,0,mobile,0,1,1.65,0
T12260,M134,2026-08-18T17:05:55.770232,3591.81,17,0,Kolkata,Hyderabad,1,desktop,0,1,1.2,0
T12261,M132,2026-09-03T10:35:11.770240,554.47,10,0,Bengaluru,Delhi,1,tablet,0,1,1.11,0
T12262,M101,2026-08-11T15:50:09.770247,10707.45,15,0,Delhi,Mumbai,1,mobile,0,1,3.57,0
T12263,M112,2026-08-23T20:41:28.770257,2175.44,20,0,Delhi,Bengaluru,1,mobile,0,3,1.45,0
T12264,M119,2026-08-21T16:01:01.770266,90401.07,16,0,Ahmedabad,Bengaluru,1,mobile,0,2,11.3,0
T12265,M103,2026-07-25T19:54:14.770275,255.14,19,1,Mumbai,Hyderabad,1,mobile,0,1,0.51,0
T12266,M138,2026-09-05T06:50:43.770283,578.93,6,1,Mumbai,Mumbai,0,mobile,1,1,1.16,0
T12267,M115,2026-07-28T04:23:29.770293,7658.47,4,0,Ahmedabad,Delhi,1,tablet,0,2,0.96,0
T12268,M102,2026-08-29T21:21:05.770301,1493.85,21,0,Bengaluru,Pune,1,tablet,1,2,1.0,1
T12269,M132,2026-08-04T12:49:24.770311,84.35,12,0,Chennai,Ahmedabad,1,tablet,0,1,0.17,0
T12270,M107,2026-07-26T17:33:34.770319,558.52,17,0,Jaipur,Bengaluru,1,tablet,0,1,1.12,0
T12271,M133,2026-08-24T19:23:31.770327,4238.55,19,0,Ahmedabad,Jaipur,1,tablet,0,1,1.41,0
T12272,M103,2026-08-26T16:54:14.770335,514.22,16,0,Kolkata,Mumbai,1,tablet,0,1,1.03,0
T12273,M109,2026-07-29T07:00:10.770343,23856.65,7,1,Bhubaneswar,Bhubaneswar,0,tablet,0,5,1.19,0
T12274,M107,2026-08-17T23:40:20.770351,558.43,23,1,Ahmedabad,Kolkata,1,tablet,1,3,1.12,0
T12275,M118,2026-08-18T13:08:09.770360,6390.31,13,0,Jaipur,Pune,1,desktop,1,1,12.78,0
T12276,M110,2026-08-23T14:39:23.770368,19302.77,14,0,Bengaluru,Hyderabad,1,desktop,0,4,0.97,0
T12277,M125,2026-08-20T09:28:04.770378,10772.23,9,1,Bhubaneswar,Kolkata,1,tablet,0,1,21.54,1
T12278,M130,2026-07-23T23:00:43.770387,1003.03,23,0,Delhi,Kolkata,1,tablet,0,1,0.67,0
T12279,M123,2026-08-25T19:50:32.770395,10222.76,19,1,Bengaluru,Delhi,1,desktop,0,1,1.28,0
T12280,M119,2026-08-31T23:11:25.770403,8760.84,23,1,Mumbai,Hyderabad,1,mobile,1,1,1.1,1
T12281,M133,2026-08-29T05:14:15.770411,3368.74,5,0,Bengaluru,Chennai,1,mobile,0,2,1.12,0
T12282,M114,2026-08-20T01:05:15.770421,662.94,1,1,Delhi,Hyderabad,1,mobile,1,1,1.33,1
T12283,M138,2026-08-31T06:46:59.770429,689.45,6,1,Mumbai,Pune,1,mobile,0,1,1.38,1
T12284,M124,2026-08-15T02:41:46.770437,435.71,2,0,Kolkata,Chennai,1,desktop,0,2,0.87,0
T12285,M139,2026-09-02T20:41:14.770445,499.32,20,1,Chennai,Jaipur,1,mobile,0,1,0.33,0
T12286,M117,2026-09-05T06:27:17.770453,1034.85,6,0,Ahmedabad,Jaipur,1,tablet,1,2,0.69,0
T12287,M130,2026-08-03T23:19:18.770463,1503.89,23,0,Pune,Delhi,1,mobile,0,1,1.0,0
T12288,M131,2026-08-07T23:42:49.770471,537.72,23,1,Bhubaneswar,Ahmedabad,1,tablet,0,1,1.08,0
T12289,M102,2026-08-29T00:05:31.770479,1198.72,0,1,Bhubaneswar,Ahmedabad,1,mobile,0,1,0.8,0
T12290,M118,2026-08-13T02:45:54.770487,520.24,2,1,Chennai,Kolkata,1,desktop,0,1,1.04,0
T12291,M106,2026-07-24T07:37:33.770495,115.95,7,1,Mumbai,Jaipur,1,desktop,0,1,0.23,0
T12292,M130,2026-08-17T19:06:38.770503,2502.37,19,0,Mumbai,Hyderabad,1,mobile,0,1,1.67,0
T12293,M101,2026-08-29T16:16:28.770511,2935.84,16,0,Ahmedabad,Chennai,1,mobile,0,2,0.98,0
T12294,M129,2026-08-24T14:24:33.770519,526.83,14,0,Pune,Chennai,1,desktop,0,1,1.05,0
T12295,M128,2026-08-01T00:25:54.770527,22321.21,0,1,Chennai,Mumbai,1,desktop,0,1,1.12,0
T12296,M124,2026-08-25T03:46:37.770535,561.06,3,0,Hyderabad,Pune,1,mobile,1,2,1.12,0
T12297,M126,2026-08-25T13:36:20.770544,4318.83,13,0,Bhubaneswar,Bengaluru,1,mobile,0,3,1.44,0
T12298,M130,2026-08-21T11:27:02.770552,2708.53,11,0,Chennai,Jaipur,1,tablet,0,8,1.81,0
T12299,M103,2026-08-25T16:16:38.770561,636.84,16,0,Pune,Hyderabad,1,desktop,0,1,1.27,0
T12300,M138,2026-08-29T11:14:54.770569,582.03,11,0,Delhi,Pune,1,tablet,0,3,1.16,0
T12301,M100,2026-08-07T05:57:06.770577,605.47,5,1,Pune,Kolkata,1,desktop,0,1,1.21,0
T12302,M129,2026-08-16T06:07:21.770586,455.07,6,1,Delhi,Bhubaneswar,1,tablet,0,3,0.91,1
T12303,M116,2026-07-30T03:15:24.770594,1931.05,3,1,Ahmedabad,Hyderabad,1,desktop,0,2,0.64,0
T12304,M111,2026-07-25T21:16:52.770602,18648.67,21,0,Ahmedabad,Delhi,1,mobile,0,2,0.93,0
T12305,M131,2026-08-12T16:02:24.770610,380.45,16,0,Ahmedabad,Delhi,1,desktop,0,1,0.76,0
T12306,M134,2026-08-10T01:09:06.770618,3715.19,1,1,Bhubaneswar,Jaipur,1,mobile,0,1,1.24,0
T12307,M127,2026-08-20T01:54:00.770627,199507.2,1,0,Bengaluru,Bengaluru,0,mobile,0,3,9.98,0
T12308,M136,2026-08-30T13:42:29.770636,1243.9,13,0,Chennai,Bengaluru,1,tablet,0,1,0.83,0
T12309,M127,2026-08-18T12:21:50.770645,68854.68,12,0,Ahmedabad,Mumbai,1,mobile,0,2,3.44,0
T12310,M128,2026-09-04T01:20:21.770653,22986.04,1,1,Mumbai,Chennai,1,tablet,0,1,1.15,1
T12311,M111,2026-08-04T07:30:16.770662,3522.58,7,0,Kolkata,Bhubaneswar,1,mobile,1,3,0.18,0
T12312,M136,2026-08-05T12:26:08.770670,1629.74,12,0,Jaipur,Mumbai,1,tablet,0,1,1.09,0
T12313,M120,2026-08-04T14:50:58.770678,1747.82,14,0,Pune,Bhubaneswar,1,tablet,1,1,0.58,0
T12314,M138,2026-08-02T14:56:04.770686,489.39,14,0,Bengaluru,Ahmedabad,1,mobile,0,1,0.98,0
T12315,M107,2026-08-31T21:47:11.770694,357.64,21,0,Pune,Mumbai,1,desktop,0,5,0.72,0
T12316,M108,2026-09-01T07:20:19.770702,932.79,7,1,Pune,Bengaluru,1,desktop,0,3,0.62,0
T12317,M113,2026-08-20T13:00:00.770712,23532.86,13,0,Bhubaneswar,Bhubaneswar,0,desktop,0,1,1.18,0
T12318,M134,2026-08-13T02:26:09.770720,2971.56,2,1,Pune,Kolkata,1,mobile,0,1,0.99,0
T12319,M106,2026-08-19T10:07:29.770728,514.18,10,0,Bengaluru,Bhubaneswar,1,mobile,0,1,1.03,0
T12320,M119,2026-09-03T19:32:25.770738,9737.58,19,0,Jaipur,Bhubaneswar,1,mobile,0,1,1.22,0
T12321,M112,2026-08-03T23:53:09.770746,731.92,23,0,Mumbai,Bengaluru,1,mobile,0,1,0.49,0
T12322,M121,2026-08-08T16:39:00.770754,21694.83,16,0,Hyderabad,Pune,1,desktop,0,1,1.08,0
T12323,M114,2026-09-02T12:18:56.770762,444.3,12,0,Jaipur,Jaipur,0,tablet,0,1,0.89,0
T12324,M115,2026-08-01T08:22:04.770770,9891.94,8,0,Bengaluru,Bhubaneswar,1,desktop,0,1,1.24,0
T12325,M136,2026-08-28T05:40:35.770778,1145.92,5,1,Hyderabad,Delhi,1,mobile,0,2,0.76,0
T12326,M105,2026-07-30T20:11:06.770785,22004.06,20,0,Bhubaneswar,Kolkata,1,desktop,0,3,1.1,0
T12327,M103,2026-07-28T17:10:06.770795,452.78,17,0,Ahmedabad,Kolkata,1,mobile,0,1,0.91,0
T12328,M117,2026-07-30T18:16:31.770805,1595.23,18,0,Chennai,Delhi,1,tablet,0,1,1.06,0
T12329,M106,2026-08-20T10:29:21.770813,513.87,10,0,Kolkata,Ahmedabad,1,mobile,0,2,1.03,0
T12330,M125,2026-07-29T05:03:27.770821,869.07,5,1,Pune,Bengaluru,1,tablet,0,3,1.74,0
T12331,M124,2026-07-27T23:40:13.770829,364.91,23,0,Bengaluru,Mumbai,1,tablet,0,1,0.73,0
T12332,M101,2026-07-23T05:03:14.770837,2364.52,5,1,Jaipur,Chennai,1,desktop,0,3,0.79,0
T12333,M106,2026-07-26T00:57:39.770845,449.28,0,1,Hyderabad,Pune,1,desktop,0,1,0.9,0
T12334,M108,2026-07-27T20:44:11.770853,1253.89,20,1,Mumbai,Jaipur,1,desktop,0,1,0.84,0
T12335,M116,2026-08-14T14:53:23.770862,2721.75,14,0,Bengaluru,Pune,1,tablet,1,2,0.91,0
T12336,M105,2026-08-16T08:20:39.770870,7948.17,8,0,Pune,Jaipur,1,mobile,0,1,0.4,0
T12337,M119,2026-08-29T10:50:59.770879,6591.03,10,0,Ahmedabad,Mumbai,1,desktop,0,1,0.82,0
T12338,M113,2026-09-03T17:48:19.770887,20475.77,17,0,Jaipur,Kolkata,1,desktop,1,1,1.02,1
T12339,M110,2026-08-08T12:16:13.770895,24862.9,12,0,Jaipur,Chennai,1,desktop,1,1,1.24,0
T12340,M132,2026-08-30T03:06:07.770903,569.9,3,0,Jaipur,Bengaluru,1,desktop,0,1,1.14,0
T12341,M125,2026-08-30T06:30:40.770911,181.52,6,1,Jaipur,Chennai,1,desktop,0,1,0.36,0
T12342,M123,2026-08-06T19:19:04.770919,13658.62,19,1,Pune,Pune,0,mobile,0,2,1.71,0
T12343,M111,2026-07-31T21:40:15.770927,12677.15,21,0,Mumbai,Delhi,1,tablet,0,1,0.63,0
T12344,M125,2026-07-31T03:32:14.770935,526.12,3,1,Jaipur,Kolkata,1,mobile,0,1,1.05,0
T12345,M100,2026-07-27T09:24:10.770943,50,9,0,Bengaluru,Bengaluru,0,mobile,0,3,0.1,0
T12346,M111,2026-08-20T19:53:07.770952,21312.88,19,0,Kolkata,Kolkata,0,mobile,0,2,1.07,0
T12347,M125,2026-07-23T00:05:14.770962,502.36,0,1,Pune,Mumbai,1,tablet,0,1,1.0,0
T12348,M118,2026-08-23T09:37:41.770971,808.2,9,0,Mumbai,Delhi,1,tablet,0,1,1.62,0
T12349,M139,2026-07-31T14:45:41.770979,1733.3,14,0,Chennai,Ahmedabad,1,mobile,0,1,1.16,0
T12350,M100,2026-08-25T17:19:59.770987,995.86,17,0,Bengaluru,Ahmedabad,1,desktop,0,1,1.99,0
T12351,M107,2026-09-05T19:43:09.770995,650.08,19,0,Kolkata,Mumbai,1,desktop,1,5,1.3,0
T12352,M113,2026-08-26T09:30:31.771003,10630.92,9,0,Hyderabad,Ahmedabad,1,mobile,0,1,0.53,0
T12353,M127,2026-08-23T23:37:52.771012,16951.91,23,0,Hyderabad,Delhi,1,mobile,1,5,0.85,1
T12354,M107,2026-07-23T14:16:58.771019,278.93,14,0,Delhi,Kolkata,1,desktop,0,1,0.56,0
T12355,M122,2026-08-05T09:23:19.771028,222.58,9,1,Chennai,Delhi,1,tablet,0,1,0.45,0
T12356,M124,2026-08-17T09:33:26.771036,182.12,9,0,Mumbai,Kolkata,1,tablet,0,1,0.36,0
T12357,M139,2026-07-25T04:13:55.771046,2623.54,4,1,Kolkata,Delhi,1,desktop,0,1,1.75,0
T12358,M128,2026-07-23T22:50:13.771054,35208.23,22,1,Bhubaneswar,Bhubaneswar,0,mobile,0,1,1.76,0
T12359,M110,2026-08-05T22:12:55.771062,19809.39,22,1,Ahmedabad,Chennai,1,desktop,0,2,0.99,0
T12360,M114,2026-08-05T00:49:16.771069,303.47,0,1,Jaipur,Kolkata,1,tablet,0,1,0.61,1
T12361,M110,2026-08-09T09:59:24.771077,31512.59,9,0,Jaipur,Pune,1,tablet,0,1,1.58,0
T12362,M135,2026-08-19T13:21:29.771085,4770.25,13,0,Jaipur,Kolkata,1,tablet,0,2,1.59,0
T12363,M100,2026-08-20T21:44:51.771094,578.65,21,0,Jaipur,Pune,1,tablet,0,3,1.16,0
T12364,M111,2026-07-27T10:15:14.771101,14998.15,10,0,Bhubaneswar,Bhubaneswar,0,mobile,0,2,0.75,0
T12365,M130,2026-08-17T21:31:28.771109,1807.12,21,0,Kolkata,Mumbai,1,desktop,0,1,1.2,0
T12366,M106,2026-08-06T05:52:07.771117,541.33,5,1,Chennai,Chennai,0,mobile,0,1,1.08,0
T12367,M134,2026-08-28T12:27:29.771127,4401.71,12,0,Pune,Kolkata,1,desktop,0,3,1.47,0
T12368,M124,2026-08-28T15:27:36.771135,525.74,15,0,Delhi,Pune,1,tablet,0,1,1.05,0
T12369,M133,2026-08-28T05:35:15.771143,4515.93,5,0,Mumbai,Mumbai,0,mobile,1,1,1.51,0
T12370,M107,2026-07-23T12:43:27.771151,3750.86,12,0,Jaipur,Kolkata,1,mobile,0,1,7.5,0
T12371,M127,2026-07-24T14:33:28.771160,13233.38,14,0,Mumbai,Hyderabad,1,tablet,0,1,0.66,0
T12372,M132,2026-08-03T21:59:58.771170,548.42,21,0,Hyderabad,Mumbai,1,desktop,0,1,1.1,0
T12373,M135,2026-07-29T13:49:52.771180,4170.2,13,0,Bengaluru,Kolkata,1,desktop,0,3,1.39,0
T12374,M117,2026-08-29T16:01:25.771191,1594.44,16,0,Jaipur,Jaipur,0,desktop,0,1,1.06,0
T12375,M138,2026-08-31T05:34:55.771200,517.64,5,1,Kolkata,Ahmedabad,1,mobile,0,1,1.04,0
T12376,M110,2026-08-25T19:08:10.771210,8952.15,19,0,Ahmedabad,Kolkata,1,mobile,0,2,0.45,0
T12377,M120,2026-09-02T03:58:43.771220,25691.01,3,0,Chennai,Bhubaneswar,1,mobile,0,1,8.56,0
T12378,M116,2026-08-23T10:40:18.771229,3779.83,10,0,Delhi,Jaipur,1,desktop,0,1,1.26,0
T12379,M113,2026-08-01T01:27:35.771237,13422.08,1,0,Delhi,Kolkata,1,mobile,1,1,0.67,0
T12380,M100,2026-08-15T00:42:36.771245,630.56,0,1,Jaipur,Bhubaneswar,1,mobile,0,1,1.26,0
T12381,M110,2026-08-15T19:19:05.771253,33602.27,19,0,Bengaluru,Kolkata,1,tablet,1,1,1.68,0
T12382,M114,2026-08-14T11:59:31.771261,775.72,11,0,Jaipur,Kolkata,1,desktop,0,1,1.55,0
T12383,M110,2026-07-24T10:59:37.771269,27041.64,10,0,Bhubaneswar,Jaipur,1,tablet,0,4,1.35,0
T12384,M115,2026-08-07T20:35:25.771277,4869.53,20,0,Mumbai,Delhi,1,desktop,0,1,0.61,0
T12385,M128,2026-07-24T07:00:20.771286,42864.56,7,1,Bhubaneswar,Bengaluru,1,mobile,0,1,2.14,0
T12386,M100,2026-08-09T20:23:35.771295,485.47,20,0,Chennai,Hyderabad,1,tablet,0,3,0.97,0
T12387,M115,2026-08-31T09:31:33.771308,12368.82,9,0,Bengaluru,Delhi,1,desktop,0,2,1.55,0
T12388,M100,2026-08-10T17:56:50.771320,169.67,17,0,Hyderabad,Delhi,1,desktop,0,3,0.34,0
T12389,M103,2026-07-27T23:45:09.771329,129.94,23,1,Chennai,Bhubaneswar,1,tablet,1,1,0.26,1
T12390,M105,2026-08-07T22:36:32.771337,38946.93,22,0,Delhi,Ahmedabad,1,mobile,1,4,1.95,0
T12391,M119,2026-07-25T01:21:09.771345,8070.13,1,1,Mumbai,Hyderabad,1,mobile,0,1,1.01,0
T12392,M104,2026-08-14T01:03:11.771355,22461.96,1,1,Kolkata,Jaipur,1,mobile,0,1,1.12,0
T12393,M133,2026-08-07T19:54:27.771364,3576.57,19,0,Mumbai,Mumbai,0,desktop,0,1,1.19,0
T12394,M121,2026-08-19T10:00:39.771372,24660.45,10,0,Delhi,Delhi,0,desktop,0,1,1.23,0
T12395,M107,2026-08-26T21:45:59.771380,763.99,21,0,Kolkata,Delhi,1,mobile,0,2,1.53,0
T12396,M135,2026-07-24T14:21:24.771388,741.79,14,0,Delhi,Ahmedabad,1,mobile,0,1,0.25,0
T12397,M126,2026-08-01T10:32:48.771398,2563.58,10,0,Chennai,Chennai,0,desktop,0,1,0.85,0
T12398,M111,2026-08-23T03:41:48.771406,19446.31,3,0,Ahmedabad,Mumbai,1,mobile,0,1,0.97,0
T12399,M109,2026-08-06T11:17:38.771414,48591.38,11,0,Pune,Hyderabad,1,desktop,0,1,2.43,0
T12400,M109,2026-08-02T19:24:52.771422,14155.06,19,0,Chennai,Bhubaneswar,1,desktop,0,1,0.71,0
T12401,M115,2026-08-21T14:33:13.771431,8623.37,14,0,Ahmedabad,Mumbai,1,mobile,0,3,1.08,0
T12402,M108,2026-09-01T23:40:08.771438,9820.48,23,1,Kolkata,Chennai,1,tablet,0,2,6.55,1
T12403,M123,2026-08-29T19:15:58.771448,3125.76,19,1,Mumbai,Hyderabad,1,desktop,0,2,0.39,1
T12404,M132,2026-08-18T12:50:59.771456,612.5,12,0,Ahmedabad,Ahmedabad,0,mobile,0,1,1.23,0
T12405,M126,2026-07-30T09:12:27.771465,3891.68,9,1,Bengaluru,Hyderabad,1,desktop,0,1,1.3,0
T12406,M139,2026-08-17T16:03:33.771473,833.93,16,0,Bhubaneswar,Chennai,1,tablet,1,2,0.56,0
T12407,M111,2026-07-29T12:57:23.771483,25813.52,12,0,Chennai,Bengaluru,1,tablet,0,1,1.29,0
T12408,M136,2026-08-22T02:00:56.771491,1907.41,2,1,Ahmedabad,Bhubaneswar,1,tablet,0,1,1.27,0
T12409,M139,2026-08-20T15:12:35.771501,1927.4,15,0,Bhubaneswar,Bengaluru,1,tablet,0,3,1.28,0
T12410,M135,2026-08-04T00:40:50.771509,3432.69,0,0,Kolkata,Jaipur,1,tablet,0,1,1.14,0
T12411,M123,2026-09-05T11:26:31.771517,13213.72,11,0,Mumbai,Chennai,1,mobile,0,1,1.65,0
T12412,M116,2026-09-04T10:47:54.771525,2296.35,10,0,Bhubaneswar,Jaipur,1,tablet,0,1,0.77,0
T12413,M108,2026-08-11T12:41:21.771534,3697.21,12,0,Delhi,Chennai,1,desktop,1,1,2.46,0
T12414,M125,2026-07-30T02:49:39.771542,672.18,2,1,Chennai,Hyderabad,1,mobile,0,3,1.34,0
T12415,M113,2026-08-06T13:55:48.771551,9159.13,13,0,Hyderabad,Jaipur,1,tablet,0,1,0.46,0
T12416,M134,2026-08-14T19:28:47.771558,4081.36,19,0,Pune,Kolkata,1,desktop,0,1,1.36,0
T12417,M108,2026-08-06T09:39:25.771568,2093.42,9,1,Pune,Bhubaneswar,1,tablet,0,1,1.4,0
T12418,M121,2026-09-01T08:44:36.771576,21165.08,8,0,Kolkata,Kolkata,0,tablet,0,4,1.06,0
T12419,M135,2026-09-04T23:04:05.771584,4549.72,23,0,Bengaluru,Bhubaneswar,1,tablet,1,3,1.52,0
T12420,M123,2026-08-11T12:30:41.771592,1567.98,12,0,Pune,Hyderabad,1,tablet,0,4,0.2,0
T12421,M106,2026-08-17T12:51:30.771601,412.93,12,0,Pune,Ahmedabad,1,mobile,0,2,0.83,0
T12422,M118,2026-09-02T05:37:32.771610,598.22,5,1,Chennai,Ahmedabad,1,desktop,0,1,1.2,0
T12423,M104,2026-08-23T20:51:03.771618,14344.02,20,0,Bhubaneswar,Pune,1,desktop,0,1,0.72,0
T12424,M112,2026-08-23T04:12:28.771626,1840.24,4,0,Mumbai,Hyderabad,1,desktop,0,1,1.23,0
T12425,M102,2026-07-30T02:36:58.771634,2114.85,2,1,Bhubaneswar,Bhubaneswar,0,tablet,0,2,1.41,0
T12426,M112,2026-08-02T04:25:46.771642,1123.09,4,0,Chennai,Chennai,0,desktop,0,2,0.75,0
T12427,M117,2026-08-15T22:37:55.771656,1597.73,22,0,Ahmedabad,Jaipur,1,desktop,0,3,1.07,0
T12428,M104,2026-09-05T19:10:43.771664,20796.36,19,0,Kolkata,Pune,1,mobile,0,2,1.04,0
T12429,M102,2026-09-05T14:25:02.771672,1488.09,14,0,Pune,Delhi,1,desktop,1,1,0.99,0
T12430,M134,2026-08-20T18:47:57.771680,2456.87,18,0,Chennai,Mumbai,1,tablet,0,2,0.82,0
T12431,M100,2026-08-08T16:57:14.771688,629.47,16,0,Delhi,Delhi,0,desktop,0,3,1.26,0
T12432,M139,2026-08-11T00:58:47.771696,1279.01,0,1,Kolkata,Mumbai,1,tablet,0,1,0.85,0
T12433,M100,2026-08-20T12:40:26.771704,367.83,12,0,Mumbai,Chennai,1,desktop,0,3,0.74,0
T12434,M101,2026-08-28T22:35:30.771712,3023.15,22,1,Bengaluru,Bengaluru,0,mobile,0,2,1.01,0
T12435,M124,2026-08-11T02:26:33.771720,953.02,2,0,Mumbai,Hyderabad,1,tablet,0,1,1.91,0
T12436,M117,2026-08-22T11:52:17.771728,2474.95,11,0,Jaipur,Jaipur,0,mobile,0,1,1.65,0
T12437,M121,2026-07-27T09:17:24.771737,17697.74,9,0,Kolkata,Chennai,1,tablet,0,1,0.88,0
T12438,M115,2026-08-08T14:53:41.771745,7689.51,14,0,Hyderabad,Bhubaneswar,1,desktop,1,1,0.96,0
T12439,M132,2026-09-04T16:22:44.771753,395.3,16,0,Kolkata,Ahmedabad,1,mobile,1,1,0.79,0
T12440,M102,2026-08-20T22:52:01.771761,2320.3,22,1,Bhubaneswar,Bhubaneswar,0,mobile,0,1,1.55,0
T12441,M118,2026-09-03T00:21:30.771769,984.23,0,1,Delhi,Hyderabad,1,tablet,0,3,1.97,0
T12442,M106,2026-07-27T15:56:15.771777,417.99,15,0,Mumbai,Pune,1,mobile,0,2,0.84,0
T12443,M107,2026-08-20T19:51:34.771785,638.11,19,0,Mumbai,Chennai,1,desktop,0,2,1.28,0
T12444,M101,2026-08-07T05:05:59.771798,3392.9,5,1,Ahmedabad,Ahmedabad,0,desktop,0,1,1.13,0
T12445,M103,2026-09-02T21:54:02.771807,928.96,21,1,Bengaluru,Hyderabad,1,mobile,0,1,1.86,0
T12446,M104,2026-08-31T22:31:04.771815,14618.88,22,1,Chennai,Kolkata,1,desktop,1,2,0.73,0
T12447,M126,2026-07-31T17:17:04.771826,2264.73,17,0,Bhubaneswar,Kolkata,1,mobile,1,1,0.75,0
T12448,M124,2026-07-26T13:38:04.771834,489.22,13,0,Ahmedabad,Jaipur,1,desktop,1,1,0.98,0
T12449,M103,2026-08-08T01:01:41.771842,331.02,1,1,Mumbai,Kolkata,1,mobile,0,1,0.66,0
T12450,M100,2026-08-10T00:00:18.771850,811.76,0,1,Delhi,Kolkata,1,desktop,0,2,1.62,0
T12451,M100,2026-09-02T17:17:04.771858,588.49,17,0,Mumbai,Bhubaneswar,1,mobile,0,5,1.18,0
T12452,M101,2026-07-29T22:35:46.771865,2827.86,22,1,Bengaluru,Hyderabad,1,desktop,0,2,0.94,0
T12453,M123,2026-08-03T05:14:36.771874,8521.76,5,1,Bhubaneswar,Bengaluru,1,desktop,0,1,1.07,0
T12454,M102,2026-07-29T10:48:43.771882,1936.56,10,0,Ahmedabad,Chennai,1,tablet,0,1,1.29,0
T12455,M137,2026-07-29T15:29:20.771889,11059.68,15,0,Jaipur,Bhubaneswar,1,desktop,1,1,3.69,0
T12456,M105,2026-07-29T00:41:05.771900,9436.64,0,0,Jaipur,Bhubaneswar,1,desktop,0,1,0.47,0
T12457,M118,2026-08-28T23:41:53.771909,400.33,23,1,Kolkata,Bengaluru,1,mobile,0,1,0.8,0
T12458,M131,2026-08-21T22:06:38.771917,326.14,22,1,Mumbai,Hyderabad,1,desktop,0,1,0.65,0
T12459,M134,2026-08-12T12:41:50.771925,9383.69,12,0,Ahmedabad,Bengaluru,1,desktop,0,3,3.13,0
T12460,M122,2026-08-30T19:36:27.771934,690.8,19,1,Delhi,Pune,1,mobile,0,1,1.38,0
T12461,M105,2026-08-12T12:49:03.771942,19726.79,12,0,Delhi,Pune,1,desktop,0,1,0.99,0
T12462,M123,2026-07-29T06:02:09.771950,9167.55,6,1,Bhubaneswar,Pune,1,desktop,0,1,1.15,0
T12463,M116,2026-08-27T12:33:07.771958,3919.07,12,0,Hyderabad,Delhi,1,tablet,0,2,1.31,0
T12464,M129,2026-08-20T07:39:19.771966,801.78,7,1,Delhi,Jaipur,1,tablet,0,1,1.6,1
T12465,M119,2026-09-02T03:20:24.771974,9718.33,3,1,Bhubaneswar,Hyderabad,1,desktop,1,1,1.21,1
T12466,M112,2026-09-03T18:21:49.771982,1140.17,18,0,Jaipur,Ahmedabad,1,desktop,0,1,0.76,0
T12467,M103,2026-08-29T11:14:29.771991,745.73,11,0,Hyderabad,Ahmedabad,1,desktop,0,2,1.49,0
T12468,M100,2026-08-31T02:31:15.771999,338.81,2,1,Bhubaneswar,Pune,1,desktop,0,1,0.68,0
T12469,M109,2026-08-25T11:56:42.772007,11963.59,11,0,Ahmedabad,Hyderabad,1,tablet,0,1,0.6,0
T12470,M118,2026-08-04T13:38:44.772015,890.32,13,0,Pune,Hyderabad,1,mobile,1,2,1.78,1
T12471,M129,2026-08-10T05:56:38.772023,600.0,5,1,Bhubaneswar,Bengaluru,1,desktop,0,1,1.2,0
T12472,M110,2026-08-02T20:35:09.772032,17078.63,20,0,Mumbai,Bengaluru,1,mobile,0,1,0.85,0
T12473,M100,2026-07-26T03:49:54.772043,104.6,3,1,Hyderabad,Hyderabad,0,mobile,0,1,0.21,0
T12474,M119,2026-08-16T00:06:07.772051,5660.44,0,1,Bhubaneswar,Mumbai,1,tablet,0,1,0.71,0
T12475,M121,2026-09-01T21:39:52.772059,10803.68,21,0,Pune,Bengaluru,1,desktop,1,1,0.54,0
T12476,M136,2026-08-25T11:23:21.772067,1324.02,11,0,Hyderabad,Delhi,1,mobile,0,1,0.88,0
T12477,M115,2026-08-02T08:28:49.772077,7229.95,8,0,Bengaluru,Kolkata,1,tablet,0,2,0.9,0
T12478,M128,2026-08-14T16:24:23.772085,14716.26,16,0,Jaipur,Mumbai,1,desktop,0,1,0.74,0
T12479,M128,2026-07-23T03:49:06.772093,21116.31,3,1,Pune,Mumbai,1,mobile,0,1,1.06,0
T12480,M110,2026-08-22T06:42:06.772101,13187.53,6,1,Delhi,Mumbai,1,tablet,0,1,0.66,0
T12481,M108,2026-09-04T13:49:14.772110,1489.01,13,0,Mumbai,Kolkata,1,desktop,0,2,0.99,0
T12482,M129,2026-08-12T09:25:27.772118,7574.08,9,0,Bengaluru,Mumbai,1,mobile,0,1,15.15,0
T12483,M122,2026-08-22T18:48:16.772127,697.59,18,0,Kolkata,Chennai,1,desktop,0,2,1.4,0
T12484,M120,2026-08-20T21:02:23.772135,1412.31,21,0,Hyderabad,Bhubaneswar,1,tablet,0,2,0.47,0
T12485,M134,2026-08-26T08:45:30.772143,3143.03,8,1,Bhubaneswar,Delhi,1,desktop,0,1,1.05,0
T12486,M137,2026-08-27T22:04:14.772151,2240.07,22,1,Chennai,Bhubaneswar,1,tablet,0,2,0.75,1
T12487,M127,2026-08-06T09:21:45.772160,15229.29,9,0,Bengaluru,Hyderabad,1,tablet,0,1,0.76,0
T12488,M110,2026-08-26T21:01:51.772168,8083.44,21,0,Delhi,Delhi,0,desktop,0,1,0.4,0
T12489,M116,2026-07-23T18:46:18.772177,8940.3,18,0,Ahmedabad,Kolkata,1,tablet,1,1,2.98,0
T12490,M112,2026-08-31T15:13:54.772185,880.5,15,0,Ahmedabad,Chennai,1,mobile,1,2,0.59,0
T12491,M125,2026-08-26T16:59:22.772193,366.06,16,0,Jaipur,Ahmedabad,1,mobile,0,2,0.73,0
T12492,M108,2026-08-01T22:40:36.772201,680.6,22,1,Mumbai,Pune,1,tablet,0,1,0.45,0
T12493,M133,2026-07-25T09:26:36.772209,3529.62,9,0,Delhi,Hyderabad,1,tablet,0,2,1.18,0
T12494,M119,2026-08-14T16:31:19.772217,7936.71,16,0,Chennai,Kolkata,1,mobile,0,2,0.99,0
T12495,M128,2026-08-22T06:16:03.772225,9536.42,6,1,Kolkata,Hyderabad,1,tablet,1,1,0.48,1
T12496,M128,2026-07-30T11:24:56.772233,24347.97,11,0,Jaipur,Mumbai,1,tablet,0,3,1.22,0
T12497,M108,2026-07-23T08:25:55.772242,2532.93,8,1,Pune,Pune,0,desktop,0,2,1.69,0
T12498,M117,2026-08-08T00:54:41.772250,128.02,0,0,Pune,Pune,0,desktop,0,3,0.09,0
T12499,M111,2026-08-04T08:37:24.772258,20084.8,8,0,Chennai,Mumbai,1,mobile,0,1,1.0,0
T12500,M126,2026-08-31T05:36:13.772266,2371.5,5,1,Pune,Delhi,1,desktop,0,1,0.79,0
T12501,M111,2026-09-04T06:47:31.772274,19174.65,6,0,Chennai,Chennai,0,mobile,0,2,0.96,0
T12502,M118,2026-07-23T05:33:12.772282,740.41,5,1,Jaipur,Kolkata,1,tablet,0,8,1.48,1
T12503,M120,2026-08-31T19:50:51.772290,4829.05,19,0,Mumbai,Delhi,1,desktop,0,1,1.61,0
T12504,M139,2026-08-06T11:20:36.772298,1674.08,11,0,Jaipur,Kolkata,1,mobile,0,1,1.12,0
T12505,M103,2026-08-18T05:35:41.772306,353.14,5,1,Jaipur,Hyderabad,1,mobile,0,5,0.71,0
T12506,M104,2026-08-02T07:29:11.772315,18740.25,7,1,Kolkata,Delhi,1,tablet,0,1,0.94,0
T12507,M136,2026-09-03T14:19:28.772326,2282.89,14,0,Chennai,Pune,1,mobile,0,1,1.52,0
T12508,M139,2026-08-05T02:43:27.772334,1001.49,2,1,Ahmedabad,Hyderabad,1,desktop,0,2,0.67,0
T12509,M119,2026-08-16T17:20:23.772342,7551.0,17,0,Mumbai,Bhubaneswar,1,desktop,0,1,0.94,0
T12510,M116,2026-08-24T20:21:53.772350,4079.9,20,0,Jaipur,Mumbai,1,mobile,0,1,1.36,0
T12511,M139,2026-08-04T04:12:24.772358,1564.21,4,1,Mumbai,Hyderabad,1,mobile,0,1,1.04,1
T12512,M108,2026-08-08T02:45:07.772366,682.91,2,1,Ahmedabad,Hyderabad,1,desktop,0,1,0.46,0
T12513,M128,2026-08-24T06:34:01.772374,18583.03,6,1,Chennai,Jaipur,1,desktop,0,1,0.93,1
T12514,M107,2026-08-23T20:27:06.772382,413.36,20,0,Chennai,Jaipur,1,tablet,0,1,0.83,0
T12515,M108,2026-09-01T17:25:16.772390,2171.71,17,0,Jaipur,Kolkata,1,tablet,1,1,1.45,0
T12516,M126,2026-07-30T17:15:02.772398,3068.24,17,0,Kolkata,Mumbai,1,tablet,0,1,1.02,0
T12517,M139,2026-08-28T17:28:14.772408,2522.73,17,0,Ahmedabad,Kolkata,1,desktop,0,1,1.68,0
T12518,M128,2026-08-01T08:02:36.772416,17556.97,8,1,Bhubaneswar,Hyderabad,1,tablet,1,4,0.88,1
T12519,M105,2026-08-31T09:48:22.772424,12514.14,9,0,Delhi,Ahmedabad,1,tablet,0,1,0.63,0
T12520,M124,2026-08-31T23:02:50.772434,382.21,23,0,Bhubaneswar,Jaipur,1,tablet,1,2,0.76,1
T12521,M115,2026-07-29T11:21:33.772442,10225.9,11,0,Bengaluru,Hyderabad,1,tablet,0,1,1.28,0
T12522,M137,2026-07-24T07:13:40.772450,5472.01,7,1,Bhubaneswar,Mumbai,1,mobile,0,2,1.82,1
T12523,M120,2026-08-31T23:44:19.772458,2698.69,23,0,Jaipur,Ahmedabad,1,mobile,0,1,0.9,0
T12524,M128,2026-08-20T04:37:35.772468,17255.8,4,1,Ahmedabad,Kolkata,1,desktop,0,1,0.86,0
T12525,M134,2026-08-18T05:51:44.772476,3834.12,5,1,Mumbai,Ahmedabad,1,tablet,0,1,1.28,0
T12526,M104,2026-08-07T13:05:58.772483,17234.47,13,0,Pune,Jaipur,1,tablet,0,2,0.86,0
T12527,M135,2026-08-02T04:34:54.772493,3015.35,4,0,Jaipur,Jaipur,0,desktop,0,1,1.01,0
T12528,M101,2026-08-25T06:10:17.772501,2516.53,6,1,Kolkata,Delhi,1,mobile,0,1,0.84,0
T12529,M101,2026-08-22T16:10:26.772509,3064.21,16,0,Delhi,Jaipur,1,tablet,1,1,1.02,0
T12530,M134,2026-08-17T09:07:58.772517,1557.62,9,0,Delhi,Jaipur,1,mobile,0,2,0.52,0
T12531,M100,2026-09-05T10:19:41.772526,195.75,10,0,Bhubaneswar,Mumbai,1,mobile,0,1,0.39,0
T12532,M109,2026-08-20T14:35:37.772533,12542.77,14,0,Hyderabad,Hyderabad,0,desktop,0,3,0.63,0
T12533,M127,2026-08-24T02:19:55.772541,17323.86,2,0,Ahmedabad,Mumbai,1,mobile,0,2,0.87,0
T12534,M129,2026-08-16T19:11:45.772549,199.94,19,0,Hyderabad,Hyderabad,0,desktop,0,1,0.4,0
T12535,M128,2026-08-03T10:54:22.772557,9527.3,10,0,Bengaluru,Hyderabad,1,mobile,0,1,0.48,0
T12536,M120,2026-08-13T08:24:42.772565,2861.39,8,0,Delhi,Jaipur,1,desktop,0,1,0.95,0
T12537,M133,2026-08-05T06:51:23.772576,2723.16,6,0,Chennai,Chennai,0,mobile,1,1,0.91,0
T12538,M106,2026-07-26T16:45:14.772583,435.39,16,0,Mumbai,Delhi,1,mobile,1,4,0.87,1
T12539,M103,2026-08-01T15:00:48.772592,659.2,15,0,Ahmedabad,Delhi,1,desktop,0,1,1.32,0
T12540,M134,2026-08-21T04:52:42.772600,3295.85,4,1,Ahmedabad,Bhubaneswar,1,desktop,1,1,1.1,0
T12541,M119,2026-08-31T00:52:24.772608,8399.78,0,1,Chennai,Pune,1,desktop,0,1,1.05,1
T12542,M136,2026-08-31T07:45:27.772615,1140.85,7,1,Kolkata,Kolkata,0,desktop,0,2,0.76,0
T12543,M108,2026-08-21T18:10:42.772624,2782.85,18,0,Hyderabad,Ahmedabad,1,tablet,1,1,1.86,0
T12544,M131,2026-08-09T18:16:51.772632,73.09,18,0,Bengaluru,Ahmedabad,1,mobile,0,1,0.15,0
T12545,M113,2026-08-26T11:47:27.772640,203678.48,11,0,Delhi,Pune,1,tablet,0,1,10.18,0
T12546,M110,2026-08-31T21:05:11.772648,20721.86,21,0,Pune,Delhi,1,tablet,0,1,1.04,0
T12547,M137,2026-08-13T00:07:08.772658,3736.53,0,1,Mumbai,Ahmedabad,1,mobile,0,1,1.25,1
T12548,M116,2026-08-10T20:45:25.772667,3272.51,20,0,Bhubaneswar,Pune,1,tablet,0,1,1.09,0
T12549,M117,2026-08-27T22:48:20.772675,1774.56,22,0,Bhubaneswar,Delhi,1,desktop,0,1,1.18,0
T12550,M110,2026-09-04T13:31:58.772683,24858.98,13,0,Bhubaneswar,Jaipur,1,mobile,1,1,1.24,1
T12551,M106,2026-08-03T01:21:13.772691,707.14,1,1,Chennai,Chennai,0,tablet,0,1,1.41,0
T12552,M137,2026-08-04T09:03:57.772698,3332.09,9,1,Ahmedabad,Chennai,1,mobile,0,2,1.11,1
T12553,M108,2026-08-18T00:18:07.772707,1131.01,0,1,Hyderabad,Hyderabad,0,mobile,0,2,0.75,0
T12554,M122,2026-08-28T08:33:58.772715,816.29,8,1,Bengaluru,Delhi,1,tablet,0,3,1.63,0
T12555,M107,2026-08-21T02:35:53.772723,559.45,2,1,Kolkata,Kolkata,0,desktop,0,4,1.12,0
T12556,M125,2026-09-05T10:10:03.772731,507.37,10,0,Mumbai,Bengaluru,1,mobile,0,1,1.01,0
T12557,M139,2026-08-20T13:18:57.772743,1870.21,13,0,Delhi,Hyderabad,1,tablet,0,1,1.25,0
T12558,M126,2026-08-15T16:37:12.772751,1762.2,16,0,Ahmedabad,Bhubaneswar,1,mobile,0,1,0.59,0
T12559,M125,2026-07-28T19:57:24.772759,755.58,19,1,Mumbai,Bhubaneswar,1,mobile,0,1,1.51,0
T12560,M129,2026-08-06T18:02:19.772767,760.03,18,0,Chennai,Bengaluru,1,desktop,0,2,1.52,0
T12561,M131,2026-08-28T11:29:12.772790,148.95,11,0,Hyderabad,Delhi,1,tablet,0,1,0.3,0
T12562,M124,2026-09-04T08:57:07.772799,362.55,8,0,Bengaluru,Bengaluru,0,desktop,0,1,0.73,0
T12563,M105,2026-08-06T11:43:47.772807,15313.63,11,0,Mumbai,Hyderabad,1,tablet,1,1,0.77,0
T12564,M121,2026-08-08T15:44:39.772815,31793.94,15,0,Chennai,Chennai,0,tablet,0,1,1.59,0
T12565,M111,2026-08-17T21:18:30.772823,24976.26,21,0,Hyderabad,Bhubaneswar,1,mobile,0,1,1.25,0
T12566,M104,2026-08-04T06:12:22.772831,25731.48,6,1,Delhi,Pune,1,tablet,0,1,1.29,0
T12567,M122,2026-07-27T11:54:50.772841,427.16,11,0,Bhubaneswar,Ahmedabad,1,tablet,0,1,0.85,0
T12568,M104,2026-07-29T11:56:11.772849,122248.16,11,0,Hyderabad,Ahmedabad,1,desktop,0,1,6.11,0
T12569,M103,2026-08-25T21:27:15.772858,481.97,21,1,Pune,Jaipur,1,mobile,0,1,0.96,0
T12570,M115,2026-07-27T03:44:02.772866,6393.68,3,0,Delhi,Chennai,1,mobile,0,1,0.8,0
T12571,M106,2026-08-30T20:05:10.772874,7582.98,20,0,Delhi,Jaipur,1,desktop,0,1,15.17,0
T12572,M133,2026-08-07T12:43:27.772882,2441.54,12,0,Mumbai,Kolkata,1,tablet,0,1,0.81,0
T12573,M127,2026-08-31T21:27:44.772890,21949.02,21,0,Hyderabad,Hyderabad,0,tablet,1,1,1.1,0
T12574,M112,2026-07-23T14:03:27.772898,1337.09,14,0,Bengaluru,Jaipur,1,desktop,1,3,0.89,0
T12575,M121,2026-09-05T03:58:22.772906,21491.35,3,0,Pune,Bengaluru,1,mobile,0,1,1.07,0
T12576,M109,2026-07-24T07:37:00.772917,12470.43,7,1,Delhi,Chennai,1,desktop,0,2,0.62,0
T12577,M125,2026-08-12T14:16:45.772928,630.16,14,0,Hyderabad,Jaipur,1,mobile,1,1,1.26,0
T12578,M102,2026-08-07T12:03:47.772936,1685.23,12,0,Bengaluru,Mumbai,1,desktop,0,1,1.12,0
T12579,M139,2026-08-28T18:21:40.772945,11556.64,18,0,Hyderabad,Chennai,1,tablet,0,1,7.7,0
T12580,M114,2026-08-23T03:29:02.772954,557.96,3,1,Delhi,Hyderabad,1,mobile,0,1,1.12,0
T12581,M126,2026-08-24T23:12:45.772963,3675.27,23,1,Bengaluru,Hyderabad,1,desktop,0,1,1.23,0
T12582,M119,2026-08-21T13:48:58.772971,2683.98,13,0,Bhubaneswar,Jaipur,1,desktop,0,1,0.34,0
T12583,M137,2026-08-09T07:16:47.772980,3750.16,7,1,Ahmedabad,Ahmedabad,0,tablet,0,3,1.25,0
T12584,M136,2026-08-18T16:46:01.772990,1130.1,16,0,Hyderabad,Pune,1,desktop,0,2,0.75,0
T12585,M124,2026-08-11T14:49:30.772999,356.59,14,0,Pune,Bhubaneswar,1,mobile,0,1,0.71,0
T12586,M110,2026-08-09T22:34:08.773008,23792.63,22,1,Bhubaneswar,Kolkata,1,desktop,0,1,1.19,0
T12587,M123,2026-08-02T15:09:28.773018,1687.01,15,0,Bhubaneswar,Pune,1,mobile,0,1,0.21,0
T12588,M117,2026-09-05T20:06:34.773026,1559.01,20,0,Hyderabad,Pune,1,mobile,0,1,1.04,0
T12589,M126,2026-07-29T04:05:38.773034,1724.54,4,1,Bhubaneswar,Jaipur,1,desktop,0,2,0.57,0
T12590,M124,2026-08-15T23:10:54.773043,601.46,23,0,Ahmedabad,Delhi,1,mobile,1,1,1.2,0
T12591,M126,2026-08-01T12:45:26.773051,2683.9,12,0,Jaipur,Hyderabad,1,desktop,1,1,0.89,0
T12592,M135,2026-08-07T22:33:27.773059,1729.3,22,0,Mumbai,Kolkata,1,mobile,0,1,0.58,0
T12593,M130,2026-08-20T15:28:36.773067,1499.16,15,0,Bhubaneswar,Bhubaneswar,0,tablet,0,2,1.0,0
T12594,M114,2026-08-24T16:50:47.773075,578.72,16,0,Jaipur,Hyderabad,1,tablet,0,1,1.16,0
T12595,M113,2026-08-15T00:01:52.773084,18896.24,0,0,Mumbai,Ahmedabad,1,tablet,0,1,0.94,0
T12596,M106,2026-08-05T06:52:52.773091,295.49,6,1,Jaipur,Mumbai,1,tablet,0,3,0.59,0
T12597,M113,2026-07-28T17:04:32.773101,18100.89,17,0,Delhi,Chennai,1,desktop,0,2,0.91,0
T12598,M128,2026-08-11T06:10:33.773109,24626.51,6,1,Bhubaneswar,Bengaluru,1,desktop,0,2,1.23,1
T12599,M113,2026-09-05T12:22:12.773117,30499.47,12,0,Bhubaneswar,Delhi,1,desktop,1,1,1.52,1
T12600,M137,2026-08-22T14:30:46.773125,3146.19,14,0,Bhubaneswar,Chennai,1,tablet,0,2,1.05,0
T12601,M111,2026-08-23T03:49:13.773135,19285.14,3,0,Kolkata,Chennai,1,tablet,0,1,0.96,0
T12602,M101,2026-08-11T23:27:29.773143,2370.37,23,1,Hyderabad,Bhubaneswar,1,mobile,1,1,0.79,0
T12603,M122,2026-08-30T02:42:09.773152,269.8,2,1,Mumbai,Delhi,1,desktop,0,2,0.54,0
T12604,M137,2026-07-24T15:16:53.773160,3035.43,15,0,Chennai,Chennai,0,mobile,0,1,1.01,0
T12605,M113,2026-08-25T06:38:29.773168,16713.88,6,0,Delhi,Chennai,1,mobile,0,2,0.84,0
T12606,M105,2026-08-27T08:24:46.773176,22843.0,8,0,Bhubaneswar,Hyderabad,1,mobile,0,1,1.14,0
T12607,M106,2026-08-11T10:21:57.773186,2935.23,10,0,Bhubaneswar,Delhi,1,mobile,0,1,5.87,0
T12608,M110,2026-09-04T08:57:24.773195,23886.45,8,1,Kolkata,Kolkata,0,mobile,0,1,1.19,0
T12609,M104,2026-09-03T12:36:47.773203,17596.54,12,0,Mumbai,Hyderabad,1,desktop,1,1,0.88,0
T12610,M116,2026-08-16T08:36:26.773211,5217.5,8,1,Chennai,Bengaluru,1,mobile,0,1,1.74,0
T12611,M130,2026-08-19T10:37:30.773220,643.52,10,0,Delhi,Ahmedabad,1,tablet,1,1,0.43,0
T12612,M105,2026-08-07T17:12:01.773227,20845.63,17,0,Delhi,Ahmedabad,1,mobile,0,1,1.04,0
T12613,M137,2026-08-25T02:12:25.773236,2467.3,2,1,Mumbai,Bengaluru,1,desktop,0,3,0.82,0
T12614,M133,2026-08-18T23:10:25.773244,3168.65,23,0,Bengaluru,Jaipur,1,desktop,0,3,1.06,0
T12615,M131,2026-08-25T20:05:50.773252,418.74,20,0,Bhubaneswar,Hyderabad,1,desktop,0,1,0.84,0
T12616,M118,2026-09-02T17:59:22.773260,254.23,17,0,Delhi,Mumbai,1,tablet,0,1,0.51,0
T12617,M124,2026-07-28T22:04:24.773269,618.1,22,0,Chennai,Bengaluru,1,mobile,0,1,1.24,0
T12618,M103,2026-07-26T16:30:13.773277,479.37,16,0,Pune,Mumbai,1,desktop,0,1,0.96,0
T12619,M124,2026-07-26T05:11:44.773285,419.66,5,0,Chennai,Pune,1,desktop,0,1,0.84,0
T12620,M131,2026-08-27T21:29:20.773292,470.05,21,0,Pune,Chennai,1,desktop,0,2,0.94,0
T12621,M137,2026-08-18T08:12:42.773300,3438.63,8,1,Bhubaneswar,Chennai,1,tablet,1,1,1.15,1
T12622,M138,2026-08-05T16:44:03.773308,50,16,0,Mumbai,Mumbai,0,desktop,1,1,0.1,0
T12623,M121,2026-08-12T23:54:56.773316,19048.16,23,0,Kolkata,Hyderabad,1,desktop,0,1,0.95,0
T12624,M111,2026-08-13T18:03:17.773324,17801.58,18,0,Kolkata,Bengaluru,1,tablet,0,1,0.89,0
T12625,M100,2026-08-15T02:51:32.773333,1473.07,2,1,Chennai,Chennai,0,mobile,0,2,2.95,0
T12626,M132,2026-08-23T11:06:11.773344,701.04,11,0,Mumbai,Jaipur,1,desktop,0,2,1.4,0
T12627,M126,2026-08-11T20:31:37.773354,2655.48,20,1,Mumbai,Chennai,1,mobile,0,1,0.89,0
T12628,M126,2026-07-31T04:07:02.773363,3680.58,4,1,Bengaluru,Bengaluru,0,mobile,0,1,1.23,0
T12629,M109,2026-08-05T18:34:38.773371,175616.52,18,0,Pune,Bengaluru,1,tablet,1,1,8.78,1
T12630,M119,2026-07-24T13:01:27.773380,9408.01,13,0,Jaipur,Chennai,1,desktop,0,1,1.18,0
T12631,M106,2026-08-26T04:38:17.773388,500.71,4,1,Hyderabad,Pune,1,tablet,1,1,1.0,1
T12632,M112,2026-08-07T11:05:39.773396,2908.68,11,0,Bengaluru,Jaipur,1,tablet,0,1,1.94,0
T12633,M127,2026-08-06T00:49:19.773404,16071.2,0,0,Pune,Ahmedabad,1,tablet,0,5,0.8,0
T12634,M115,2026-07-24T09:49:58.773412,10774.71,9,0,Mumbai,Chennai,1,mobile,1,1,1.35,0
T12635,M121,2026-08-03T18:25:54.773421,27169.52,18,0,Bhubaneswar,Pune,1,mobile,0,2,1.36,0
T12636,M116,2026-08-05T23:14:27.773429,1789.83,23,1,Bengaluru,Jaipur,1,mobile,0,1,0.6,0
T12637,M139,2026-08-02T19:55:53.773439,8083.36,19,1,Pune,Ahmedabad,1,tablet,1,1,5.39,1
T12638,M114,2026-08-14T13:10:01.773448,178.39,13,0,Delhi,Hyderabad,1,tablet,1,1,0.36,0
T12639,M115,2026-08-31T21:31:18.773456,6025.54,21,0,Bhubaneswar,Bhubaneswar,0,mobile,0,1,0.75,0
T12640,M122,2026-09-05T09:48:47.773464,307.24,9,1,Mumbai,Jaipur,1,desktop,1,1,0.61,0
T12641,M126,2026-08-21T06:02:46.773473,3051.0,6,1,Bhubaneswar,Mumbai,1,tablet,1,1,1.02,1
T12642,M134,2026-08-12T19:47:48.773482,20608.3,19,0,Ahmedabad,Hyderabad,1,mobile,0,1,6.87,0
T12643,M102,2026-07-27T00:29:43.773491,1520.66,0,1,Bengaluru,Ahmedabad,1,desktop,0,1,1.01,0
T12644,M104,2026-08-06T11:58:29.773499,11366.08,11,0,Hyderabad,Mumbai,1,tablet,0,1,0.57,0
T12645,M139,2026-07-30T19:03:46.773507,1101.81,19,1,Kolkata,Chennai,1,desktop,0,1,0.73,0
T12646,M111,2026-08-07T16:14:55.773515,24752.65,16,0,Bengaluru,Hyderabad,1,tablet,0,1,1.24,0
T12647,M132,2026-07-23T05:21:16.773526,154.44,5,0,Chennai,Delhi,1,desktop,0,2,0.31,0
T12648,M121,2026-08-03T23:06:37.773537,27539.76,23,0,Jaipur,Pune,1,desktop,0,1,1.38,0
T12649,M101,2026-08-10T15:23:37.773546,2570.99,15,0,Ahmedabad,Bhubaneswar,1,desktop,0,1,0.86,0
T12650,M103,2026-08-03T14:26:37.773554,638.36,14,0,Bhubaneswar,Pune,1,tablet,0,1,1.28,0
T12651,M105,2026-08-07T15:08:30.773562,19886.95,15,0,Bengaluru,Jaipur,1,desktop,0,1,0.99,0
T12652,M108,2026-08-21T08:47:36.773570,1148.95,8,1,Bhubaneswar,Bhubaneswar,0,mobile,0,1,0.77,0
T12653,M110,2026-08-21T03:07:43.773578,22022.6,3,1,Bengaluru,Mumbai,1,desktop,0,1,1.1,1
T12654,M111,2026-09-04T22:24:08.773586,28898.55,22,0,Kolkata,Kolkata,0,tablet,1,1,1.44,0
T12655,M125,2026-08-02T17:37:20.773594,706.87,17,0,Pune,Mumbai,1,mobile,0,1,1.41,0
T12656,M102,2026-08-06T15:44:14.773601,114.45,15,0,Bengaluru,Bengaluru,0,mobile,0,1,0.08,0
T12657,M136,2026-08-03T14:40:26.773611,1220.88,14,0,Hyderabad,Pune,1,tablet,0,1,0.81,0
T12658,M103,2026-07-23T02:12:07.773619,539.11,2,1,Pune,Kolkata,1,mobile,0,1,1.08,0
T12659,M117,2026-08-25T23:22:30.773627,1544.87,23,0,Jaipur,Pune,1,desktop,0,4,1.03,0
T12660,M137,2026-08-22T04:04:25.773635,32996.76,4,1,Pune,Hyderabad,1,mobile,0,2,11.0,1
T12661,M129,2026-08-14T14:06:56.773644,397.33,14,0,Jaipur,Delhi,1,desktop,0,1,0.79,0
T12662,M115,2026-08-13T13:01:30.773652,13236.0,13,0,Pune,Hyderabad,1,tablet,1,1,1.65,1
T12663,M128,2026-08-16T05:07:21.773661,21059.05,5,1,Kolkata,Kolkata,0,desktop,0,1,1.05,0
T12664,M126,2026-07-26T05:44:24.773671,4484.76,5,1,Delhi,Pune,1,desktop,0,1,1.49,0
T12665,M139,2026-07-25T21:33:30.773679,2242.58,21,1,Hyderabad,Delhi,1,tablet,0,1,1.5,0
T12666,M128,2026-07-24T03:48:32.773687,8693.8,3,1,Hyderabad,Pune,1,mobile,0,1,0.43,0
T12667,M134,2026-08-09T06:15:43.773697,4469.19,6,1,Delhi,Bengaluru,1,desktop,0,2,1.49,0
T12668,M132,2026-08-09T20:07:29.773705,122.1,20,0,Chennai,Bengaluru,1,tablet,0,1,0.24,0
T12669,M115,2026-08-14T00:13:51.773713,11622.95,0,0,Hyderabad,Bhubaneswar,1,tablet,0,1,1.45,0
T12670,M104,2026-08-02T01:10:52.773721,25334.92,1,1,Jaipur,Kolkata,1,desktop,0,1,1.27,0
T12671,M134,2026-08-26T15:12:38.773729,4007.93,15,0,Ahmedabad,Jaipur,1,mobile,0,2,1.34,0
T12672,M104,2026-09-03T19:51:09.773736,36932.27,19,0,Bengaluru,Mumbai,1,mobile,0,1,1.85,0
T12673,M124,2026-08-31T00:19:40.773745,461.14,0,0,Kolkata,Kolkata,0,desktop,0,1,0.92,0
T12674,M114,2026-09-03T07:10:34.773752,555.14,7,1,Bengaluru,Chennai,1,desktop,0,4,1.11,1
T12675,M115,2026-08-15T17:32:12.773761,7246.43,17,0,Pune,Kolkata,1,desktop,0,4,0.91,0
T12676,M126,2026-08-04T14:55:44.773768,1587.65,14,0,Bengaluru,Bengaluru,0,desktop,0,2,0.53,0
T12677,M107,2026-07-24T01:03:33.773779,456.73,1,1,Bengaluru,Pune,1,mobile,0,4,0.91,1
T12678,M126,2026-08-07T20:46:19.773787,952.9,20,1,Bengaluru,Mumbai,1,desktop,0,2,0.32,1
T12679,M131,2026-07-31T16:43:35.773795,808.2,16,0,Hyderabad,Pune,1,tablet,0,1,1.62,0
T12680,M116,2026-08-25T05:40:01.773803,4727.56,5,1,Bhubaneswar,Delhi,1,desktop,0,1,1.58,0
T12681,M100,2026-08-01T00:33:35.773811,220.4,0,1,Hyderabad,Chennai,1,desktop,1,1,0.44,1
T12682,M100,2026-08-05T22:01:58.773819,953.9,22,1,Ahmedabad,Bengaluru,1,desktop,0,1,1.91,0
T12683,M103,2026-08-14T06:31:18.773827,1089.23,6,1,Bhubaneswar,Jaipur,1,mobile,0,1,2.18,0
T12684,M109,2026-08-29T13:46:29.773835,20380.69,13,0,Bengaluru,Mumbai,1,tablet,0,1,1.02,0
T12685,M125,2026-08-15T16:38:17.773844,716.73,16,0,Ahmedabad,Mumbai,1,desktop,0,1,1.43,0
T12686,M133,2026-08-12T16:31:13.773851,3179.83,16,0,Bengaluru,Mumbai,1,mobile,0,3,1.06,0
T12687,M132,2026-09-05T13:28:15.773861,593.16,13,0,Kolkata,Chennai,1,tablet,1,1,1.19,0
T12688,M128,2026-08-24T19:02:30.773869,18470.53,19,0,Bengaluru,Jaipur,1,tablet,0,1,0.92,0
T12689,M113,2026-08-10T11:55:09.773878,115618.81,11,0,Chennai,Bhubaneswar,1,desktop,1,3,5.78,1
T12690,M101,2026-08-19T06:55:00.773886,5667.49,6,1,Mumbai,Delhi,1,mobile,0,1,1.89,1
T12691,M105,2026-09-05T01:48:33.773895,18360.88,1,0,Hyderabad,Pune,1,mobile,1,2,0.92,1
T12692,M104,2026-07-28T05:57:24.773903,25349.51,5,1,Pune,Jaipur,1,tablet,0,1,1.27,0
T12693,M103,2026-08-02T12:19:01.773911,401.44,12,0,Jaipur,Bhubaneswar,1,tablet,0,2,0.8,0
T12694,M104,2026-07-25T23:09:45.773919,18733.18,23,1,Kolkata,Kolkata,0,tablet,0,1,0.94,0
T12695,M112,2026-08-17T08:29:15.773927,1968.49,8,0,Delhi,Chennai,1,tablet,0,1,1.31,0
T12696,M122,2026-08-16T12:58:00.773934,555.77,12,0,Delhi,Kolkata,1,tablet,0,4,1.11,0
T12697,M131,2026-09-01T19:23:49.773944,518.1,19,0,Jaipur,Chennai,1,mobile,1,1,1.04,0
T12698,M129,2026-08-30T08:34:39.773952,579.21,8,1,Jaipur,Jaipur,0,tablet,0,2,1.16,0
T12699,M105,2026-07-28T04:07:05.773960,18041.95,4,0,Kolkata,Kolkata,0,tablet,0,5,0.9,0
T12700,M130,2026-09-01T02:51:38.773968,1816.25,2,0,Jaipur,Hyderabad,1,tablet,0,1,1.21,0
T12701,M102,2026-08-26T21:58:54.773976,938.23,21,0,Mumbai,Pune,1,tablet,0,1,0.63,0
T12702,M134,2026-07-26T05:49:48.773984,1931.02,5,1,Bengaluru,Jaipur,1,desktop,1,1,0.64,1
T12703,M137,2026-08-23T20:15:03.773992,2339.72,20,1,Jaipur,Bengaluru,1,desktop,0,1,0.78,0
T12704,M129,2026-09-04T22:41:33.774000,538.41,22,1,Delhi,Pune,1,tablet,1,2,1.08,1
T12705,M131,2026-08-21T08:23:15.774008,273.85,8,1,Mumbai,Hyderabad,1,mobile,0,1,0.55,0
T12706,M129,2026-07-31T16:04:53.774016,304.75,16,0,Hyderabad,Chennai,1,desktop,0,1,0.61,0
T12707,M103,2026-07-30T23:34:49.774025,525.93,23,1,Jaipur,Pune,1,desktop,1,1,1.05,0
T12708,M134,2026-08-14T16:01:45.774033,47086.69,16,0,Ahmedabad,Bengaluru,1,tablet,0,2,15.7,0
T12709,M114,2026-08-18T23:05:08.774042,66.68,23,1,Bengaluru,Ahmedabad,1,desktop,1,1,0.13,1
T12710,M107,2026-07-28T20:37:27.774050,670.77,20,0,Bengaluru,Ahmedabad,1,tablet,0,1,1.34,0
T12711,M138,2026-07-25T23:25:39.774060,3765.82,23,1,Bengaluru,Delhi,1,mobile,0,2,7.53,1
T12712,M112,2026-08-06T07:44:12.774068,1184.95,7,0,Mumbai,Pune,1,tablet,0,1,0.79,0
T12713,M128,2026-08-14T18:58:59.774076,11738.26,18,0,Bhubaneswar,Kolkata,1,mobile,0,1,0.59,0
T12714,M124,2026-08-09T16:46:53.774084,446.6,16,0,Kolkata,Ahmedabad,1,desktop,0,1,0.89,0
T12715,M124,2026-08-17T10:19:18.774092,293.23,10,0,Hyderabad,Chennai,1,desktop,0,1,0.59,0
T12716,M110,2026-08-31T23:58:10.774100,30285.27,23,1,Kolkata,Pune,1,mobile,0,2,1.51,1
T12717,M111,2026-07-29T03:58:48.774110,3708.52,3,0,Bhubaneswar,Delhi,1,desktop,0,1,0.19,0
T12718,M101,2026-08-09T13:22:51.774118,2522.44,13,0,Mumbai,Delhi,1,desktop,0,1,0.84,0
T12719,M121,2026-07-24T19:04:24.774126,11448.14,19,0,Delhi,Mumbai,1,mobile,0,1,0.57,0
T12720,M100,2026-07-24T11:36:10.774134,392.51,11,0,Bhubaneswar,Hyderabad,1,tablet,0,1,0.79,0
T12721,M129,2026-09-02T21:52:12.774142,497.35,21,0,Hyderabad,Hyderabad,0,desktop,0,1,0.99,0
T12722,M131,2026-09-04T09:53:15.774149,608.94,9,0,Kolkata,Ahmedabad,1,tablet,0,1,1.22,0
T12723,M132,2026-09-05T20:29:10.774157,568.43,20,0,Kolkata,Chennai,1,tablet,0,2,1.14,0
T12724,M113,2026-07-27T10:32:38.774165,38296.2,10,0,Kolkata,Kolkata,0,desktop,0,1,1.91,0
T12725,M134,2026-08-08T03:51:27.774173,1961.22,3,1,Bhubaneswar,Bengaluru,1,tablet,0,1,0.65,0
T12726,M102,2026-08-25T10:46:59.774181,2158.27,10,0,Jaipur,Kolkata,1,tablet,0,1,1.44,0
T12727,M101,2026-08-07T12:11:43.774190,1772.68,12,0,Mumbai,Jaipur,1,desktop,0,1,0.59,0
T12728,M107,2026-08-11T10:35:04.774203,629.2,10,0,Hyderabad,Hyderabad,0,desktop,0,3,1.26,0
T12729,M124,2026-08-21T00:50:17.774212,461.9,0,0,Hyderabad,Mumbai,1,mobile,0,3,0.92,0
T12730,M103,2026-08-17T13:00:40.774220,614.65,13,0,Ahmedabad,Jaipur,1,mobile,0,2,1.23,0
T12731,M134,2026-07-25T04:03:35.774228,1556.01,4,1,Hyderabad,Pune,1,tablet,0,4,0.52,0
T12732,M138,2026-08-28T16:36:06.774236,629.57,16,0,Hyderabad,Mumbai,1,desktop,0,2,1.26,0
T12733,M105,2026-08-03T18:15:53.774244,30962.16,18,0,Kolkata,Bengaluru,1,tablet,0,3,1.55,0
T12734,M105,2026-07-29T19:17:48.774252,31931.24,19,0,Delhi,Pune,1,tablet,0,1,1.6,0
T12735,M116,2026-08-29T07:52:14.774261,2831.34,7,1,Mumbai,Pune,1,tablet,1,1,0.94,1
T12736,M105,2026-07-24T18:08:03.774268,31990.96,18,0,Hyderabad,Mumbai,1,tablet,1,1,1.6,0
T12737,M139,2026-08-16T10:48:50.774278,1383.39,10,0,Bengaluru,Delhi,1,tablet,0,1,0.92,0
T12738,M127,2026-08-21T10:18:43.774286,23149.0,10,0,Pune,Mumbai,1,tablet,0,1,1.16,0
T12739,M106,2026-08-16T16:55:46.774294,1224.79,16,0,Kolkata,Bengaluru,1,tablet,0,1,2.45,0
T12740,M115,2026-08-12T23:37:54.774302,1313.7,23,0,Mumbai,Delhi,1,tablet,1,1,0.16,0
T12741,M110,2026-08-14T07:36:39.774310,15172.43,7,1,Bengaluru,Bhubaneswar,1,mobile,0,1,0.76,0
T12742,M132,2026-07-23T12:50:27.774318,223.78,12,0,Kolkata,Delhi,1,desktop,0,5,0.45,0
T12743,M138,2026-08-24T19:22:18.774326,370.28,19,1,Jaipur,Bhubaneswar,1,mobile,0,1,0.74,0
T12744,M120,2026-08-19T10:46:20.774334,2368.24,10,0,Ahmedabad,Ahmedabad,0,desktop,0,1,0.79,0
T12745,M131,2026-08-10T10:44:38.774342,476.14,10,0,Jaipur,Hyderabad,1,tablet,0,1,0.95,0
T12746,M101,2026-09-05T20:39:41.774350,4697.29,20,0,Delhi,Ahmedabad,1,mobile,0,3,1.57,0
T12747,M135,2026-08-20T06:42:32.774359,3830.7,6,0,Delhi,Bengaluru,1,tablet,1,4,1.28,1
T12748,M122,2026-08-30T21:32:11.774367,705.98,21,1,Delhi,Chennai,1,tablet,0,1,1.41,0
T12749,M102,2026-07-23T04:52:58.774375,1907.65,4,1,Bengaluru,Chennai,1,desktop,0,1,1.27,0
T12750,M128,2026-08-19T05:37:11.774383,24748.2,5,1,Mumbai,Hyderabad,1,tablet,0,1,1.24,0
T12751,M107,2026-07-27T22:15:37.774391,300.06,22,1,Bengaluru,Pune,1,tablet,0,1,0.6,0
T12752,M102,2026-08-15T22:39:41.774399,1376.63,22,1,Kolkata,Bhubaneswar,1,desktop,0,1,0.92,0
T12753,M112,2026-08-11T19:14:27.774407,2271.46,19,0,Delhi,Jaipur,1,mobile,1,1,1.51,0
T12754,M131,2026-08-23T00:13:02.774415,659.31,0,1,Bengaluru,Kolkata,1,tablet,0,2,1.32,0
T12755,M136,2026-08-13T21:31:25.774423,2842.49,21,1,Ahmedabad,Chennai,1,mobile,0,1,1.89,1
T12756,M105,2026-08-31T03:44:35.774430,15954.85,3,0,Bhubaneswar,Pune,1,desktop,1,1,0.8,0
T12757,M124,2026-08-18T08:08:59.774440,374.58,8,0,Hyderabad,Pune,1,tablet,1,1,0.75,0
T12758,M121,2026-08-27T03:57:58.774449,27177.41,3,0,Jaipur,Jaipur,0,tablet,0,2,1.36,0
T12759,M112,2026-08-24T08:02:44.774457,1735.29,8,0,Chennai,Jaipur,1,mobile,0,2,1.16,0
T12760,M122,2026-08-23T18:49:48.774465,297.46,18,0,Kolkata,Ahmedabad,1,mobile,0,1,0.59,0
T12761,M120,2026-08-03T15:48:48.774473,2630.05,15,0,Ahmedabad,Ahmedabad,0,desktop,0,1,0.88,0
T12762,M138,2026-08-06T02:31:20.774481,513.63,2,1,Bhubaneswar,Jaipur,1,mobile,0,1,1.03,0
T12763,M127,2026-08-20T23:25:43.774489,33768.83,23,0,Jaipur,Mumbai,1,desktop,0,1,1.69,0
T12764,M103,2026-08-09T12:36:10.774497,550.88,12,0,Chennai,Kolkata,1,desktop,0,1,1.1,0
T12765,M112,2026-08-05T14:26:52.774505,1494.75,14,0,Bhubaneswar,Hyderabad,1,tablet,0,1,1.0,0
T12766,M131,2026-09-05T00:30:52.774513,836.21,0,1,Pune,Mumbai,1,mobile,0,1,1.67,0
T12767,M121,2026-08-19T03:11:32.774523,36652.69,3,0,Delhi,Pune,1,mobile,0,1,1.83,0
T12768,M119,2026-08-08T16:00:09.774530,10025.15,16,0,Chennai,Hyderabad,1,desktop,0,1,1.25,0
T12769,M138,2026-08-04T20:20:29.774539,518.55,20,1,Hyderabad,Hyderabad,0,desktop,0,1,1.04,0
T12770,M105,2026-08-30T16:56:23.774547,16909.26,16,0,Hyderabad,Pune,1,tablet,1,1,0.85,0
T12771,M122,2026-07-31T22:56:00.774555,72.35,22,1,Chennai,Bengaluru,1,tablet,0,1,0.14,0
T12772,M122,2026-07-28T09:08:07.774563,413.05,9,1,Jaipur,Hyderabad,1,tablet,0,2,0.83,0
T12773,M105,2026-08-04T14:11:26.774571,10900.04,14,0,Kolkata,Mumbai,1,tablet,0,2,0.55,0
T12774,M120,2026-07-27T13:02:47.774579,4564.96,13,0,Pune,Pune,0,desktop,0,2,1.52,0
T12775,M102,2026-09-05T20:06:44.774589,1919.94,20,0,Bengaluru,Ahmedabad,1,mobile,0,1,1.28,0
T12776,M115,2026-08-13T11:04:20.774597,7998.38,11,0,Delhi,Pune,1,desktop,0,1,1.0,0
T12777,M110,2026-08-28T22:29:17.774606,23583.75,22,1,Delhi,Bengaluru,1,desktop,0,1,1.18,0
T12778,M128,2026-08-11T00:48:36.774614,25729.82,0,1,Kolkata,Bhubaneswar,1,mobile,0,1,1.29,0
T12779,M115,2026-09-05T19:06:40.774623,11600.68,19,0,Pune,Delhi,1,desktop,1,2,1.45,0
T12780,M102,2026-08-26T13:39:45.774633,1100.65,13,0,Bengaluru,Bengaluru,0,tablet,0,2,0.73,0
T12781,M106,2026-07-31T09:38:35.774642,742.39,9,0,Hyderabad,Chennai,1,mobile,0,2,1.48,0
T12782,M102,2026-08-06T23:19:03.774651,330.94,23,1,Chennai,Bengaluru,1,mobile,0,1,0.22,0
T12783,M119,2026-08-09T18:31:58.774660,72182.1,18,0,Jaipur,Bengaluru,1,tablet,0,1,9.02,0
T12784,M123,2026-08-29T05:32:46.774669,5847.71,5,1,Bhubaneswar,Delhi,1,mobile,0,2,0.73,0
T12785,M118,2026-08-22T12:18:04.774677,641.3,12,0,Delhi,Jaipur,1,tablet,0,1,1.28,0
T12786,M139,2026-08-10T01:48:29.774686,1667.08,1,1,Bengaluru,Bhubaneswar,1,desktop,0,1,1.11,0
T12787,M101,2026-08-11T19:09:17.774696,5111.89,19,0,Bhubaneswar,Delhi,1,tablet,0,4,1.7,0
T12788,M121,2026-08-31T06:14:03.774704,28068.4,6,0,Jaipur,Delhi,1,desktop,0,1,1.4,0
T12789,M132,2026-08-15T17:43:35.774712,586.13,17,0,Bhubaneswar,Bengaluru,1,mobile,0,1,1.17,0
T12790,M104,2026-08-30T04:32:32.774719,17540.4,4,1,Ahmedabad,Delhi,1,mobile,0,1,0.88,0
T12791,M131,2026-07-23T00:56:25.774728,625.99,0,1,Chennai,Pune,1,tablet,0,2,1.25,0
T12792,M112,2026-07-25T17:36:13.774737,17672.17,17,0,Mumbai,Bengaluru,1,tablet,0,1,11.78,0
T12793,M131,2026-08-18T22:21:55.774746,674.85,22,1,Hyderabad,Chennai,1,tablet,0,1,1.35,0
T12794,M132,2026-08-11T09:33:36.774754,307.82,9,0,Mumbai,Chennai,1,mobile,0,1,0.62,0
T12795,M126,2026-08-25T05:42:04.774762,3354.02,5,1,Pune,Chennai,1,tablet,0,1,1.12,0
T12796,M127,2026-08-18T06:55:49.774770,17583.09,6,0,Jaipur,Bengaluru,1,desktop,0,1,0.88,0
T12797,M106,2026-08-03T19:42:46.774780,498.11,19,0,Kolkata,Mumbai,1,mobile,0,1,1.0,0
T12798,M115,2026-08-17T23:36:22.774787,6931.12,23,0,Bengaluru,Mumbai,1,tablet,0,2,0.87,0
T12799,M124,2026-08-17T09:06:23.774796,398.25,9,0,Kolkata,Hyderabad,1,desktop,0,2,0.8,0
T12800,M105,2026-08-23T11:22:19.774804,28458.51,11,0,Kolkata,Bhubaneswar,1,mobile,0,1,1.42,0
T12801,M131,2026-08-12T18:56:04.774812,413.82,18,0,Mumbai,Mumbai,0,mobile,0,1,0.83,0
T12802,M106,2026-08-29T21:11:56.774819,2881.18,21,0,Hyderabad,Chennai,1,tablet,0,1,5.76,0
T12803,M134,2026-09-01T16:04:56.774828,3423.15,16,0,Delhi,Bengaluru,1,mobile,0,1,1.14,0
T12804,M107,2026-09-03T19:34:55.774835,564.95,19,0,Chennai,Pune,1,desktop,0,4,1.13,0
T12805,M139,2026-08-11T04:30:24.774843,514.99,4,1,Kolkata,Delhi,1,tablet,0,1,0.34,0
T12806,M128,2026-08-13T15:35:57.774851,18567.69,15,0,Jaipur,Jaipur,0,desktop,0,2,0.93,0
T12807,M122,2026-08-11T10:45:23.774861,136.75,10,0,Kolkata,Kolkata,0,desktop,1,1,0.27,0
T12808,M131,2026-08-02T01:31:25.774869,372.45,1,1,Jaipur,Ahmedabad,1,tablet,1,1,0.74,0
T12809,M108,2026-08-02T13:06:26.774878,1601.42,13,0,Chennai,Kolkata,1,mobile,0,1,1.07,0
T12810,M111,2026-08-15T23:37:48.774886,98662.93,23,0,Delhi,Delhi,0,desktop,0,1,4.93,0
T12811,M106,2026-08-10T04:13:58.774894,647.75,4,1,Jaipur,Hyderabad,1,mobile,1,1,1.3,1
T12812,M113,2026-09-04T01:26:02.774904,134042.96,1,0,Pune,Kolkata,1,tablet,0,5,6.7,0
T12813,M130,2026-07-24T01:15:14.774912,1282.69,1,0,Jaipur,Jaipur,0,mobile,0,1,0.86,0
T12814,M138,2026-09-05T16:17:59.774920,371.5,16,0,Delhi,Pune,1,tablet,0,5,0.74,0
T12815,M138,2026-07-28T12:10:15.774929,343.28,12,0,Bengaluru,Ahmedabad,1,mobile,0,1,0.69,0
T12816,M102,2026-09-05T01:30:48.774937,1447.9,1,1,Bengaluru,Bhubaneswar,1,mobile,0,1,0.97,0
T12817,M110,2026-08-05T14:54:57.774947,27753.25,14,0,Jaipur,Hyderabad,1,mobile,0,1,1.39,0
T12818,M125,2026-08-23T15:26:21.774955,853.95,15,0,Ahmedabad,Jaipur,1,tablet,0,2,1.71,0
T12819,M116,2026-09-01T09:53:06.774963,3740.98,9,0,Chennai,Bhubaneswar,1,tablet,0,1,1.25,0
T12820,M108,2026-07-28T03:49:46.774971,1210.34,3,1,Kolkata,Pune,1,desktop,0,1,0.81,0
T12821,M134,2026-08-24T04:08:44.774979,3035.23,4,1,Mumbai,Kolkata,1,mobile,0,1,1.01,0
T12822,M120,2026-08-11T17:16:10.774987,3345.28,17,0,Delhi,Bengaluru,1,tablet,1,1,1.12,0
T12823,M128,2026-08-31T16:48:40.774995,17272.77,16,0,Kolkata,Delhi,1,desktop,0,1,0.86,0
T12824,M135,2026-08-16T14:38:01.775003,4414.03,14,0,Jaipur,Bhubaneswar,1,tablet,0,1,1.47,0
T12825,M110,2026-08-25T20:40:43.775011,241981.8,20,0,Mumbai,Ahmedabad,1,mobile,0,1,12.1,0
T12826,M110,2026-07-28T13:41:26.775020,8955.04,13,0,Kolkata,Delhi,1,mobile,0,1,0.45,0
T12827,M117,2026-08-20T01:40:47.775030,23323.8,1,0,Chennai,Bhubaneswar,1,mobile,0,1,15.55,0
T12828,M118,2026-08-10T00:42:43.775038,320.93,0,1,Kolkata,Hyderabad,1,tablet,0,1,0.64,0
T12829,M107,2026-07-30T10:13:51.775047,482.06,10,0,Chennai,Hyderabad,1,tablet,0,1,0.96,0
T12830,M121,2026-07-28T03:06:50.775056,14099.74,3,0,Bengaluru,Pune,1,tablet,0,3,0.7,0
T12831,M116,2026-09-01T09:14:00.775064,3363.7,9,0,Kolkata,Bengaluru,1,mobile,1,2,1.12,0
T12832,M125,2026-08-31T08:47:51.775072,800.28,8,1,Bhubaneswar,Bhubaneswar,0,desktop,0,1,1.6,0
T12833,M135,2026-08-04T05:02:20.775080,3430.42,5,0,Delhi,Pune,1,desktop,0,1,1.14,0
T12834,M130,2026-08-21T00:18:21.775088,785.74,0,0,Bhubaneswar,Mumbai,1,tablet,0,1,0.52,0
T12835,M137,2026-08-18T03:03:26.775096,4038.67,3,1,Chennai,Mumbai,1,tablet,0,5,1.35,1
T12836,M106,2026-08-14T08:47:24.775104,155.7,8,1,Delhi,Kolkata,1,desktop,0,1,0.31,0
T12837,M139,2026-08-14T19:56:08.775113,1607.76,19,1,Kolkata,Ahmedabad,1,mobile,0,1,1.07,0
T12838,M114,2026-08-26T07:03:47.775121,491.85,7,1,Chennai,Bengaluru,1,tablet,0,1,0.98,0
T12839,M117,2026-07-27T13:23:06.775131,1586.69,13,0,Jaipur,Hyderabad,1,mobile,1,1,1.06,0
T12840,M115,2026-08-13T01:18:22.775139,5354.95,1,0,Jaipur,Delhi,1,tablet,0,2,0.67,0
T12841,M135,2026-09-03T08:28:13.775148,5387.37,8,0,Bengaluru,Mumbai,1,mobile,0,1,1.8,0
T12842,M123,2026-07-23T08:19:54.775157,7114.53,8,1,Delhi,Delhi,0,tablet,0,2,0.89,0
T12843,M121,2026-08-12T05:05:26.775165,13506.88,5,0,Mumbai,Bhubaneswar,1,tablet,0,1,0.68,0
T12844,M139,2026-08-18T03:57:26.775173,1339.74,3,1,Mumbai,Pune,1,desktop,0,2,0.89,1
T12845,M105,2026-08-25T05:09:26.775181,17992.38,5,0,Mumbai,Jaipur,1,mobile,0,1,0.9,0
T12846,M104,2026-07-24T07:26:43.775189,15638.57,7,1,Chennai,Bengaluru,1,tablet,1,1,0.78,0
T12847,M111,2026-08-03T17:35:22.775199,14520.56,17,0,Kolkata,Kolkata,0,tablet,1,1,0.73,0
T12848,M110,2026-08-19T15:43:13.775207,16675.75,15,0,Bhubaneswar,Chennai,1,mobile,0,2,0.83,0
T12849,M112,2026-08-21T13:08:17.775215,1857.25,13,0,Bhubaneswar,Hyderabad,1,desktop,0,1,1.24,0
T12850,M118,2026-07-23T02:21:50.775223,283.79,2,1,Hyderabad,Chennai,1,desktop,0,1,0.57,0
T12851,M134,2026-08-21T08:06:10.775231,4240.71,8,1,Hyderabad,Chennai,1,mobile,0,1,1.41,1
T12852,M133,2026-08-10T11:59:13.775239,1479.12,11,0,Jaipur,Kolkata,1,desktop,0,2,0.49,0
T12853,M135,2026-07-31T13:32:53.775247,3644.8,13,0,Bhubaneswar,Bengaluru,1,tablet,0,1,1.21,0
T12854,M121,2026-08-31T20:33:30.775255,25224.72,20,0,Jaipur,Jaipur,0,tablet,0,5,1.26,0
T12855,M130,2026-09-01T22:34:52.775263,816.64,22,0,Mumbai,Hyderabad,1,tablet,1,1,0.54,0
T12856,M127,2026-08-05T17:57:38.775278,16724.4,17,0,Ahmedabad,Kolkata,1,desktop,0,1,0.84,0
T12857,M133,2026-08-01T18:27:31.775289,38826.71,18,0,Bhubaneswar,Pune,1,desktop,0,1,12.94,0
T12858,M117,2026-08-05T19:37:05.775298,1446.05,19,0,Kolkata,Jaipur,1,desktop,0,1,0.96,0
T12859,M116,2026-08-14T04:13:34.775306,12616.79,4,1,Ahmedabad,Mumbai,1,desktop,0,1,4.21,0
T12860,M128,2026-09-05T01:54:44.775315,21607.56,1,1,Jaipur,Chennai,1,tablet,0,4,1.08,0
T12861,M130,2026-09-01T05:58:07.775324,1568.3,5,0,Kolkata,Pune,1,mobile,0,1,1.05,0
T12862,M127,2026-07-23T23:06:17.775332,16926.29,23,0,Chennai,Bhubaneswar,1,tablet,0,1,0.85,0
T12863,M123,2026-08-21T15:18:45.775340,5097.75,15,0,Kolkata,Bhubaneswar,1,tablet,1,1,0.64,1
T12864,M117,2026-08-07T17:31:34.775348,1506.54,17,0,Kolkata,Kolkata,0,tablet,1,1,1.0,0
T12865,M119,2026-07-25T04:52:57.775357,7414.84,4,1,Chennai,Bengaluru,1,tablet,0,1,0.93,0
T12866,M137,2026-07-31T03:19:22.775365,4742.02,3,1,Mumbai,Bengaluru,1,desktop,1,1,1.58,1
T12867,M134,2026-08-07T16:58:05.775374,1726.12,16,0,Ahmedabad,Kolkata,1,tablet,0,1,0.58,0
T12868,M132,2026-08-30T07:44:01.775382,685.53,7,0,Jaipur,Chennai,1,tablet,0,1,1.37,0
T12869,M103,2026-08-24T13:46:24.775391,589.23,13,0,Pune,Jaipur,1,desktop,0,1,1.18,0
T12870,M105,2026-09-02T06:18:03.775398,20762.84,6,0,Bhubaneswar,Pune,1,mobile,0,4,1.04,0
T12871,M118,2026-08-23T04:36:00.775407,285.71,4,1,Pune,Bengaluru,1,tablet,0,1,0.57,0
T12872,M130,2026-07-25T08:37:27.775415,1961.23,8,0,Mumbai,Hyderabad,1,tablet,0,1,1.31,0
T12873,M113,2026-08-22T12:29:03.775423,15011.58,12,0,Kolkata,Jaipur,1,tablet,0,1,0.75,0
T12874,M106,2026-08-18T01:42:11.775431,961.99,1,1,Pune,Ahmedabad,1,tablet,0,1,1.92,1
T12875,M103,2026-08-13T18:19:56.775439,724.31,18,0,Delhi,Ahmedabad,1,desktop,0,1,1.45,0
T12876,M127,2026-07-31T09:25:43.775446,12385.03,9,0,Kolkata,Ahmedabad,1,tablet,0,1,0.62,0
T12877,M135,2026-09-05T09:39:15.775456,751.16,9,0,Ahmedabad,Ahmedabad,0,desktop,1,2,0.25,0
T12878,M139,2026-08-05T05:25:10.775464,1150.37,5,1,Jaipur,Pune,1,mobile,0,1,0.77,0
T12879,M129,2026-08-30T04:58:04.775472,234.64,4,1,Mumbai,Hyderabad,1,desktop,0,1,0.47,0
T12880,M101,2026-08-04T20:42:31.775480,3177.83,20,0,Kolkata,Ahmedabad,1,desktop,0,1,1.06,0
T12881,M119,2026-07-27T06:38:18.775490,7508.31,6,1,Ahmedabad,Hyderabad,1,tablet,0,2,0.94,0
T12882,M102,2026-08-23T05:21:24.775498,1342.32,5,1,Mumbai,Kolkata,1,desktop,0,1,0.89,0
T12883,M118,2026-08-27T01:24:01.775506,245.17,1,1,Hyderabad,Jaipur,1,desktop,0,1,0.49,0
T12884,M111,2026-09-05T08:26:25.775514,23695.29,8,0,Kolkata,Mumbai,1,tablet,1,1,1.18,0
T12885,M102,2026-08-04T14:59:17.775535,2358.19,14,0,Bhubaneswar,Delhi,1,mobile,0,1,1.57,0
T12886,M123,2026-09-01T00:22:45.775544,6859.37,0,1,Bhubaneswar,Jaipur,1,tablet,0,1,0.86,0
T12887,M105,2026-07-27T04:53:13.775554,21534.81,4,0,Pune,Jaipur,1,mobile,0,2,1.08,0
T12888,M125,2026-08-12T16:34:29.775561,787.04,16,0,Kolkata,Delhi,1,tablet,0,1,1.57,0
T12889,M100,2026-08-05T14:47:50.775570,649.68,14,0,Bhubaneswar,Kolkata,1,desktop,1,1,1.3,0
T12890,M135,2026-09-03T23:24:36.775578,3996.28,23,0,Bengaluru,Pune,1,desktop,0,1,1.33,0
T12891,M133,2026-08-23T03:40:19.775586,4322.79,3,0,Chennai,Bengaluru,1,tablet,0,1,1.44,0
T12892,M136,2026-08-26T04:27:08.775593,1746.43,4,1,Mumbai,Pune,1,desktop,0,2,1.16,0
T12893,M127,2026-07-31T11:22:52.775601,27716.97,11,0,Delhi,Chennai,1,mobile,0,1,1.39,0
T12894,M124,2026-08-10T05:59:02.775609,725.55,5,0,Hyderabad,Hyderabad,0,tablet,0,1,1.45,0
T12895,M132,2026-08-08T11:26:39.775617,546.31,11,0,Ahmedabad,Chennai,1,desktop,0,2,1.09,0
T12896,M116,2026-08-05T16:23:02.775625,5206.81,16,0,Bengaluru,Hyderabad,1,tablet,0,1,1.74,0
T12897,M105,2026-08-18T01:45:56.775636,31134.78,1,0,Kolkata,Kolkata,0,desktop,1,3,1.56,0
T12898,M106,2026-08-01T21:13:44.775644,613.85,21,0,Jaipur,Hyderabad,1,mobile,0,1,1.23,0
T12899,M126,2026-08-29T11:45:53.775653,3434.56,11,0,Delhi,Pune,1,mobile,1,4,1.14,1
T12900,M123,2026-08-22T22:46:08.775661,8795.31,22,1,Pune,Pune,0,tablet,0,2,1.1,0
T12901,M119,2026-08-26T06:12:42.775669,9400.2,6,1,Delhi,Bengaluru,1,tablet,0,5,1.18,1
T12902,M107,2026-08-10T06:47:30.775679,173.35,6,1,Jaipur,Hyderabad,1,mobile,0,1,0.35,0
T12903,M136,2026-07-27T10:38:17.775687,1746.91,10,0,Mumbai,Mumbai,0,mobile,0,4,1.16,0
T12904,M124,2026-08-01T04:05:33.775695,482.15,4,0,Bengaluru,Chennai,1,mobile,0,1,0.96,0
T12905,M129,2026-08-28T03:16:42.775703,811.38,3,1,Mumbai,Bhubaneswar,1,tablet,0,3,1.62,0
T12906,M109,2026-08-14T21:55:54.775711,25525.13,21,0,Chennai,Kolkata,1,mobile,0,1,1.28,0
T12907,M122,2026-08-09T14:04:37.775721,405.62,14,0,Mumbai,Delhi,1,desktop,0,1,0.81,0
T12908,M118,2026-07-23T11:45:25.775729,265.44,11,0,Delhi,Mumbai,1,tablet,0,8,0.53,0
T12909,M135,2026-08-06T16:54:46.775737,3459.44,16,0,Pune,Pune,0,desktop,0,1,1.15,0
T12910,M119,2026-08-07T19:04:38.775745,10714.26,19,0,Bengaluru,Bhubaneswar,1,tablet,0,1,1.34,0
T12911,M138,2026-08-04T22:45:42.775753,487.14,22,1,Mumbai,Kolkata,1,desktop,1,1,0.97,1
T12912,M106,2026-07-24T02:29:22.775760,417.78,2,1,Kolkata,Kolkata,0,tablet,0,1,0.84,0
T12913,M133,2026-08-22T21:18:57.775769,3273.82,21,0,Chennai,Bengaluru,1,tablet,0,1,1.09,0
T12914,M132,2026-09-05T21:34:02.775777,714.27,21,0,Ahmedabad,Pune,1,tablet,0,1,1.43,0
T12915,M139,2026-08-19T14:07:41.775785,2150.5,14,0,Bengaluru,Mumbai,1,tablet,0,1,1.43,0
T12916,M105,2026-08-28T04:40:04.775793,27360.6,4,0,Pune,Ahmedabad,1,mobile,0,2,1.37,0
T12917,M112,2026-07-30T15:46:03.775803,1513.47,15,0,Mumbai,Ahmedabad,1,desktop,0,1,1.01,0
T12918,M116,2026-08-31T01:45:52.775811,3481.9,1,1,Bhubaneswar,Pune,1,mobile,0,1,1.16,0
T12919,M102,2026-08-08T01:39:20.775821,2124.27,1,1,Jaipur,Mumbai,1,tablet,1,3,1.42,1
T12920,M125,2026-07-23T18:21:58.775829,520.66,18,0,Bengaluru,Bengaluru,0,desktop,0,1,1.04,0
T12921,M130,2026-08-04T18:47:17.775837,1331.2,18,0,Kolkata,Bhubaneswar,1,desktop,0,1,0.89,0
T12922,M105,2026-08-22T19:07:15.775845,7080.18,19,0,Kolkata,Kolkata,0,tablet,0,1,0.35,0
T12923,M121,2026-08-22T10:18:49.775853,19782.71,10,0,Kolkata,Bengaluru,1,mobile,0,1,0.99,0
T12924,M132,2026-08-13T11:41:47.775861,473.02,11,0,Bhubaneswar,Bhubaneswar,0,mobile,0,1,0.95,0
T12925,M126,2026-08-23T09:47:21.775869,1836.04,9,1,Bengaluru,Bhubaneswar,1,mobile,1,3,0.61,1
T12926,M112,2026-08-18T23:36:05.775876,499.11,23,0,Bhubaneswar,Chennai,1,tablet,1,2,0.33,0
T12927,M136,2026-08-21T20:47:29.775886,18301.5,20,1,Hyderabad,Pune,1,mobile,0,2,12.2,1
T12928,M133,2026-08-20T11:32:43.775894,3602.47,11,0,Jaipur,Bengaluru,1,tablet,0,1,1.2,0
T12929,M107,2026-08-04T14:16:26.775903,174.62,14,0,Bhubaneswar,Mumbai,1,desktop,0,1,0.35,0
T12930,M137,2026-08-09T09:22:28.775911,5231.72,9,1,Hyderabad,Mumbai,1,tablet,0,1,1.74,0
T12931,M125,2026-08-15T22:40:51.775919,1300.88,22,1,Jaipur,Jaipur,0,desktop,0,2,2.6,0
T12932,M121,2026-08-10T10:31:46.775929,18292.83,10,0,Pune,Jaipur,1,tablet,1,1,0.91,0
T12933,M110,2026-08-26T19:03:13.775937,15783.95,19,0,Mumbai,Delhi,1,tablet,0,1,0.79,0
T12934,M127,2026-09-04T14:22:10.775945,12683.61,14,0,Chennai,Kolkata,1,desktop,0,3,0.63,0
T12935,M139,2026-08-11T08:55:45.775953,1465.64,8,1,Jaipur,Hyderabad,1,desktop,0,5,0.98,1
T12936,M136,2026-08-15T01:08:59.775961,1376.17,1,1,Hyderabad,Delhi,1,desktop,0,1,0.92,0
T12937,M121,2026-08-21T02:30:05.775970,22802.92,2,0,Jaipur,Bhubaneswar,1,desktop,0,1,1.14,0
T12938,M105,2026-08-25T06:51:04.775978,30457.51,6,0,Kolkata,Bengaluru,1,desktop,0,1,1.52,0
T12939,M107,2026-08-30T08:06:38.775986,611.91,8,1,Ahmedabad,Kolkata,1,desktop,0,1,1.22,0
T12940,M120,2026-07-26T11:37:04.775994,3228.73,11,0,Delhi,Bhubaneswar,1,desktop,0,1,1.08,0
T12941,M100,2026-09-05T08:07:19.776002,154.76,8,1,Bhubaneswar,Hyderabad,1,desktop,0,2,0.31,0
T12942,M107,2026-08-11T05:10:35.776010,581.44,5,1,Pune,Bhubaneswar,1,desktop,0,1,1.16,1
T12943,M109,2026-07-29T02:53:42.776018,5111.18,2,1,Jaipur,Hyderabad,1,desktop,0,2,0.26,0
T12944,M126,2026-08-18T20:26:16.776026,4609.74,20,1,Kolkata,Mumbai,1,mobile,1,2,1.54,1
T12945,M117,2026-07-23T09:14:41.776035,1754.94,9,0,Hyderabad,Chennai,1,tablet,0,1,1.17,0
T12946,M114,2026-08-13T06:50:42.776042,497.26,6,1,Kolkata,Kolkata,0,tablet,1,1,0.99,0
T12947,M117,2026-08-12T05:26:26.776052,918.6,5,0,Pune,Hyderabad,1,tablet,0,1,0.61,0
T12948,M127,2026-08-15T12:20:54.776060,31423.25,12,0,Kolkata,Bengaluru,1,desktop,0,1,1.57,0
T12949,M125,2026-09-05T21:42:41.776069,135.59,21,1,Chennai,Bhubaneswar,1,tablet,0,1,0.27,0
T12950,M133,2026-08-31T20:20:52.776077,4221.94,20,0,Bengaluru,Jaipur,1,desktop,0,2,1.41,0
T12951,M122,2026-08-07T13:46:17.776085,476.18,13,0,Hyderabad,Jaipur,1,mobile,0,3,0.95,0
T12952,M120,2026-08-18T15:27:27.776093,4711.04,15,0,Kolkata,Chennai,1,mobile,0,4,1.57,0
T12953,M132,2026-08-04T22:52:17.776101,839.3,22,0,Kolkata,Mumbai,1,desktop,0,1,1.68,0
T12954,M130,2026-09-01T06:58:42.776109,1007.79,6,0,Bhubaneswar,Delhi,1,tablet,0,1,0.67,0
T12955,M104,2026-07-30T10:15:49.776117,29869.75,10,0,Chennai,Chennai,0,mobile,0,2,1.49,0
T12956,M113,2026-08-24T14:57:05.776124,34442.39,14,0,Bengaluru,Jaipur,1,tablet,0,2,1.72,0
T12957,M136,2026-08-15T02:13:38.776134,2290.21,2,1,Ahmedabad,Kolkata,1,desktop,0,1,1.53,1
T12958,M130,2026-07-23T21:38:09.776142,1171.0,21,0,Hyderabad,Chennai,1,mobile,0,5,0.78,0
T12959,M131,2026-07-27T22:27:43.776150,629.81,22,1,Kolkata,Bhubaneswar,1,mobile,0,4,1.26,1
T12960,M117,2026-08-29T06:12:50.776158,525.94,6,0,Hyderabad,Chennai,1,mobile,0,1,0.35,0
T12961,M107,2026-07-25T11:09:53.776166,222.72,11,0,Delhi,Delhi,0,desktop,0,1,0.45,0
T12962,M118,2026-08-21T19:48:57.776173,643.87,19,0,Chennai,Jaipur,1,desktop,0,1,1.29,0
T12963,M132,2026-08-08T08:09:40.776182,463.97,8,0,Delhi,Hyderabad,1,desktop,1,1,0.93,0
T12964,M119,2026-07-27T14:45:06.776189,5758.68,14,0,Ahmedabad,Hyderabad,1,tablet,0,1,0.72,0
T12965,M134,2026-08-09T19:03:29.776197,3664.67,19,0,Pune,Jaipur,1,mobile,0,2,1.22,0
T12966,M122,2026-08-15T14:00:46.776206,496.63,14,0,Jaipur,Delhi,1,tablet,0,1,0.99,0
T12967,M133,2026-08-29T12:53:26.776216,1983.82,12,0,Delhi,Hyderabad,1,desktop,0,1,0.66,0
T12968,M119,2026-08-13T13:08:37.776224,8614.01,13,0,Kolkata,Bhubaneswar,1,desktop,0,1,1.08,0
T12969,M131,2026-08-24T11:45:18.776232,500.45,11,0,Hyderabad,Chennai,1,mobile,0,1,1.0,0
T12970,M102,2026-08-17T03:32:54.776240,1336.83,3,1,Kolkata,Mumbai,1,mobile,0,1,0.89,0
T12971,M106,2026-07-23T22:16:49.776248,271.12,22,1,Pune,Bhubaneswar,1,tablet,0,1,0.54,0
T12972,M128,2026-08-28T09:16:09.776256,27672.48,9,0,Chennai,Bhubaneswar,1,mobile,0,1,1.38,0
T12973,M133,2026-08-07T04:00:23.776264,3259.27,4,0,Delhi,Kolkata,1,tablet,0,1,1.09,0
T12974,M115,2026-08-24T06:05:40.776272,2607.65,6,0,Ahmedabad,Kolkata,1,tablet,1,1,0.33,0
T12975,M131,2026-08-03T15:35:53.776280,391.25,15,0,Pune,Jaipur,1,tablet,0,1,0.78,0
T12976,M108,2026-08-17T21:55:48.776288,1037.63,21,1,Hyderabad,Hyderabad,0,desktop,0,2,0.69,0
T12977,M104,2026-08-05T04:49:30.776297,18485.85,4,1,Bhubaneswar,Ahmedabad,1,desktop,0,1,0.92,1
T12978,M114,2026-08-12T23:21:53.776305,252.69,23,1,Ahmedabad,Bhubaneswar,1,desktop,0,1,0.51,0
T12979,M117,2026-08-17T05:49:49.776313,2002.94,5,0,Hyderabad,Mumbai,1,tablet,0,1,1.34,0
T12980,M123,2026-08-29T13:47:03.776321,3749.96,13,0,Bengaluru,Kolkata,1,mobile,1,1,0.47,0
T12981,M126,2026-08-03T12:15:23.776329,1326.35,12,0,Ahmedabad,Bhubaneswar,1,desktop,0,2,0.44,0
T12982,M132,2026-09-02T22:24:48.776339,516.97,22,0,Delhi,Delhi,0,mobile,1,1,1.03,0
T12983,M110,2026-07-26T15:49:56.776348,12070.26,15,0,Bengaluru,Pune,1,mobile,0,2,0.6,0
T12984,M131,2026-08-30T07:53:17.776359,337.32,7,1,Pune,Bhubaneswar,1,desktop,0,1,0.67,0
T12985,M116,2026-08-22T12:50:39.776369,1790.88,12,0,Kolkata,Pune,1,tablet,0,1,0.6,0
T12986,M117,2026-08-05T21:29:31.776377,1756.93,21,0,Jaipur,Pune,1,mobile,1,1,1.17,0
T12987,M101,2026-08-25T08:23:13.776387,2736.28,8,1,Mumbai,Hyderabad,1,tablet,0,2,0.91,0
T12988,M137,2026-08-02T11:54:36.776395,227.76,11,0,Chennai,Delhi,1,tablet,0,2,0.08,0
T12989,M105,2026-08-04T14:55:15.776403,26711.66,14,0,Bengaluru,Bengaluru,0,mobile,0,4,1.34,0
T12990,M112,2026-08-03T18:50:19.776411,773.4,18,0,Delhi,Bengaluru,1,desktop,0,1,0.52,0
T12991,M112,2026-07-23T01:41:12.776420,2956.6,1,0,Kolkata,Chennai,1,desktop,0,3,1.97,0
T12992,M126,2026-08-24T02:23:13.776428,2346.85,2,1,Hyderabad,Ahmedabad,1,desktop,0,1,0.78,0
T12993,M126,2026-08-23T18:00:17.776436,1895.39,18,0,Delhi,Kolkata,1,mobile,0,4,0.63,0
T12994,M134,2026-08-17T09:46:58.776444,20966.04,9,0,Jaipur,Kolkata,1,tablet,0,1,6.99,0
T12995,M110,2026-08-10T18:49:50.776453,13385.13,18,0,Pune,Kolkata,1,desktop,0,1,0.67,0
T12996,M139,2026-07-27T00:52:06.776461,1068.84,0,1,Hyderabad,Bhubaneswar,1,tablet,0,1,0.71,0
T12997,M136,2026-07-24T14:28:10.776471,1807.99,14,0,Ahmedabad,Mumbai,1,mobile,0,1,1.21,0
T12998,M107,2026-08-26T05:22:47.776479,712.47,5,1,Jaipur,Delhi,1,tablet,0,3,1.42,0
T12999,M125,2026-08-18T10:34:19.776487,447.33,10,0,Kolkata,Ahmedabad,1,mobile,0,1,0.89,0
T13000,M115,2026-07-26T05:50:34.776495,4283.96,5,0,Bengaluru,Pune,1,mobile,0,1,0.54,0
T13001,M127,2026-08-19T17:30:49.776504,13395.42,17,0,Mumbai,Jaipur,1,tablet,0,1,0.67,0
T13002,M100,2026-07-29T20:44:04.776511,803.1,20,0,Pune,Jaipur,1,mobile,0,2,1.61,0
T13003,M139,2026-08-23T00:01:50.776520,466.5,0,1,Kolkata,Pune,1,desktop,0,1,0.31,0
T13004,M130,2026-08-07T02:43:18.776528,1258.75,2,0,Pune,Delhi,1,mobile,0,3,0.84,0
T13005,M105,2026-07-30T07:11:38.776536,25207.02,7,0,Hyderabad,Hyderabad,0,mobile,0,1,1.26,0
T13006,M137,2026-08-26T06:58:17.776544,1433.15,6,1,Pune,Bhubaneswar,1,desktop,1,1,0.48,0
T13007,M131,2026-08-25T22:29:44.776553,1743.61,22,1,Kolkata,Jaipur,1,desktop,1,3,3.49,1
T13008,M108,2026-08-04T07:19:21.776562,8771.66,7,1,Kolkata,Chennai,1,tablet,0,2,5.85,1
T13009,M137,2026-08-07T13:30:45.776571,2004.85,13,0,Ahmedabad,Kolkata,1,tablet,0,1,0.67,0
T13010,M125,2026-08-14T04:49:55.776579,210.54,4,1,Mumbai,Kolkata,1,desktop,0,1,0.42,1
T13011,M137,2026-08-30T18:44:48.776587,3390.64,18,0,Hyderabad,Delhi,1,tablet,0,2,1.13,0
T13012,M114,2026-07-31T14:04:29.776595,468.46,14,0,Ahmedabad,Pune,1,desktop,0,3,0.94,0
T13013,M107,2026-08-29T19:57:42.776604,6723.35,19,0,Jaipur,Mumbai,1,tablet,1,1,13.45,1
T13014,M113,2026-09-01T22:46:42.776612,22616.86,22,0,Mumbai,Pune,1,desktop,0,1,1.13,0
T13015,M137,2026-09-04T05:53:26.776620,3355.23,5,1,Bhubaneswar,Chennai,1,desktop,0,1,1.12,0
T13016,M130,2026-08-19T23:02:25.776628,994.04,23,0,Chennai,Pune,1,desktop,0,1,0.66,0
T13017,M129,2026-07-30T08:32:38.776638,529.26,8,1,Bhubaneswar,Hyderabad,1,desktop,0,1,1.06,1
T13018,M101,2026-08-28T19:10:50.776646,3050.31,19,0,Kolkata,Jaipur,1,desktop,0,2,1.02,0
T13019,M137,2026-08-27T09:02:46.776655,3166.21,9,1,Kolkata,Delhi,1,mobile,1,1,1.06,1
T13020,M130,2026-07-24T15:08:41.776663,654.07,15,0,Ahmedabad,Ahmedabad,0,tablet,0,1,0.44,0
T13021,M136,2026-08-19T10:04:25.776671,656.24,10,0,Kolkata,Bengaluru,1,desktop,0,1,0.44,0
T13022,M128,2026-07-26T09:04:30.776679,18373.03,9,0,Hyderabad,Pune,1,mobile,0,1,0.92,0
T13023,M102,2026-08-11T17:50:02.776688,1277.78,17,0,Bengaluru,Chennai,1,mobile,0,1,0.85,0
T13024,M115,2026-07-25T12:15:04.776696,8524.71,12,0,Hyderabad,Chennai,1,desktop,0,1,1.07,0
T13025,M101,2026-09-01T12:05:04.776704,2187.03,12,0,Kolkata,Bhubaneswar,1,desktop,0,2,0.73,0
T13026,M139,2026-08-08T16:20:39.776711,1279.31,16,0,Kolkata,Pune,1,mobile,0,1,0.85,0
T13027,M115,2026-08-15T09:49:47.776721,6282.84,9,0,Mumbai,Mumbai,0,desktop,0,3,0.79,0
T13028,M135,2026-08-08T07:39:17.776729,2682.1,7,0,Hyderabad,Delhi,1,mobile,0,4,0.89,0
T13029,M133,2026-08-30T00:24:49.776737,19499.08,0,0,Pune,Chennai,1,mobile,0,1,6.5,0
T13030,M128,2026-08-11T21:42:51.776747,20432.19,21,0,Pune,Mumbai,1,desktop,1,1,1.02,0
T13031,M133,2026-08-22T22:35:23.776756,1983.1,22,0,Jaipur,Kolkata,1,mobile,0,1,0.66,0
T13032,M108,2026-07-31T04:26:50.776763,2401.94,4,1,Mumbai,Delhi,1,tablet,1,4,1.6,1
T13033,M126,2026-09-05T18:35:40.776772,4744.63,18,0,Bhubaneswar,Bhubaneswar,0,tablet,0,1,1.58,0
T13034,M130,2026-07-30T17:36:25.776781,2135.79,17,0,Delhi,Chennai,1,mobile,0,2,1.42,0
T13035,M111,2026-08-19T23:12:41.776789,15317.77,23,0,Ahmedabad,Bhubaneswar,1,desktop,0,1,0.77,0
T13036,M112,2026-08-28T21:32:44.776797,5514.8,21,0,Pune,Delhi,1,tablet,0,1,3.68,0
T13037,M105,2026-07-30T06:38:09.776807,29307.01,6,0,Bengaluru,Bengaluru,0,tablet,0,2,1.47,0
T13038,M131,2026-08-09T12:13:24.776815,357.24,12,0,Chennai,Jaipur,1,desktop,0,1,0.71,0
T13039,M103,2026-09-03T03:36:37.776823,963.46,3,1,Kolkata,Kolkata,0,mobile,0,3,1.93,0
T13040,M106,2026-08-09T06:00:04.776830,643.78,6,1,Chennai,Chennai,0,mobile,0,2,1.29,0
T13041,M103,2026-08-15T08:32:00.776838,765.93,8,1,Pune,Chennai,1,tablet,1,1,1.53,1
T13042,M100,2026-08-19T19:14:09.776846,733.18,19,0,Hyderabad,Jaipur,1,mobile,0,1,1.47,0
T13043,M103,2026-08-30T14:45:56.776854,451.86,14,0,Chennai,Pune,1,desktop,0,5,0.9,0
T13044,M131,2026-07-26T15:44:14.776862,466.88,15,0,Delhi,Bhubaneswar,1,tablet,0,1,0.93,0
T13045,M106,2026-08-19T10:39:03.776870,793.38,10,0,Bhubaneswar,Ahmedabad,1,tablet,0,1,1.59,0
T13046,M136,2026-07-29T08:04:17.776878,2616.63,8,1,Pune,Bengaluru,1,mobile,0,1,1.74,0
T13047,M100,2026-09-01T08:22:55.776888,611.24,8,1,Hyderabad,Ahmedabad,1,tablet,0,1,1.22,1
T13048,M121,2026-08-17T23:43:59.776896,31028.73,23,0,Pune,Delhi,1,mobile,0,1,1.55,0
T13049,M128,2026-07-27T00:49:49.776905,17510.51,0,1,Bengaluru,Mumbai,1,desktop,1,1,0.88,1
T13050,M107,2026-08-30T10:12:59.776912,931.98,10,0,Ahmedabad,Hyderabad,1,tablet,0,1,1.86,0
T13051,M105,2026-08-17T02:18:06.776921,15928.76,2,0,Hyderabad,Delhi,1,mobile,0,1,0.8,0
T13052,M130,2026-08-27T07:32:07.776928,537.26,7,0,Ahmedabad,Ahmedabad,0,mobile,0,3,0.36,0
T13053,M119,2026-08-01T13:57:57.776936,9685.06,13,0,Pune,Chennai,1,tablet,0,3,1.21,0
T13054,M124,2026-08-09T13:26:51.776944,320.46,13,0,Chennai,Hyderabad,1,tablet,0,3,0.64,0
T13055,M139,2026-09-05T10:46:19.776952,1579.93,10,0,Hyderabad,Chennai,1,tablet,0,1,1.05,0
T13056,M130,2026-08-20T04:55:35.776960,2504.56,4,0,Mumbai,Bhubaneswar,1,desktop,0,1,1.67,0
T13057,M130,2026-08-03T01:30:09.776971,348.12,1,0,Bengaluru,Chennai,1,mobile,0,1,0.23,0
T13058,M108,2026-07-29T02:28:24.776979,963.65,2,1,Hyderabad,Kolkata,1,tablet,0,1,0.64,0
T13059,M117,2026-09-05T19:07:03.776987,2100.97,19,0,Mumbai,Delhi,1,tablet,0,1,1.4,0
T13060,M107,2026-08-28T12:06:32.776995,141.42,12,0,Delhi,Chennai,1,desktop,0,4,0.28,0
T13061,M100,2026-09-03T15:40:42.777003,2125.7,15,0,Chennai,Bengaluru,1,tablet,0,2,4.25,0
T13062,M133,2026-08-27T18:25:21.777012,2690.78,18,0,Bhubaneswar,Jaipur,1,tablet,0,1,0.9,0
T13063,M120,2026-08-21T22:01:27.777020,5134.44,22,0,Kolkata,Ahmedabad,1,desktop,0,2,1.71,0
T13064,M138,2026-07-23T22:57:38.777028,529.72,22,1,Bengaluru,Chennai,1,desktop,0,2,1.06,0
T13065,M102,2026-08-26T22:18:52.777036,1149.45,22,1,Bhubaneswar,Bhubaneswar,0,mobile,0,1,0.77,0
T13066,M127,2026-08-06T14:02:26.777044,24483.99,14,0,Chennai,Chennai,0,mobile,0,1,1.22,0
T13067,M120,2026-08-07T10:24:43.777054,1975.04,10,0,Mumbai,Chennai,1,mobile,0,1,0.66,0
T13068,M138,2026-07-29T23:06:56.777064,446.09,23,1,Ahmedabad,Pune,1,desktop,0,4,0.89,0
T13069,M114,2026-08-25T04:36:46.777073,171.41,4,1,Bhubaneswar,Mumbai,1,desktop,0,1,0.34,0
T13070,M137,2026-09-02T23:44:43.777082,4506.57,23,1,Jaipur,Ahmedabad,1,tablet,0,1,1.5,0
T13071,M132,2026-07-27T18:41:11.777090,1062.93,18,0,Hyderabad,Mumbai,1,desktop,0,1,2.13,0
T13072,M113,2026-07-25T10:36:21.777098,22436.77,10,0,Bengaluru,Bengaluru,0,desktop,1,2,1.12,0
T13073,M136,2026-08-18T03:28:12.777106,1893.43,3,1,Ahmedabad,Bengaluru,1,mobile,0,1,1.26,0
T13074,M104,2026-08-11T09:33:19.777114,25772.45,9,0,Delhi,Mumbai,1,desktop,0,2,1.29,0
T13075,M134,2026-09-02T16:50:23.777122,3270.54,16,0,Bhubaneswar,Chennai,1,tablet,0,8,1.09,0
T13076,M119,2026-08-08T12:57:51.777130,7036.38,12,0,Bengaluru,Pune,1,desktop,0,3,0.88,0
T13077,M102,2026-08-15T14:23:49.777140,1643.32,14,0,Delhi,Bhubaneswar,1,mobile,0,2,1.1,0
T13078,M122,2026-09-04T20:21:32.777148,814.27,20,1,Chennai,Bhubaneswar,1,desktop,1,4,1.63,1
T13079,M130,2026-07-28T08:02:48.777156,1627.07,8,0,Ahmedabad,Pune,1,desktop,0,1,1.08,0
T13080,M127,2026-08-30T17:00:12.777164,22454.89,17,0,Bengaluru,Chennai,1,desktop,0,1,1.12,0
T13081,M126,2026-07-29T12:04:13.777173,6008.17,12,0,Delhi,Jaipur,1,tablet,1,1,2.0,0
T13082,M120,2026-07-29T08:55:09.777181,5081.89,8,0,Delhi,Pune,1,mobile,0,1,1.69,0
T13083,M124,2026-08-16T07:28:40.777189,520.21,7,0,Kolkata,Bhubaneswar,1,desktop,0,1,1.04,0
T13084,M113,2026-08-25T14:53:21.777197,21718.55,14,0,Mumbai,Bhubaneswar,1,mobile,0,1,1.09,0
T13085,M126,2026-08-27T13:29:49.777206,2941.28,13,0,Mumbai,Hyderabad,1,tablet,0,1,0.98,0
T13086,M135,2026-07-27T18:10:06.777214,2205.56,18,0,Kolkata,Delhi,1,desktop,0,4,0.74,0
T13087,M132,2026-08-14T23:02:20.777224,467.82,23,0,Pune,Delhi,1,tablet,0,2,0.94,0
T13088,M138,2026-07-25T05:05:52.777232,780.88,5,1,Kolkata,Pune,1,desktop,0,2,1.56,0
T13089,M130,2026-07-31T12:58:05.777240,1462.97,12,0,Mumbai,Ahmedabad,1,mobile,0,2,0.98,0
T13090,M135,2026-07-28T10:35:31.777248,1664.97,10,0,Bengaluru,Hyderabad,1,desktop,0,1,0.55,0
T13091,M133,2026-08-02T19:56:07.777256,450.38,19,0,Mumbai,Jaipur,1,mobile,0,1,0.15,0
T13092,M133,2026-08-28T21:32:16.777264,1623.39,21,0,Delhi,Chennai,1,desktop,0,5,0.54,0
T13093,M129,2026-09-04T06:42:15.777273,336.77,6,1,Kolkata,Ahmedabad,1,desktop,1,1,0.67,1
T13094,M132,2026-08-27T02:24:35.777288,332.05,2,0,Pune,Ahmedabad,1,mobile,0,1,0.66,0
T13095,M122,2026-08-24T11:02:58.777297,595.3,11,0,Pune,Kolkata,1,mobile,0,8,1.19,0
T13096,M132,2026-07-25T08:40:22.777305,752.46,8,0,Bengaluru,Mumbai,1,tablet,0,1,1.5,0
T13097,M122,2026-08-12T19:03:52.777315,353.05,19,1,Hyderabad,Hyderabad,0,desktop,0,2,0.71,0
T13098,M112,2026-07-27T19:38:04.777323,838.71,19,0,Bhubaneswar,Bengaluru,1,desktop,0,1,0.56,0
T13099,M109,2026-07-23T14:29:52.777331,28434.74,14,0,Bengaluru,Chennai,1,tablet,1,1,1.42,1
T13100,M118,2026-08-08T08:27:04.777339,373.15,8,1,Chennai,Bhubaneswar,1,mobile,0,1,0.75,0
T13101,M136,2026-08-20T10:42:47.777347,2292.52,10,0,Hyderabad,Bhubaneswar,1,desktop,0,1,1.53,0
T13102,M130,2026-07-29T13:12:29.777355,1400.24,13,0,Hyderabad,Chennai,1,mobile,0,1,0.93,0
T13103,M101,2026-08-20T03:51:19.777363,3505.28,3,1,Hyderabad,Pune,1,mobile,0,1,1.17,0
T13104,M101,2026-08-15T20:41:37.777371,2319.41,20,0,Bhubaneswar,Bhubaneswar,0,tablet,1,1,0.77,0
T13105,M124,2026-07-30T09:35:47.777379,204.64,9,0,Ahmedabad,Hyderabad,1,desktop,0,1,0.41,0
T13106,M109,2026-08-08T08:13:41.777387,27786.86,8,1,Mumbai,Mumbai,0,mobile,0,1,1.39,0
T13107,M118,2026-07-24T21:11:00.777397,787.24,21,0,Ahmedabad,Ahmedabad,0,mobile,0,1,1.57,0
T13108,M136,2026-08-27T17:58:35.777405,1950.75,17,0,Bengaluru,Jaipur,1,mobile,0,1,1.3,0
T13109,M134,2026-08-30T21:04:37.777414,3252.6,21,0,Bengaluru,Hyderabad,1,tablet,0,1,1.08,0
T13110,M117,2026-08-15T13:55:51.777422,1396.1,13,0,Hyderabad,Kolkata,1,mobile,0,1,0.93,0
T13111,M135,2026-08-31T07:53:01.777432,2764.65,7,0,Chennai,Chennai,0,desktop,0,1,0.92,0
T13112,M116,2026-08-25T16:27:41.777440,2142.1,16,0,Kolkata,Hyderabad,1,tablet,1,1,0.71,0
T13113,M104,2026-08-06T13:33:44.777448,17927.85,13,0,Hyderabad,Delhi,1,mobile,0,3,0.9,0
T13114,M124,2026-08-22T15:18:57.777457,412.98,15,0,Delhi,Bhubaneswar,1,mobile,0,1,0.83,0
T13115,M101,2026-08-04T19:01:33.777465,2681.58,19,0,Delhi,Jaipur,1,tablet,0,2,0.89,0
T13116,M137,2026-08-31T00:48:16.777473,3190.29,0,1,Kolkata,Bhubaneswar,1,mobile,0,3,1.06,0
T13117,M135,2026-08-24T11:20:07.777483,2409.24,11,0,Chennai,Delhi,1,mobile,0,1,0.8,0
T13118,M104,2026-08-17T00:35:51.777491,35270.78,0,1,Jaipur,Delhi,1,desktop,1,1,1.76,1
T13119,M114,2026-07-30T14:13:12.777500,790.96,14,0,Delhi,Ahmedabad,1,tablet,0,1,1.58,0
T13120,M132,2026-08-09T12:34:48.777508,276.34,12,0,Mumbai,Kolkata,1,desktop,0,1,0.55,0
T13121,M133,2026-08-02T07:35:25.777516,3804.24,7,0,Hyderabad,Delhi,1,desktop,0,2,1.27,0
T13122,M117,2026-08-07T06:27:17.777524,68.27,6,0,Pune,Ahmedabad,1,tablet,0,1,0.05,0
T13123,M101,2026-08-02T19:00:46.777532,3475.66,19,0,Ahmedabad,Chennai,1,desktop,0,1,1.16,0
T13124,M133,2026-08-13T19:49:43.777539,5867.78,19,0,Delhi,Hyderabad,1,desktop,1,2,1.96,0
T13125,M111,2026-08-31T14:17:58.777548,20445.74,14,0,Chennai,Delhi,1,mobile,0,2,1.02,0
T13126,M128,2026-08-09T00:16:13.777555,20299.95,0,1,Mumbai,Pune,1,desktop,0,3,1.01,0
T13127,M102,2026-07-26T22:25:17.777565,13419.33,22,1,Kolkata,Pune,1,desktop,0,1,8.95,1
T13128,M125,2026-07-24T19:26:04.777573,373.82,19,1,Ahmedabad,Chennai,1,tablet,0,1,0.75,0
T13129,M124,2026-08-29T14:37:15.777582,606.41,14,0,Bhubaneswar,Jaipur,1,tablet,0,1,1.21,0
T13130,M100,2026-09-04T14:15:32.777590,379.77,14,0,Mumbai,Ahmedabad,1,desktop,0,1,0.76,0
T13131,M114,2026-08-23T17:34:52.777598,335.32,17,0,Bhubaneswar,Chennai,1,tablet,0,1,0.67,0
T13132,M102,2026-08-13T13:16:25.777606,1213.86,13,0,Ahmedabad,Delhi,1,tablet,0,2,0.81,0
T13133,M102,2026-08-05T11:43:50.777614,1449.49,11,0,Bengaluru,Delhi,1,desktop,0,1,0.97,0
T13134,M122,2026-08-08T05:09:24.777621,622.42,5,1,Hyderabad,Hyderabad,0,tablet,0,1,1.24,0
T13135,M126,2026-08-26T00:54:29.777629,1978.41,0,1,Pune,Bengaluru,1,mobile,0,1,0.66,0
T13136,M101,2026-08-31T17:28:20.777639,3212.02,17,0,Mumbai,Mumbai,0,desktop,0,1,1.07,0
T13137,M124,2026-08-22T09:44:03.777648,641.74,9,0,Pune,Hyderabad,1,tablet,0,1,1.28,0
T13138,M130,2026-08-23T10:18:08.777656,1715.31,10,0,Hyderabad,Bhubaneswar,1,desktop,0,2,1.14,0
T13139,M132,2026-08-16T00:52:40.777664,372.26,0,0,Bengaluru,Hyderabad,1,tablet,0,2,0.74,0
T13140,M124,2026-09-02T15:14:08.777672,358.93,15,0,Bengaluru,Ahmedabad,1,tablet,0,2,0.72,0
T13141,M116,2026-08-26T00:52:06.777680,4549.57,0,1,Hyderabad,Chennai,1,tablet,0,1,1.52,0
T13142,M138,2026-08-10T22:47:06.777688,2833.02,22,1,Delhi,Ahmedabad,1,mobile,0,2,5.67,0
T13143,M107,2026-08-10T20:31:47.777697,519.09,20,0,Mumbai,Kolkata,1,tablet,0,2,1.04,0
T13144,M123,2026-08-28T09:44:51.777705,7778.94,9,1,Bhubaneswar,Jaipur,1,tablet,0,1,0.97,1
T13145,M120,2026-08-09T11:57:06.777713,4014.72,11,0,Hyderabad,Bhubaneswar,1,tablet,0,1,1.34,0
T13146,M106,2026-08-27T03:40:08.777721,306.08,3,1,Bhubaneswar,Bengaluru,1,desktop,0,1,0.61,0
T13147,M103,2026-08-07T23:25:26.777730,5079.42,23,1,Kolkata,Mumbai,1,mobile,0,1,10.16,1
T13148,M107,2026-08-24T09:10:13.777739,508.76,9,0,Kolkata,Delhi,1,desktop,0,1,1.02,0
T13149,M116,2026-08-30T05:37:54.777747,2598.35,5,1,Bhubaneswar,Jaipur,1,mobile,0,1,0.87,0
T13150,M103,2026-08-24T15:25:09.777755,484.76,15,0,Hyderabad,Jaipur,1,desktop,0,1,0.97,0
T13151,M103,2026-08-29T02:06:47.777763,260.91,2,1,Jaipur,Kolkata,1,desktop,0,1,0.52,0
T13152,M103,2026-08-04T19:01:41.777773,375.44,19,1,Ahmedabad,Hyderabad,1,tablet,1,8,0.75,1
T13153,M120,2026-08-27T04:03:57.777781,1730.67,4,0,Bhubaneswar,Bengaluru,1,mobile,0,5,0.58,0
T13154,M108,2026-09-03T15:39:37.777789,1894.17,15,0,Jaipur,Kolkata,1,desktop,0,1,1.26,0
T13155,M114,2026-09-01T05:02:14.777798,3097.79,5,1,Chennai,Delhi,1,tablet,0,1,6.2,1
T13156,M112,2026-08-07T08:58:24.777806,2203.07,8,0,Ahmedabad,Kolkata,1,desktop,0,1,1.47,0
T13157,M136,2026-08-24T08:14:29.777817,1072.56,8,1,Bhubaneswar,Hyderabad,1,tablet,0,1,0.72,0
T13158,M134,2026-07-30T05:36:47.777825,4281.7,5,1,Ahmedabad,Delhi,1,mobile,0,1,1.43,0
T13159,M116,2026-08-21T08:41:30.777834,1877.33,8,1,Bhubaneswar,Pune,1,mobile,0,4,0.63,1
T13160,M126,2026-08-28T23:08:25.777841,2953.65,23,1,Hyderabad,Kolkata,1,tablet,0,2,0.98,0
T13161,M107,2026-07-26T14:27:55.777850,669.18,14,0,Hyderabad,Hyderabad,0,mobile,0,1,1.34,0
T13162,M101,2026-08-07T13:10:47.777858,1732.3,13,0,Pune,Pune,0,tablet,0,1,0.58,0
T13163,M124,2026-08-25T21:43:42.777866,413.37,21,0,Ahmedabad,Jaipur,1,desktop,0,3,0.83,0
T13164,M136,2026-07-27T17:56:31.777874,1459.38,17,0,Kolkata,Hyderabad,1,desktop,0,1,0.97,0
T13165,M125,2026-08-11T04:19:21.777882,466.96,4,1,Hyderabad,Bengaluru,1,mobile,0,1,0.93,0
T13166,M100,2026-07-31T11:56:00.777890,367.94,11,0,Bhubaneswar,Ahmedabad,1,desktop,0,2,0.74,0
T13167,M136,2026-08-01T11:39:00.777900,1116.13,11,0,Pune,Ahmedabad,1,tablet,0,1,0.74,0
T13168,M109,2026-08-04T08:43:43.777908,18804.81,8,1,Delhi,Ahmedabad,1,tablet,0,1,0.94,1
T13169,M100,2026-08-02T14:16:31.777917,344.37,14,0,Kolkata,Bengaluru,1,desktop,0,1,0.69,0
T13170,M106,2026-07-28T00:16:53.777924,759.85,0,1,Bengaluru,Hyderabad,1,mobile,0,1,1.52,0
T13171,M125,2026-08-04T02:11:28.777932,10506.23,2,1,Bengaluru,Bhubaneswar,1,mobile,1,1,21.01,1
T13172,M132,2026-08-14T15:07:21.777941,573.48,15,0,Delhi,Mumbai,1,desktop,0,1,1.15,0
T13173,M110,2026-08-22T21:34:55.777950,37271.98,21,0,Kolkata,Pune,1,desktop,0,1,1.86,0
T13174,M108,2026-07-23T07:28:13.777959,11890.62,7,1,Jaipur,Ahmedabad,1,desktop,0,2,7.93,1
T13175,M110,2026-08-15T18:45:26.777968,23422.12,18,0,Kolkata,Hyderabad,1,tablet,0,1,1.17,0
T13176,M120,2026-08-09T03:38:12.777976,24408.23,3,0,Delhi,Mumbai,1,tablet,0,1,8.14,0
T13177,M116,2026-08-26T11:00:58.777986,4585.87,11,0,Kolkata,Bengaluru,1,mobile,0,1,1.53,0
T13178,M128,2026-07-29T12:40:02.777994,24862.31,12,0,Jaipur,Hyderabad,1,mobile,0,2,1.24,0
T13179,M109,2026-09-03T13:45:36.778002,25113.2,13,0,Chennai,Hyderabad,1,desktop,0,1,1.26,0
T13180,M127,2026-08-29T06:01:32.778010,6047.33,6,0,Bhubaneswar,Delhi,1,desktop,0,2,0.3,0
T13181,M127,2026-08-21T17:05:01.778018,13096.32,17,0,Jaipur,Ahmedabad,1,tablet,0,1,0.65,0
T13182,M100,2026-08-04T08:00:36.778026,192.05,8,1,Mumbai,Kolkata,1,mobile,0,1,0.38,0
T13183,M101,2026-08-25T06:47:05.778034,4875.39,6,1,Chennai,Pune,1,tablet,0,1,1.63,0
T13184,M131,2026-08-11T18:14:31.778042,419.65,18,0,Bengaluru,Jaipur,1,mobile,0,1,0.84,0
T13185,M100,2026-08-07T10:07:24.778050,750.93,10,0,Bhubaneswar,Kolkata,1,tablet,0,1,1.5,0
T13186,M112,2026-07-28T22:08:14.778057,1328.1,22,0,Bengaluru,Hyderabad,1,tablet,0,1,0.89,0
T13187,M103,2026-08-07T17:43:36.778067,604.39,17,0,Jaipur,Hyderabad,1,desktop,0,1,1.21,0
T13188,M117,2026-08-27T22:09:38.778078,2370.75,22,0,Ahmedabad,Kolkata,1,mobile,0,4,1.58,0
T13189,M138,2026-08-09T16:02:42.778087,2411.52,16,0,Delhi,Pune,1,mobile,0,2,4.82,0
T13190,M111,2026-08-14T11:14:31.778096,10569.48,11,0,Kolkata,Mumbai,1,mobile,0,1,0.53,0
T13191,M101,2026-08-03T13:02:35.778104,39184.72,13,0,Pune,Jaipur,1,tablet,0,1,13.06,0
T13192,M134,2026-08-12T22:50:39.778113,5293.09,22,1,Bengaluru,Bengaluru,0,tablet,0,8,1.76,1
T13193,M121,2026-08-25T14:11:50.778122,26891.71,14,0,Pune,Bhubaneswar,1,mobile,0,1,1.34,0
T13194,M126,2026-08-13T11:52:46.778130,2392.58,11,0,Delhi,Delhi,0,tablet,0,1,0.8,0
T13195,M135,2026-08-02T20:11:45.778138,24528.16,20,0,Pune,Ahmedabad,1,desktop,0,5,8.18,0
T13196,M106,2026-07-27T06:03:05.778147,506.71,6,1,Pune,Jaipur,1,tablet,1,1,1.01,1
T13197,M106,2026-09-03T14:58:14.778157,499.89,14,0,Bengaluru,Bengaluru,0,mobile,0,2,1.0,0
T13198,M138,2026-08-29T16:53:54.778165,482.24,16,0,Chennai,Ahmedabad,1,desktop,0,1,0.96,0
T13199,M136,2026-09-04T02:32:14.778173,1552.64,2,1,Bhubaneswar,Hyderabad,1,mobile,1,1,1.04,1
T13200,M106,2026-08-27T22:30:51.778181,611.7,22,1,Bhubaneswar,Ahmedabad,1,tablet,0,3,1.22,0
T13201,M106,2026-08-22T17:45:57.778190,600.78,17,0,Pune,Kolkata,1,mobile,1,3,1.2,0
T13202,M133,2026-08-24T20:16:52.778198,1508.44,20,0,Pune,Bengaluru,1,tablet,0,1,0.5,0
T13203,M139,2026-08-16T20:26:30.778206,1566.95,20,1,Delhi,Jaipur,1,desktop,1,2,1.04,1
T13204,M115,2026-07-25T11:23:36.778214,19368.27,11,0,Hyderabad,Ahmedabad,1,tablet,0,1,2.42,0
T13205,M119,2026-08-29T22:42:08.778223,1379.51,22,1,Ahmedabad,Chennai,1,desktop,0,1,0.17,0
T13206,M125,2026-08-20T05:19:55.778231,601.37,5,1,Kolkata,Pune,1,desktop,0,1,1.2,0
T13207,M122,2026-08-19T13:37:13.778241,431.69,13,0,Kolkata,Mumbai,1,tablet,0,1,0.86,0
T13208,M132,2026-08-02T03:38:59.778249,711.71,3,0,Bhubaneswar,Mumbai,1,desktop,0,2,1.42,0
T13209,M127,2026-08-09T15:44:39.778258,15406.71,15,0,Pune,Ahmedabad,1,tablet,1,2,0.77,0
T13210,M126,2026-08-24T07:44:17.778265,4515.35,7,1,Jaipur,Chennai,1,mobile,0,8,1.51,1
T13211,M113,2026-07-25T17:57:51.778273,19123.27,17,0,Delhi,Ahmedabad,1,desktop,0,4,0.96,0
T13212,M112,2026-08-07T08:19:10.778281,7784.93,8,0,Hyderabad,Kolkata,1,tablet,0,1,5.19,0
T13213,M132,2026-08-07T14:25:45.778290,260.34,14,0,Hyderabad,Hyderabad,0,desktop,0,1,0.52,0
T13214,M135,2026-08-08T03:48:31.778298,2852.43,3,0,Delhi,Bengaluru,1,tablet,0,2,0.95,0
T13215,M115,2026-08-07T05:07:34.778306,7134.01,5,0,Pune,Delhi,1,desktop,0,1,0.89,0
T13216,M103,2026-08-01T03:16:20.778314,566.89,3,1,Ahmedabad,Delhi,1,desktop,0,1,1.13,1
T13217,M137,2026-08-03T18:56:43.778323,3482.98,18,0,Pune,Pune,0,desktop,1,1,1.16,0
T13218,M109,2026-07-24T18:36:51.778331,23798.44,18,0,Hyderabad,Kolkata,1,desktop,1,1,1.19,0
T13219,M117,2026-08-30T19:04:33.778339,1574.97,19,0,Kolkata,Delhi,1,mobile,0,1,1.05,0
T13220,M138,2026-07-27T12:26:12.778347,608.8,12,0,Mumbai,Kolkata,1,desktop,0,1,1.22,0
T13221,M109,2026-07-31T04:32:09.778357,18781.57,4,1,Jaipur,Hyderabad,1,tablet,0,2,0.94,0
T13222,M118,2026-08-12T08:15:26.778365,325.49,8,1,Chennai,Pune,1,desktop,1,1,0.65,1
T13223,M103,2026-07-29T02:40:52.778373,434.11,2,1,Hyderabad,Pune,1,desktop,0,1,0.87,0
T13224,M138,2026-08-30T22:12:34.778381,287.27,22,1,Bengaluru,Ahmedabad,1,desktop,0,3,0.57,1
T13225,M103,2026-08-04T18:02:45.778389,100.26,18,0,Kolkata,Mumbai,1,mobile,0,1,0.2,0
T13226,M125,2026-08-19T10:43:52.778397,289.44,10,0,Bengaluru,Kolkata,1,tablet,1,1,0.58,0
T13227,M103,2026-08-19T09:10:47.778407,705.26,9,1,Pune,Mumbai,1,desktop,0,1,1.41,0
T13228,M129,2026-07-24T03:28:44.778415,564.81,3,1,Delhi,Bengaluru,1,mobile,0,1,1.13,0
T13229,M119,2026-08-21T16:22:02.778423,51335.99,16,0,Ahmedabad,Bengaluru,1,mobile,0,1,6.42,0
T13230,M112,2026-08-25T06:53:35.778432,1570.7,6,0,Delhi,Bhubaneswar,1,mobile,0,1,1.05,0
T13231,M109,2026-07-28T10:50:33.778440,193977.92,10,0,Mumbai,Ahmedabad,1,mobile,1,1,9.7,0
T13232,M103,2026-09-04T13:42:51.778448,112.93,13,0,Ahmedabad,Ahmedabad,0,tablet,0,1,0.23,0
T13233,M118,2026-08-22T02:40:04.778456,348.92,2,1,Ahmedabad,Jaipur,1,tablet,0,3,0.7,1
T13234,M109,2026-07-26T00:11:51.778464,16296.54,0,1,Jaipur,Mumbai,1,mobile,0,5,0.81,1
T13235,M135,2026-07-25T13:34:04.778472,3402.39,13,0,Chennai,Kolkata,1,tablet,0,1,1.13,0
T13236,M117,2026-08-15T19:56:15.778480,528.86,19,0,Mumbai,Kolkata,1,desktop,0,1,0.35,0
T13237,M121,2026-07-31T13:53:05.778492,28406.76,13,0,Hyderabad,Ahmedabad,1,tablet,0,1,1.42,0
T13238,M134,2026-08-04T15:44:13.778503,3101.57,15,0,Bhubaneswar,Chennai,1,desktop,0,1,1.03,0
T13239,M103,2026-08-13T01:25:08.778511,501.5,1,1,Bhubaneswar,Jaipur,1,tablet,1,1,1.0,0
T13240,M119,2026-07-30T12:27:42.778519,7083.89,12,0,Jaipur,Bengaluru,1,desktop,0,1,0.89,0
T13241,M124,2026-08-04T11:24:36.778528,542.22,11,0,Mumbai,Mumbai,0,desktop,0,1,1.08,0
T13242,M127,2026-07-24T14:34:07.778536,13444.48,14,0,Jaipur,Mumbai,1,mobile,0,1,0.67,0
T13243,M124,2026-08-06T19:51:59.778544,778.36,19,0,Bhubaneswar,Pune,1,tablet,0,1,1.56,0
T13244,M107,2026-09-03T17:12:39.778552,655.31,17,0,Jaipur,Pune,1,mobile,0,5,1.31,0
T13245,M125,2026-08-30T10:19:03.778560,6561.65,10,0,Delhi,Bhubaneswar,1,tablet,0,1,13.12,0
T13246,M100,2026-08-26T02:12:54.778568,507.13,2,1,Kolkata,Ahmedabad,1,mobile,0,1,1.01,0
T13247,M106,2026-08-27T03:56:23.778579,506.57,3,1,Ahmedabad,Chennai,1,mobile,0,1,1.01,1
T13248,M137,2026-08-10T02:21:53.778587,2817.49,2,1,Bengaluru,Chennai,1,desktop,0,1,0.94,1
T13249,M105,2026-07-24T16:33:49.778595,9281.75,16,0,Bhubaneswar,Mumbai,1,mobile,0,1,0.46,0
T13250,M135,2026-08-27T18:21:41.778603,6002.05,18,0,Pune,Chennai,1,tablet,0,1,2.0,0
T13251,M114,2026-08-26T03:14:17.778612,745.39,3,1,Bengaluru,Mumbai,1,mobile,0,1,1.49,0
T13252,M130,2026-08-09T16:26:36.778620,2375.47,16,0,Ahmedabad,Pune,1,tablet,0,1,1.58,0
T13253,M128,2026-08-28T07:28:36.778628,12009.78,7,1,Bengaluru,Pune,1,mobile,0,1,0.6,0
T13254,M116,2026-08-24T11:10:55.778636,2756.98,11,0,Chennai,Delhi,1,desktop,0,2,0.92,0
T13255,M123,2026-07-27T12:03:16.778645,7126.11,12,0,Hyderabad,Hyderabad,0,desktop,1,4,0.89,0
T13256,M128,2026-08-30T07:32:05.778653,8151.68,7,1,Bhubaneswar,Ahmedabad,1,desktop,0,1,0.41,0
T13257,M100,2026-09-01T15:32:16.778662,653.87,15,0,Pune,Ahmedabad,1,mobile,0,2,1.31,0
T13258,M102,2026-08-30T19:47:45.778671,1170.41,19,0,Jaipur,Jaipur,0,mobile,0,1,0.78,0
T13259,M103,2026-08-02T06:08:38.778679,627.54,6,1,Pune,Jaipur,1,desktop,0,1,1.26,0
T13260,M128,2026-08-04T09:28:10.778686,19818.26,9,0,Jaipur,Kolkata,1,mobile,0,1,0.99,0
T13261,M109,2026-08-13T10:02:08.778695,21856.18,10,0,Delhi,Delhi,0,mobile,1,1,1.09,0
T13262,M133,2026-08-10T01:08:49.778702,3747.18,1,0,Chennai,Kolkata,1,tablet,0,1,1.25,0
T13263,M120,2026-08-20T22:43:10.778711,733.44,22,0,Bengaluru,Delhi,1,mobile,0,1,0.24,0
T13264,M113,2026-07-25T12:45:06.778718,23683.61,12,0,Chennai,Jaipur,1,mobile,0,3,1.18,0
T13265,M126,2026-08-04T20:11:40.778727,1801.13,20,1,Bhubaneswar,Ahmedabad,1,tablet,0,4,0.6,1
T13266,M118,2026-08-18T12:41:31.778734,671.44,12,0,Ahmedabad,Jaipur,1,mobile,0,2,1.34,0
T13267,M118,2026-08-14T19:56:57.778744,169.89,19,0,Chennai,Bhubaneswar,1,tablet,0,1,0.34,0
T13268,M118,2026-07-31T11:06:46.778752,95.28,11,0,Ahmedabad,Jaipur,1,desktop,1,1,0.19,0
T13269,M105,2026-08-04T17:20:38.778760,10579.92,17,0,Ahmedabad,Bengaluru,1,desktop,0,1,0.53,0
T13270,M109,2026-08-22T03:53:37.778768,22495.4,3,1,Kolkata,Bhubaneswar,1,tablet,0,1,1.12,0
T13271,M134,2026-08-17T11:09:44.778776,2340.69,11,0,Ahmedabad,Pune,1,desktop,0,1,0.78,0
T13272,M118,2026-07-26T08:30:24.778785,501.67,8,1,Bengaluru,Bhubaneswar,1,tablet,0,5,1.0,1
T13273,M100,2026-08-25T13:10:17.778793,518.43,13,0,Bhubaneswar,Kolkata,1,mobile,0,1,1.04,0
T13274,M137,2026-08-02T03:03:49.778801,2981.27,3,1,Mumbai,Delhi,1,mobile,0,2,0.99,0
T13275,M118,2026-08-15T05:18:45.778809,925.34,5,1,Kolkata,Pune,1,desktop,1,1,1.85,1
T13276,M126,2026-08-18T21:42:16.778817,3213.41,21,1,Hyderabad,Mumbai,1,desktop,0,1,1.07,0
T13277,M133,2026-07-24T11:03:02.778827,2386.97,11,0,Hyderabad,Delhi,1,desktop,0,1,0.8,0
T13278,M119,2026-08-03T16:54:10.778835,8026.79,16,0,Bengaluru,Ahmedabad,1,mobile,0,1,1.0,0
T13279,M119,2026-08-14T03:44:26.778843,10215.73,3,1,Pune,Kolkata,1,mobile,0,3,1.28,0
T13280,M104,2026-08-02T04:07:34.778851,18691.18,4,1,Bengaluru,Jaipur,1,desktop,0,1,0.93,1
T13281,M126,2026-07-26T18:10:50.778859,2944.82,18,0,Chennai,Pune,1,tablet,0,3,0.98,0
T13282,M114,2026-08-09T03:49:11.778867,213.32,3,1,Jaipur,Mumbai,1,mobile,0,1,0.43,0
T13283,M121,2026-07-29T18:20:26.778875,25133.66,18,0,Bengaluru,Jaipur,1,tablet,0,1,1.26,0
T13284,M120,2026-09-01T11:41:29.778882,3914.53,11,0,Bhubaneswar,Jaipur,1,desktop,0,1,1.3,0
T13285,M134,2026-08-05T21:39:53.778892,2717.31,21,0,Mumbai,Pune,1,mobile,0,1,0.91,0
T13286,M110,2026-08-31T12:45:04.778900,12439.15,12,0,Delhi,Bengaluru,1,mobile,1,2,0.62,0
T13287,M127,2026-08-10T12:26:14.778910,13172.62,12,0,Chennai,Bengaluru,1,desktop,0,3,0.66,0
T13288,M108,2026-08-12T17:50:43.778918,2378.44,17,0,Bengaluru,Ahmedabad,1,mobile,0,1,1.59,0
T13289,M115,2026-07-30T06:01:49.778927,75312.38,6,0,Ahmedabad,Ahmedabad,0,tablet,0,1,9.41,0
T13290,M100,2026-08-11T17:38:23.778936,602.84,17,0,Chennai,Pune,1,tablet,0,2,1.21,0
T13291,M127,2026-07-31T09:55:25.778945,29034.67,9,0,Bengaluru,Ahmedabad,1,desktop,0,1,1.45,0
T13292,M121,2026-08-02T07:55:22.778953,15989.01,7,0,Hyderabad,Mumbai,1,mobile,0,2,0.8,0
T13293,M108,2026-07-31T06:06:54.778961,1976.29,6,1,Ahmedabad,Mumbai,1,desktop,0,2,1.32,0
T13294,M109,2026-08-08T01:31:17.778969,16373.27,1,1,Bhubaneswar,Hyderabad,1,tablet,1,2,0.82,1
T13295,M102,2026-08-06T05:22:11.778977,1915.89,5,1,Kolkata,Ahmedabad,1,tablet,1,1,1.28,1
T13296,M137,2026-08-12T10:40:48.778985,1444.09,10,0,Ahmedabad,Hyderabad,1,tablet,0,1,0.48,0
T13297,M124,2026-08-21T13:00:45.778995,2286.82,13,0,Chennai,Jaipur,1,tablet,0,3,4.57,0
T13298,M131,2026-08-28T05:04:55.779003,517.54,5,1,Delhi,Bengaluru,1,desktop,0,1,1.04,0
T13299,M128,2026-07-24T09:35:45.779012,267156.76,9,0,Bengaluru,Hyderabad,1,tablet,1,1,13.36,1
T13300,M137,2026-08-24T21:07:55.779020,4654.41,21,1,Mumbai,Ahmedabad,1,desktop,0,1,1.55,0
T13301,M103,2026-07-27T02:59:56.779028,76.58,2,1,Mumbai,Hyderabad,1,mobile,0,1,0.15,0
T13302,M132,2026-08-16T04:56:34.779038,783.68,4,0,Hyderabad,Hyderabad,0,desktop,0,1,1.57,0
T13303,M135,2026-08-29T14:48:40.779046,4097.02,14,0,Mumbai,Jaipur,1,tablet,0,1,1.37,0
T13304,M113,2026-08-14T04:17:00.779054,17257.87,4,0,Ahmedabad,Mumbai,1,mobile,0,1,0.86,0
T13305,M129,2026-07-26T10:22:42.779061,856.89,10,0,Kolkata,Pune,1,tablet,0,1,1.71,0
T13306,M137,2026-08-24T09:49:36.779069,3898.22,9,1,Bhubaneswar,Pune,1,tablet,1,1,1.3,0
T13307,M121,2026-08-07T17:31:55.779079,15531.82,17,0,Hyderabad,Kolkata,1,mobile,0,1,0.78,0
T13308,M119,2026-08-16T22:35:26.779087,3567.14,22,1,Delhi,Jaipur,1,mobile,1,1,0.45,1
T13309,M108,2026-08-27T20:52:38.779095,2448.16,20,1,Pune,Bengaluru,1,mobile,1,4,1.63,1
T13310,M132,2026-07-30T22:54:13.779103,512.22,22,0,Delhi,Delhi,0,tablet,0,1,1.02,0
T13311,M123,2026-08-15T20:21:10.779111,6757.79,20,1,Chennai,Pune,1,mobile,0,1,0.84,0
T13312,M108,2026-08-14T23:33:56.779119,804.13,23,1,Ahmedabad,Hyderabad,1,mobile,0,1,0.54,0
T13313,M103,2026-08-01T03:28:47.779127,250.88,3,1,Pune,Hyderabad,1,mobile,0,2,0.5,0
T13314,M118,2026-09-03T14:48:22.779135,527.75,14,0,Bhubaneswar,Hyderabad,1,desktop,0,1,1.06,0
T13315,M101,2026-08-19T22:44:32.779143,2990.88,22,1,Bengaluru,Delhi,1,tablet,0,3,1.0,1
T13316,M110,2026-08-09T03:45:10.779151,13079.87,3,1,Mumbai,Chennai,1,desktop,0,1,0.65,0
T13317,M115,2026-09-04T21:18:47.779160,8381.62,21,0,Chennai,Kolkata,1,mobile,1,1,1.05,0
T13318,M107,2026-08-01T21:24:53.779168,601.43,21,0,Hyderabad,Chennai,1,tablet,0,2,1.2,0
T13319,M138,2026-08-29T05:34:46.779177,187.28,5,1,Kolkata,Bengaluru,1,desktop,0,1,0.37,0
T13320,M115,2026-08-06T02:05:13.779184,8670.97,2,0,Mumbai,Bengaluru,1,tablet,0,1,1.08,0
T13321,M105,2026-08-02T20:31:56.779192,92000.17,20,0,Chennai,Jaipur,1,mobile,0,1,4.6,0
T13322,M135,2026-08-18T10:48:45.779202,1837.89,10,0,Kolkata,Chennai,1,desktop,0,1,0.61,0
T13323,M136,2026-09-03T04:05:41.779210,753.58,4,1,Jaipur,Bengaluru,1,mobile,0,1,0.5,0
T13324,M135,2026-08-27T06:53:10.779218,3332.21,6,0,Bengaluru,Hyderabad,1,desktop,0,3,1.11,0
T13325,M119,2026-09-05T22:24:00.779226,6009.39,22,1,Delhi,Ahmedabad,1,mobile,0,1,0.75,0
T13326,M136,2026-07-27T11:16:09.779234,576.36,11,0,Ahmedabad,Chennai,1,mobile,1,1,0.38,0
T13327,M113,2026-08-29T22:34:17.779243,8668.8,22,0,Hyderabad,Chennai,1,desktop,0,1,0.43,0
T13328,M104,2026-08-04T10:10:48.779251,27151.08,10,0,Mumbai,Ahmedabad,1,desktop,0,1,1.36,0
T13329,M129,2026-07-30T08:55:14.779259,360.18,8,1,Kolkata,Hyderabad,1,mobile,0,1,0.72,0
T13330,M132,2026-08-27T08:05:07.779267,757.5,8,0,Mumbai,Pune,1,tablet,1,2,1.51,1
T13331,M112,2026-08-28T20:54:19.779276,1904.86,20,0,Bhubaneswar,Kolkata,1,mobile,0,1,1.27,0
T13332,M100,2026-08-08T18:11:06.779289,364.98,18,0,Kolkata,Kolkata,0,tablet,1,1,0.73,0
T13333,M115,2026-08-02T14:01:17.779297,6555.33,14,0,Mumbai,Mumbai,0,desktop,0,1,0.82,0
T13334,M100,2026-08-29T22:08:23.779305,730.73,22,1,Chennai,Mumbai,1,tablet,0,1,1.46,0
T13335,M113,2026-09-01T23:34:26.779313,210592.21,23,0,Pune,Jaipur,1,desktop,1,1,10.53,1
T13336,M133,2026-08-18T18:59:45.779322,3862.63,18,0,Ahmedabad,Pune,1,tablet,0,2,1.29,0
T13337,M109,2026-08-17T11:00:07.779331,35276.6,11,0,Pune,Jaipur,1,tablet,0,1,1.76,0
T13338,M117,2026-08-09T06:39:08.779339,1008.89,6,0,Delhi,Bhubaneswar,1,desktop,1,2,0.67,1
T13339,M133,2026-09-02T20:01:22.779347,5217.43,20,0,Hyderabad,Kolkata,1,desktop,1,1,1.74,0
T13340,M131,2026-08-01T11:31:05.779357,295.41,11,0,Bengaluru,Hyderabad,1,tablet,0,1,0.59,0
T13341,M116,2026-08-13T07:14:37.779365,3935.23,7,1,Chennai,Kolkata,1,desktop,0,3,1.31,0
T13342,M130,2026-08-26T13:00:13.779373,1440.78,13,0,Delhi,Bengaluru,1,mobile,0,1,0.96,0
T13343,M110,2026-08-19T21:49:31.779382,27953.32,21,0,Kolkata,Mumbai,1,mobile,0,1,1.4,0
T13344,M106,2026-07-28T09:01:02.779389,499.3,9,0,Pune,Ahmedabad,1,mobile,0,1,1.0,0
T13345,M124,2026-09-04T06:37:37.779398,341.55,6,0,Kolkata,Jaipur,1,desktop,0,1,0.68,0
T13346,M112,2026-09-03T14:06:14.779405,1316.4,14,0,Kolkata,Mumbai,1,desktop,0,1,0.88,0
T13347,M122,2026-09-05T03:45:18.779415,561.16,3,1,Kolkata,Jaipur,1,mobile,0,1,1.12,1
T13348,M114,2026-08-16T06:08:46.779423,50,6,1,Hyderabad,Chennai,1,tablet,0,1,0.1,0
T13349,M121,2026-09-02T03:19:30.779433,27100.12,3,0,Kolkata,Kolkata,0,mobile,1,1,1.36,0
T13350,M105,2026-08-21T03:59:06.779441,31039.93,3,0,Ahmedabad,Bengaluru,1,mobile,0,4,1.55,0
T13351,M117,2026-08-25T08:12:00.779450,1261.03,8,0,Delhi,Ahmedabad,1,tablet,0,3,0.84,0
T13352,M114,2026-08-17T23:12:45.779459,263.35,23,1,Bhubaneswar,Pune,1,tablet,0,1,0.53,0
T13353,M112,2026-08-04T13:08:05.779467,21523.11,13,0,Bhubaneswar,Delhi,1,desktop,1,1,14.35,0
T13354,M107,2026-07-26T08:55:42.779476,634.98,8,1,Mumbai,Hyderabad,1,desktop,0,2,1.27,0
T13355,M112,2026-09-03T07:17:36.779485,2503.81,7,0,Ahmedabad,Ahmedabad,0,mobile,0,1,1.67,0
T13356,M136,2026-08-08T01:06:58.779493,1316.55,1,1,Delhi,Chennai,1,mobile,0,1,0.88,0
T13357,M124,2026-08-12T18:09:39.779503,245.09,18,0,Chennai,Bengaluru,1,mobile,0,5,0.49,0
T13358,M122,2026-09-01T23:59:39.779511,291.67,23,1,Mumbai,Mumbai,0,mobile,1,1,0.58,0
T13359,M104,2026-08-23T11:11:43.779520,23598.47,11,0,Hyderabad,Chennai,1,desktop,0,1,1.18,0
T13360,M120,2026-08-20T09:27:44.779527,3418.24,9,0,Kolkata,Hyderabad,1,tablet,0,1,1.14,0
T13361,M132,2026-08-21T09:53:13.779536,658.68,9,0,Delhi,Mumbai,1,mobile,0,1,1.32,0
T13362,M106,2026-07-29T01:57:35.779544,385.99,1,1,Pune,Ahmedabad,1,desktop,0,4,0.77,0
T13363,M117,2026-09-03T10:02:00.779552,734.95,10,0,Bhubaneswar,Chennai,1,tablet,0,1,0.49,0
T13364,M111,2026-08-22T08:34:33.779560,16864.36,8,0,Hyderabad,Pune,1,tablet,0,1,0.84,0
T13365,M134,2026-08-01T19:08:20.779568,1357.43,19,0,Ahmedabad,Bengaluru,1,tablet,0,1,0.45,0
T13366,M125,2026-08-23T22:55:56.779578,50,22,1,Hyderabad,Mumbai,1,mobile,0,1,0.1,0
T13367,M129,2026-08-26T12:08:46.779587,532.14,12,0,Delhi,Pune,1,tablet,1,1,1.06,0
T13368,M104,2026-09-01T13:34:05.779596,50,13,0,Mumbai,Jaipur,1,tablet,1,1,0.0,0
T13369,M131,2026-08-27T07:39:24.779604,408.19,7,1,Delhi,Kolkata,1,mobile,1,1,0.82,0
T13370,M124,2026-08-26T13:59:49.779612,190.82,13,0,Jaipur,Hyderabad,1,mobile,0,2,0.38,0
T13371,M111,2026-08-27T12:00:22.779620,3059.58,12,0,Ahmedabad,Hyderabad,1,tablet,0,2,0.15,0
T13372,M121,2026-08-26T11:31:56.779629,23739.78,11,0,Ahmedabad,Chennai,1,tablet,1,1,1.19,0
T13373,M100,2026-07-25T17:38:03.779637,715.03,17,0,Jaipur,Delhi,1,tablet,0,1,1.43,0
T13374,M106,2026-07-30T14:30:48.779645,747.93,14,0,Mumbai,Jaipur,1,mobile,0,2,1.5,0
T13375,M137,2026-07-25T22:10:27.779653,3899.39,22,1,Kolkata,Kolkata,0,tablet,0,1,1.3,0
T13376,M113,2026-08-18T15:47:49.779661,35018.32,15,0,Pune,Ahmedabad,1,mobile,0,1,1.75,0
T13377,M133,2026-07-29T11:27:07.779670,2897.32,11,0,Mumbai,Mumbai,0,mobile,0,1,0.97,0
T13378,M137,2026-09-01T21:42:38.779678,4299.5,21,1,Ahmedabad,Jaipur,1,mobile,0,1,1.43,0
T13379,M127,2026-08-28T11:18:52.779687,19118.15,11,0,Bhubaneswar,Hyderabad,1,mobile,0,1,0.96,0
T13380,M102,2026-08-19T16:38:33.779695,2728.67,16,0,Jaipur,Chennai,1,tablet,0,1,1.82,0
T13381,M119,2026-08-18T05:54:24.779703,6487.74,5,1,Kolkata,Bengaluru,1,tablet,0,1,0.81,0
T13382,M118,2026-08-24T16:07:55.779711,739.21,16,0,Ahmedabad,Bengaluru,1,desktop,0,1,1.48,0
T13383,M138,2026-08-16T17:47:47.779719,223.39,17,0,Delhi,Ahmedabad,1,tablet,0,1,0.45,0
T13384,M102,2026-08-01T09:37:46.779727,1140.22,9,0,Mumbai,Bengaluru,1,desktop,0,5,0.76,0
T13385,M114,2026-07-25T19:46:47.779735,818.39,19,0,Kolkata,Chennai,1,desktop,1,1,1.64,1
T13386,M114,2026-08-03T17:11:37.779742,938.54,17,0,Ahmedabad,Chennai,1,mobile,0,2,1.88,0
T13387,M132,2026-08-08T15:13:31.779752,527.89,15,0,Bengaluru,Chennai,1,desktop,0,1,1.06,0
T13388,M121,2026-08-26T08:47:05.779760,11423.98,8,0,Bhubaneswar,Mumbai,1,mobile,0,2,0.57,0
T13389,M113,2026-08-11T09:10:54.779768,16729.8,9,0,Kolkata,Bhubaneswar,1,mobile,0,1,0.84,0
T13390,M116,2026-07-29T06:41:59.779776,4699.89,6,1,Bengaluru,Jaipur,1,mobile,1,1,1.57,1
T13391,M114,2026-08-16T03:11:15.779784,887.12,3,1,Bengaluru,Pune,1,tablet,0,1,1.77,1
T13392,M130,2026-09-01T00:28:22.779795,1598.09,0,0,Mumbai,Jaipur,1,tablet,0,1,1.07,0
T13393,M102,2026-08-01T21:57:34.779804,575.47,21,0,Mumbai,Chennai,1,mobile,1,1,0.38,0
T13394,M107,2026-08-22T16:25:52.779812,207.79,16,0,Jaipur,Chennai,1,desktop,0,1,0.42,0
T13395,M123,2026-08-23T08:03:35.779820,3221.04,8,1,Jaipur,Mumbai,1,desktop,0,1,0.4,0
T13396,M123,2026-08-28T12:48:24.779828,12421.39,12,0,Kolkata,Bhubaneswar,1,tablet,0,1,1.55,0
T13397,M124,2026-08-06T08:25:23.779838,380.93,8,0,Pune,Chennai,1,desktop,0,2,0.76,0
T13398,M131,2026-08-24T07:22:56.779846,383.65,7,1,Bengaluru,Kolkata,1,desktop,0,1,0.77,0
T13399,M128,2026-08-01T14:44:30.779854,6618.97,14,0,Bhubaneswar,Kolkata,1,tablet,0,1,0.33,0
T13400,M108,2026-08-17T12:50:09.779862,1915.19,12,0,Mumbai,Hyderabad,1,tablet,1,1,1.28,0
T13401,M133,2026-09-02T20:41:42.779870,2958.46,20,0,Hyderabad,Delhi,1,tablet,0,1,0.99,0
T13402,M132,2026-08-10T03:41:38.779878,517.71,3,0,Pune,Pune,0,mobile,0,1,1.04,0
T13403,M100,2026-08-11T05:18:58.779886,127.45,5,1,Jaipur,Kolkata,1,tablet,0,1,0.25,0
T13404,M114,2026-08-06T10:36:14.779894,274.44,10,0,Bhubaneswar,Bhubaneswar,0,tablet,0,1,0.55,0
T13405,M122,2026-08-27T03:30:23.779902,508.21,3,1,Mumbai,Hyderabad,1,tablet,0,1,1.02,1
T13406,M124,2026-07-31T04:34:42.779910,601.82,4,0,Kolkata,Hyderabad,1,tablet,0,1,1.2,0
T13407,M126,2026-08-03T01:16:01.779919,3871.66,1,1,Chennai,Bhubaneswar,1,desktop,0,3,1.29,0
T13408,M136,2026-08-08T21:05:37.779929,1076.05,21,1,Kolkata,Pune,1,mobile,0,1,0.72,0
T13409,M102,2026-07-25T14:13:11.779938,2395.32,14,0,Delhi,Mumbai,1,tablet,0,1,1.6,0
T13410,M113,2026-08-10T10:43:46.779946,17319.33,10,0,Bengaluru,Pune,1,tablet,0,1,0.87,0
T13411,M111,2026-07-31T05:52:41.779954,15014.54,5,0,Hyderabad,Chennai,1,tablet,0,1,0.75,0
T13412,M104,2026-08-12T16:13:28.779962,19599.77,16,0,Delhi,Mumbai,1,tablet,0,1,0.98,0
T13413,M101,2026-08-28T07:02:18.779970,2894.7,7,1,Bengaluru,Kolkata,1,desktop,0,1,0.96,0
T13414,M135,2026-09-04T00:43:36.779979,1341.32,0,0,Jaipur,Pune,1,tablet,1,1,0.45,0
T13415,M127,2026-08-30T13:59:41.779988,14709.76,13,0,Bhubaneswar,Mumbai,1,tablet,0,1,0.74,0
T13416,M123,2026-08-22T23:42:25.779996,9449.82,23,1,Ahmedabad,Hyderabad,1,tablet,0,1,1.18,0
T13417,M119,2026-08-04T08:49:42.780005,7524.76,8,1,Hyderabad,Hyderabad,0,tablet,0,1,0.94,0
T13418,M120,2026-07-29T08:09:20.780014,1435.4,8,0,Kolkata,Kolkata,0,desktop,0,3,0.48,0
T13419,M134,2026-08-30T18:31:29.780022,2988.46,18,0,Ahmedabad,Ahmedabad,0,mobile,1,1,1.0,0
T13420,M115,2026-08-13T14:19:59.780029,7136.98,14,0,Bhubaneswar,Kolkata,1,tablet,0,1,0.89,0
T13421,M110,2026-08-28T06:00:32.780038,34544.13,6,1,Bengaluru,Hyderabad,1,mobile,0,1,1.73,0
T13422,M124,2026-08-05T14:30:41.780045,285.47,14,0,Chennai,Hyderabad,1,desktop,0,2,0.57,0
T13423,M125,2026-08-20T20:52:03.780054,670.15,20,1,Delhi,Bengaluru,1,mobile,0,1,1.34,1
T13424,M132,2026-08-13T22:16:14.780062,4320.9,22,0,Chennai,Kolkata,1,tablet,0,1,8.64,0
T13425,M137,2026-08-30T22:38:29.780071,3565.69,22,1,Ahmedabad,Kolkata,1,desktop,0,1,1.19,0
T13426,M137,2026-07-28T22:33:09.780079,1634.17,22,1,Bengaluru,Bengaluru,0,mobile,0,2,0.54,0
T13427,M136,2026-08-31T14:40:52.780089,466.41,14,0,Pune,Pune,0,tablet,0,2,0.31,0
T13428,M104,2026-08-22T23:40:32.780097,98988.54,23,1,Delhi,Pune,1,tablet,0,1,4.95,1
T13429,M134,2026-08-12T04:27:22.780107,2339.36,4,1,Kolkata,Mumbai,1,mobile,0,2,0.78,0
T13430,M100,2026-08-29T04:44:38.780115,578.67,4,1,Ahmedabad,Hyderabad,1,tablet,1,1,1.16,1
T13431,M104,2026-07-31T22:35:39.780123,16320.44,22,1,Pune,Ahmedabad,1,mobile,0,4,0.82,0
T13432,M103,2026-08-10T16:05:09.780131,495.74,16,0,Chennai,Bhubaneswar,1,tablet,0,2,0.99,0
T13433,M123,2026-07-24T17:57:18.780139,3337.86,17,0,Pune,Delhi,1,tablet,0,1,0.42,0
T13434,M114,2026-09-01T10:40:53.780146,685.71,10,0,Jaipur,Kolkata,1,tablet,0,1,1.37,0
T13435,M119,2026-08-21T14:52:26.780154,6572.07,14,0,Bhubaneswar,Hyderabad,1,tablet,0,1,0.82,0
T13436,M135,2026-09-05T00:43:56.780162,2548.48,0,0,Pune,Mumbai,1,desktop,0,3,0.85,0
T13437,M105,2026-07-30T10:52:17.780172,6377.5,10,0,Hyderabad,Hyderabad,0,mobile,0,1,0.32,0
T13438,M110,2026-07-29T12:49:02.780179,35643.52,12,0,Chennai,Mumbai,1,tablet,1,1,1.78,0
T13439,M104,2026-08-14T20:46:11.780188,24236.43,20,0,Jaipur,Jaipur,0,desktop,0,1,1.21,0
T13440,M100,2026-08-10T20:37:17.780196,439.3,20,0,Bengaluru,Kolkata,1,tablet,0,1,0.88,0
T13441,M103,2026-08-10T20:14:12.780204,544.44,20,1,Pune,Delhi,1,desktop,0,1,1.09,0
T13442,M107,2026-08-18T21:41:05.780213,156.88,21,0,Delhi,Delhi,0,tablet,1,2,0.31,0
T13443,M114,2026-09-03T11:01:03.780222,657.21,11,0,Bhubaneswar,Hyderabad,1,mobile,0,1,1.31,0
T13444,M132,2026-08-29T07:44:01.780229,180.73,7,0,Kolkata,Bengaluru,1,mobile,0,1,0.36,0
T13445,M138,2026-08-12T21:20:22.780238,509.39,21,1,Jaipur,Bhubaneswar,1,mobile,1,2,1.02,1
T13446,M106,2026-08-19T16:44:15.780246,2975.38,16,0,Mumbai,Pune,1,mobile,0,1,5.95,0
T13447,M113,2026-08-30T11:15:12.780256,4182.37,11,0,Jaipur,Delhi,1,desktop,0,2,0.21,0
T13448,M135,2026-08-29T07:22:34.780264,3917.75,7,0,Kolkata,Mumbai,1,tablet,0,2,1.31,0
T13449,M106,2026-08-04T10:49:26.780272,5112.9,10,0,Hyderabad,Chennai,1,desktop,0,1,10.23,0
T13450,M122,2026-07-24T10:33:45.780281,513.02,10,0,Pune,Jaipur,1,mobile,0,1,1.03,0
T13451,M116,2026-08-08T12:29:17.780289,2834.57,12,0,Bhubaneswar,Jaipur,1,mobile,0,1,0.94,0
T13452,M122,2026-08-19T17:38:38.780297,368.73,17,0,Chennai,Delhi,1,desktop,0,1,0.74,0
T13453,M139,2026-08-09T10:09:58.780305,929.34,10,0,Ahmedabad,Kolkata,1,mobile,0,1,0.62,0
T13454,M134,2026-08-05T22:56:31.780313,1076.62,22,1,Bhubaneswar,Pune,1,mobile,0,1,0.36,0
T13455,M118,2026-08-16T00:56:48.780321,595.01,0,1,Kolkata,Delhi,1,desktop,0,5,1.19,0
T13456,M133,2026-08-07T12:49:25.780329,2822.9,12,0,Kolkata,Bengaluru,1,tablet,1,2,0.94,0
T13457,M124,2026-08-10T18:37:30.780339,483.18,18,0,Jaipur,Kolkata,1,desktop,0,1,0.97,0
T13458,M108,2026-08-05T02:27:08.780346,1715.85,2,1,Kolkata,Ahmedabad,1,tablet,0,1,1.14,0
T13459,M131,2026-08-28T04:57:59.780355,311.08,4,1,Chennai,Mumbai,1,mobile,0,1,0.62,1
T13460,M108,2026-08-02T00:08:08.780363,2709.3,0,1,Chennai,Bengaluru,1,mobile,0,1,1.81,0
T13461,M102,2026-07-23T00:36:04.780371,2233.11,0,1,Jaipur,Bhubaneswar,1,desktop,1,1,1.49,1
T13462,M106,2026-08-09T13:31:13.780379,565.64,13,0,Mumbai,Pune,1,tablet,0,3,1.13,0
T13463,M112,2026-08-26T21:29:11.780387,1443.85,21,0,Chennai,Pune,1,desktop,0,1,0.96,0
T13464,M114,2026-08-05T23:31:29.780395,423.28,23,1,Delhi,Mumbai,1,tablet,0,1,0.85,1
T13465,M117,2026-09-05T11:30:12.780403,1116.98,11,0,Hyderabad,Delhi,1,desktop,0,3,0.74,0
T13466,M101,2026-08-31T04:32:32.780411,5250.13,4,1,Hyderabad,Chennai,1,tablet,1,3,1.75,1
T13467,M129,2026-09-03T12:21:24.780420,239.4,12,0,Bhubaneswar,Jaipur,1,mobile,0,1,0.48,0
T13468,M106,2026-07-28T13:30:06.780428,279.3,13,0,Hyderabad,Ahmedabad,1,tablet,1,4,0.56,1
T13469,M133,2026-07-26T21:57:03.780436,3653.03,21,0,Mumbai,Mumbai,0,tablet,0,1,1.22,0
T13470,M126,2026-08-08T16:21:36.780444,4451.24,16,0,Kolkata,Hyderabad,1,tablet,0,1,1.48,0
T13471,M118,2026-08-29T16:15:26.780452,489.93,16,0,Pune,Bengaluru,1,desktop,0,1,0.98,0
T13472,M134,2026-07-29T23:13:47.780460,3678.9,23,1,Bengaluru,Pune,1,desktop,0,1,1.23,0
T13473,M112,2026-08-07T20:42:27.780468,2450.75,20,0,Ahmedabad,Jaipur,1,tablet,0,1,1.63,0
T13474,M102,2026-08-04T02:31:16.780476,1493.65,2,1,Jaipur,Bengaluru,1,tablet,0,4,1.0,1
T13475,M128,2026-08-11T06:00:02.780484,27630.67,6,1,Kolkata,Kolkata,0,tablet,0,1,1.38,0
T13476,M131,2026-08-06T12:25:33.780491,366.86,12,0,Delhi,Bengaluru,1,mobile,0,1,0.73,0
T13477,M113,2026-08-26T18:54:44.780500,31143.5,18,0,Jaipur,Pune,1,tablet,0,1,1.56,0
T13478,M108,2026-08-11T05:19:39.780510,22276.41,5,1,Delhi,Chennai,1,desktop,0,1,14.85,0
T13479,M124,2026-07-26T22:53:37.780519,711.15,22,0,Chennai,Pune,1,mobile,1,1,1.42,0
T13480,M119,2026-08-09T02:31:26.780526,7275.39,2,1,Hyderabad,Delhi,1,tablet,1,2,0.91,0
T13481,M107,2026-08-25T04:09:52.780534,333.11,4,1,Hyderabad,Hyderabad,0,mobile,0,3,0.67,0
T13482,M110,2026-08-22T04:44:25.780542,32046.45,4,1,Mumbai,Hyderabad,1,tablet,0,1,1.6,0
T13483,M131,2026-08-09T16:14:10.780551,614.33,16,0,Jaipur,Pune,1,tablet,0,2,1.23,0
T13484,M133,2026-08-16T14:01:05.780559,5331.11,14,0,Mumbai,Bengaluru,1,mobile,0,1,1.78,0
T13485,M116,2026-08-02T13:01:53.780567,4527.49,13,0,Hyderabad,Jaipur,1,mobile,0,1,1.51,0
T13486,M113,2026-08-02T09:34:41.780575,23580.91,9,0,Bhubaneswar,Pune,1,desktop,1,1,1.18,0
T13487,M118,2026-08-13T20:38:03.780585,581.49,20,0,Delhi,Chennai,1,tablet,0,4,1.16,0
T13488,M113,2026-08-30T17:01:11.780593,12901.68,17,0,Ahmedabad,Chennai,1,mobile,0,1,0.65,0
T13489,M122,2026-08-11T12:24:59.780601,5749.12,12,0,Ahmedabad,Kolkata,1,tablet,1,1,11.5,1
T13490,M109,2026-07-28T19:46:49.780609,23353.95,19,0,Jaipur,Bengaluru,1,mobile,1,1,1.17,0
T13491,M132,2026-08-12T03:42:14.780617,405.44,3,0,Jaipur,Bengaluru,1,desktop,0,1,0.81,0
T13492,M127,2026-08-04T16:23:08.780627,18556.81,16,0,Mumbai,Chennai,1,tablet,0,2,0.93,0
T13493,M127,2026-08-19T15:48:18.780637,14616.42,15,0,Mumbai,Kolkata,1,desktop,0,1,0.73,0
T13494,M134,2026-08-09T02:16:34.780645,3533.3,2,1,Chennai,Hyderabad,1,desktop,0,1,1.18,0
T13495,M135,2026-07-27T10:29:22.780653,2961.52,10,0,Jaipur,Chennai,1,desktop,0,1,0.99,0
T13496,M107,2026-07-24T09:41:29.780661,732.17,9,0,Delhi,Ahmedabad,1,tablet,0,1,1.46,0
T13497,M114,2026-08-30T07:22:59.780670,261.68,7,1,Jaipur,Delhi,1,mobile,0,1,0.52,0
T13498,M123,2026-08-27T19:45:50.780678,12039.61,19,1,Pune,Bhubaneswar,1,desktop,0,1,1.5,0
T13499,M112,2026-09-05T17:18:15.780686,1427.77,17,0,Kolkata,Hyderabad,1,tablet,0,1,0.95,0
T13500,M125,2026-08-14T09:09:20.780694,290.74,9,1,Bhubaneswar,Hyderabad,1,desktop,0,2,0.58,0
T13501,M119,2026-07-27T07:50:26.780702,9635.79,7,1,Bhubaneswar,Delhi,1,tablet,0,1,1.2,1
T13502,M101,2026-08-18T13:56:48.780710,1761.53,13,0,Ahmedabad,Bengaluru,1,mobile,0,1,0.59,0
T13503,M131,2026-09-02T05:34:05.780718,206.86,5,1,Pune,Mumbai,1,mobile,0,1,0.41,0
T13504,M121,2026-08-06T22:35:08.780726,19833.39,22,0,Hyderabad,Kolkata,1,desktop,0,1,0.99,0
T13505,M137,2026-08-21T07:10:18.780734,9056.16,7,1,Jaipur,Kolkata,1,mobile,0,2,3.02,1
T13506,M116,2026-09-01T01:35:55.780743,1413.82,1,1,Bhubaneswar,Bhubaneswar,0,mobile,1,1,0.47,0
T13507,M101,2026-08-10T12:11:12.780752,3404.4,12,0,Bhubaneswar,Kolkata,1,desktop,0,1,1.13,0
T13508,M102,2026-08-20T08:14:53.780760,1364.38,8,1,Hyderabad,Ahmedabad,1,mobile,0,1,0.91,0
T13509,M123,2026-08-16T16:43:53.780768,6567.41,16,0,Bhubaneswar,Bhubaneswar,0,desktop,1,5,0.82,0
T13510,M139,2026-08-14T18:11:33.780776,2420.66,18,0,Pune,Ahmedabad,1,tablet,0,1,1.61,0
T13511,M100,2026-07-28T17:54:53.780784,733.62,17,0,Pune,Chennai,1,tablet,0,1,1.47,0
T13512,M131,2026-08-01T23:20:37.780792,410.31,23,1,Kolkata,Mumbai,1,tablet,0,1,0.82,0
T13513,M134,2026-09-03T02:29:30.780800,2459.51,2,1,Jaipur,Kolkata,1,mobile,0,1,0.82,0
T13514,M138,2026-08-15T00:22:46.780808,556.52,0,1,Ahmedabad,Bhubaneswar,1,desktop,1,2,1.11,1
T13515,M126,2026-08-05T06:48:28.780816,4054.22,6,1,Ahmedabad,Mumbai,1,mobile,0,1,1.35,0
T13516,M131,2026-08-23T22:15:15.780824,180.05,22,1,Bhubaneswar,Kolkata,1,desktop,0,2,0.36,0
T13517,M124,2026-08-10T16:22:12.780833,664.81,16,0,Bhubaneswar,Chennai,1,desktop,0,2,1.33,0
T13518,M115,2026-08-05T08:17:13.780841,12229.65,8,0,Mumbai,Bengaluru,1,desktop,0,1,1.53,0
T13519,M110,2026-08-21T03:27:05.780850,6129.91,3,1,Jaipur,Chennai,1,tablet,0,2,0.31,0
T13520,M114,2026-08-23T03:24:52.780857,2590.69,3,1,Pune,Chennai,1,tablet,0,3,5.18,1
T13521,M133,2026-07-23T08:17:42.780866,2242.74,8,0,Jaipur,Hyderabad,1,mobile,0,2,0.75,0
T13522,M112,2026-08-01T01:07:22.780874,1445.97,1,0,Kolkata,Chennai,1,tablet,0,1,0.96,0
T13523,M101,2026-08-15T00:53:14.780883,2400.57,0,1,Hyderabad,Mumbai,1,desktop,0,1,0.8,1
T13524,M113,2026-07-31T13:38:40.780891,24669.78,13,0,Pune,Delhi,1,mobile,1,2,1.23,0
T13525,M133,2026-08-03T04:18:23.780899,1256.41,4,0,Ahmedabad,Bhubaneswar,1,desktop,1,1,0.42,0
T13526,M129,2026-08-05T15:20:35.780907,405.63,15,0,Kolkata,Kolkata,0,tablet,0,1,0.81,0
T13527,M108,2026-09-04T20:22:15.780917,1121.87,20,1,Bhubaneswar,Bhubaneswar,0,desktop,0,1,0.75,0
T13528,M103,2026-08-26T09:30:34.780925,751.41,9,1,Delhi,Mumbai,1,mobile,0,1,1.5,0
T13529,M130,2026-08-31T00:45:14.780933,1280.5,0,0,Bhubaneswar,Pune,1,mobile,1,1,0.85,0
T13530,M129,2026-08-15T02:07:11.780941,293.82,2,1,Hyderabad,Mumbai,1,desktop,0,1,0.59,0
T13531,M128,2026-09-02T20:20:55.780949,16382.85,20,0,Chennai,Ahmedabad,1,tablet,1,1,0.82,0
T13532,M122,2026-08-24T10:52:13.780957,513.31,10,0,Mumbai,Bengaluru,1,desktop,0,1,1.03,0
T13533,M121,2026-08-12T23:56:50.780965,8556.2,23,0,Mumbai,Ahmedabad,1,mobile,1,1,0.43,0
T13534,M107,2026-07-30T18:07:15.780973,380.21,18,0,Delhi,Hyderabad,1,tablet,0,1,0.76,0
T13535,M123,2026-08-21T00:46:43.780981,6612.77,0,1,Jaipur,Chennai,1,tablet,0,1,0.83,0
T13536,M115,2026-08-16T04:16:45.780989,54009.33,4,0,Jaipur,Mumbai,1,desktop,0,1,6.75,0
T13537,M125,2026-09-02T00:19:20.781000,624.74,0,1,Delhi,Mumbai,1,desktop,0,1,1.25,1
T13538,M133,2026-08-01T22:37:29.781008,3129.23,22,0,Jaipur,Chennai,1,tablet,0,4,1.04,0
T13539,M133,2026-09-01T20:07:52.781016,1191.28,20,0,Ahmedabad,Hyderabad,1,desktop,0,3,0.4,0
T13540,M100,2026-09-03T03:03:58.781024,460.2,3,1,Bengaluru,Jaipur,1,mobile,0,1,0.92,1
T13541,M135,2026-09-03T04:24:56.781032,3905.1,4,0,Hyderabad,Kolkata,1,desktop,1,1,1.3,0
T13542,M133,2026-08-07T19:10:37.781041,2965.37,19,0,Chennai,Chennai,0,mobile,0,1,0.99,0
T13543,M137,2026-08-02T11:00:22.781050,18928.24,11,0,Mumbai,Ahmedabad,1,tablet,0,3,6.31,1
T13544,M121,2026-07-30T11:49:23.781059,10070.65,11,0,Pune,Bengaluru,1,mobile,0,2,0.5,0
T13545,M138,2026-08-21T00:39:22.781068,629.79,0,1,Kolkata,Kolkata,0,mobile,1,1,1.26,1
T13546,M110,2026-09-05T04:19:24.781076,20402.37,4,1,Chennai,Mumbai,1,mobile,0,1,1.02,0
T13547,M122,2026-08-05T08:24:22.781085,889.23,8,1,Mumbai,Bengaluru,1,tablet,1,1,1.78,0
T13548,M109,2026-09-03T01:12:28.781093,30828.89,1,1,Jaipur,Pune,1,mobile,0,1,1.54,0
T13549,M134,2026-07-29T18:56:54.781101,2739.42,18,0,Kolkata,Jaipur,1,mobile,0,2,0.91,0
T13550,M107,2026-08-29T22:37:08.781109,409.52,22,1,Mumbai,Pune,1,desktop,0,1,0.82,0
T13551,M133,2026-08-09T09:58:01.781118,1546.27,9,0,Ahmedabad,Bhubaneswar,1,desktop,0,3,0.52,0
T13552,M109,2026-08-05T03:24:57.781126,23486.45,3,1,Hyderabad,Jaipur,1,mobile,0,1,1.17,0
T13553,M109,2026-09-02T17:15:47.781133,13754.05,17,0,Jaipur,Bengaluru,1,desktop,1,4,0.69,0
T13554,M106,2026-08-16T11:31:08.781141,276.16,11,0,Ahmedabad,Kolkata,1,tablet,0,2,0.55,0
T13555,M121,2026-08-20T17:14:13.781149,116613.05,17,0,Jaipur,Delhi,1,tablet,0,1,5.83,0
T13556,M121,2026-09-02T00:15:24.781158,15671.02,0,0,Delhi,Pune,1,mobile,0,2,0.78,0
T13557,M118,2026-08-20T09:36:41.781168,810.79,9,0,Pune,Mumbai,1,tablet,0,1,1.62,0
T13558,M118,2026-07-24T23:39:04.781177,514.3,23,1,Kolkata,Bhubaneswar,1,desktop,0,1,1.03,0
T13559,M113,2026-08-09T20:51:44.781185,27169.39,20,0,Jaipur,Jaipur,0,mobile,0,3,1.36,0
T13560,M109,2026-08-13T16:10:10.781193,13369.14,16,0,Ahmedabad,Ahmedabad,0,desktop,0,1,0.67,0
T13561,M118,2026-09-03T16:21:23.781202,567.28,16,0,Bengaluru,Hyderabad,1,tablet,1,1,1.13,0
T13562,M115,2026-08-15T09:59:07.781209,15509.07,9,0,Chennai,Pune,1,desktop,0,1,1.94,0
T13563,M136,2026-08-25T09:21:54.781218,1028.71,9,1,Ahmedabad,Chennai,1,tablet,0,2,0.69,0
T13564,M112,2026-08-24T21:25:46.781226,526.42,21,0,Ahmedabad,Delhi,1,mobile,0,1,0.35,0
T13565,M101,2026-07-31T04:24:53.781234,2177.07,4,1,Kolkata,Ahmedabad,1,desktop,0,1,0.73,0
T13566,M107,2026-08-29T23:10:25.781242,694.65,23,1,Bengaluru,Ahmedabad,1,desktop,0,1,1.39,1
T13567,M123,2026-07-28T11:39:33.781251,12574.24,11,0,Hyderabad,Chennai,1,mobile,1,1,1.57,0
T13568,M103,2026-08-08T10:44:45.781259,460.89,10,0,Chennai,Pune,1,desktop,0,1,0.92,0
T13569,M127,2026-08-30T21:31:19.781267,27455.73,21,0,Delhi,Kolkata,1,tablet,0,4,1.37,0
T13570,M130,2026-08-25T22:36:29.781275,2502.63,22,0,Mumbai,Jaipur,1,tablet,0,1,1.67,0
T13571,M137,2026-07-27T10:35:20.781288,17732.25,10,0,Mumbai,Chennai,1,mobile,0,1,5.91,0
T13572,M130,2026-08-19T03:15:47.781297,1347.7,3,0,Bhubaneswar,Ahmedabad,1,tablet,0,1,0.9,0
T13573,M102,2026-08-29T18:44:38.781305,1818.13,18,0,Hyderabad,Delhi,1,tablet,0,1,1.21,0
T13574,M133,2026-08-16T13:32:38.781313,5091.95,13,0,Pune,Pune,0,tablet,0,1,1.7,0
T13575,M113,2026-07-31T09:36:21.781322,111043.75,9,0,Mumbai,Mumbai,0,tablet,0,2,5.55,0
T13576,M113,2026-08-19T16:40:17.781330,127480.12,16,0,Hyderabad,Jaipur,1,tablet,0,1,6.37,1
T13577,M104,2026-08-19T03:46:42.781342,23824.74,3,1,Hyderabad,Jaipur,1,desktop,1,1,1.19,1
T13578,M126,2026-08-29T12:19:21.781350,1832.1,12,0,Chennai,Bengaluru,1,tablet,0,1,0.61,0
T13579,M105,2026-08-01T00:01:58.781358,22378.91,0,0,Kolkata,Kolkata,0,desktop,0,1,1.12,0
T13580,M119,2026-08-05T07:58:53.781366,9429.6,7,1,Hyderabad,Bengaluru,1,desktop,0,1,1.18,0
T13581,M138,2026-08-30T02:16:10.781375,374.09,2,1,Jaipur,Delhi,1,tablet,0,1,0.75,0
T13582,M119,2026-08-05T05:25:56.781382,6496.06,5,1,Ahmedabad,Delhi,1,desktop,0,4,0.81,1
T13583,M113,2026-08-30T11:54:34.781390,16914.01,11,0,Pune,Hyderabad,1,mobile,0,2,0.85,0
T13584,M119,2026-08-23T17:17:33.781398,46918.31,17,0,Kolkata,Bhubaneswar,1,mobile,1,2,5.86,1
T13585,M117,2026-08-29T03:52:22.781407,2152.44,3,0,Kolkata,Kolkata,0,desktop,0,1,1.43,0
T13586,M107,2026-08-24T02:15:23.781415,626.33,2,1,Bengaluru,Hyderabad,1,tablet,0,2,1.25,1
T13587,M108,2026-08-04T22:02:59.781424,1467.42,22,1,Ahmedabad,Bengaluru,1,mobile,0,3,0.98,0
T13588,M131,2026-08-26T07:31:03.781432,351.8,7,1,Delhi,Hyderabad,1,tablet,1,1,0.7,1
T13589,M133,2026-08-07T20:31:42.781440,2660.82,20,0,Hyderabad,Mumbai,1,desktop,0,2,0.89,0
T13590,M120,2026-08-24T19:08:24.781448,3282.84,19,0,Pune,Ahmedabad,1,tablet,0,1,1.09,0
T13591,M122,2026-08-08T08:48:40.781456,208.98,8,1,Bengaluru,Kolkata,1,tablet,0,2,0.42,0
T13592,M116,2026-08-21T04:46:41.781464,2723.89,4,1,Bengaluru,Ahmedabad,1,mobile,0,1,0.91,1
T13593,M122,2026-08-01T08:31:29.781473,1023.0,8,1,Chennai,Bengaluru,1,mobile,0,1,2.05,1
T13594,M132,2026-08-12T22:17:37.781481,293.3,22,0,Pune,Bengaluru,1,mobile,0,1,0.59,0
T13595,M136,2026-08-17T14:35:35.781489,1731.75,14,0,Mumbai,Pune,1,desktop,0,1,1.15,0
T13596,M135,2026-08-07T12:02:59.781499,3489.0,12,0,Hyderabad,Bengaluru,1,mobile,0,2,1.16,0
T13597,M127,2026-08-11T22:21:58.781510,21051.59,22,0,Hyderabad,Bengaluru,1,desktop,0,1,1.05,0
T13598,M117,2026-07-29T05:55:44.781518,5723.39,5,0,Jaipur,Bhubaneswar,1,mobile,0,2,3.82,0
T13599,M109,2026-07-29T03:39:37.781527,29719.06,3,1,Jaipur,Chennai,1,desktop,0,1,1.49,0
T13600,M118,2026-08-20T03:59:25.781535,600.52,3,1,Mumbai,Pune,1,mobile,0,1,1.2,0
T13601,M139,2026-08-12T19:52:16.781543,966.51,19,1,Delhi,Chennai,1,mobile,1,1,0.64,1
T13602,M102,2026-08-07T03:26:09.781551,1562.75,3,1,Pune,Delhi,1,mobile,0,1,1.04,0
T13603,M109,2026-09-04T13:01:25.781559,19681.92,13,0,Bengaluru,Delhi,1,desktop,0,1,0.98,0
T13604,M112,2026-08-31T22:47:17.781567,1026.51,22,0,Bengaluru,Mumbai,1,desktop,0,1,0.68,0
T13605,M115,2026-08-30T19:41:33.781575,8650.04,19,0,Kolkata,Kolkata,0,desktop,1,1,1.08,0
T13606,M112,2026-08-11T11:49:17.781585,2030.89,11,0,Jaipur,Mumbai,1,desktop,0,2,1.35,0
T13607,M121,2026-07-30T06:19:09.781594,24273.61,6,0,Bengaluru,Mumbai,1,tablet,0,1,1.21,0
T13608,M103,2026-07-29T23:32:28.781602,3667.63,23,1,Pune,Kolkata,1,tablet,0,1,7.34,0
T13609,M129,2026-07-26T16:21:51.781612,548.77,16,0,Bengaluru,Delhi,1,tablet,0,1,1.1,0
T13610,M138,2026-08-01T19:51:25.781620,697.33,19,1,Hyderabad,Bhubaneswar,1,mobile,1,2,1.39,0
T13611,M123,2026-08-05T05:27:09.781628,53.84,5,1,Bhubaneswar,Pune,1,mobile,0,3,0.01,0
T13612,M103,2026-09-04T12:09:49.781636,343.05,12,0,Delhi,Jaipur,1,mobile,0,1,0.69,0
T13613,M116,2026-08-12T00:07:24.781644,3356.78,0,1,Pune,Pune,0,tablet,0,1,1.12,0
T13614,M119,2026-07-26T07:59:08.781652,10878.93,7,1,Chennai,Jaipur,1,tablet,0,1,1.36,0
T13615,M114,2026-08-01T05:35:13.781660,271.59,5,1,Pune,Hyderabad,1,mobile,0,5,0.54,0
T13616,M120,2026-08-15T09:21:49.781668,2704.65,9,0,Ahmedabad,Mumbai,1,mobile,0,1,0.9,0
T13617,M125,2026-08-29T10:09:37.781677,314.73,10,0,Hyderabad,Ahmedabad,1,desktop,0,1,0.63,0
T13618,M129,2026-07-23T12:17:39.781685,656.84,12,0,Delhi,Bengaluru,1,desktop,1,2,1.31,0
T13619,M114,2026-09-02T20:48:41.781694,208.02,20,0,Bhubaneswar,Ahmedabad,1,mobile,0,1,0.42,0
T13620,M124,2026-08-17T16:20:47.781701,651.53,16,0,Mumbai,Pune,1,tablet,1,1,1.3,0
T13621,M136,2026-08-03T14:13:53.781711,17402.56,14,0,Mumbai,Pune,1,tablet,0,1,11.6,0
T13622,M124,2026-08-21T10:30:42.781720,515.49,10,0,Delhi,Ahmedabad,1,tablet,1,1,1.03,0
T13623,M131,2026-07-24T08:20:26.781728,371.4,8,1,Chennai,Chennai,0,mobile,0,1,0.74,0
T13624,M118,2026-09-03T05:33:20.781736,430.34,5,1,Bhubaneswar,Hyderabad,1,desktop,0,1,0.86,0
T13625,M124,2026-09-02T23:36:11.781745,589.87,23,0,Bhubaneswar,Chennai,1,desktop,0,1,1.18,0
T13626,M120,2026-08-12T15:24:07.781753,4722.53,15,0,Delhi,Bhubaneswar,1,tablet,0,2,1.57,0
T13627,M124,2026-08-30T05:27:44.781762,880.89,5,0,Delhi,Delhi,0,tablet,1,1,1.76,0
T13628,M107,2026-07-24T06:32:45.781770,916.08,6,1,Kolkata,Mumbai,1,tablet,0,1,1.83,1
T13629,M100,2026-08-31T12:51:23.781779,473.45,12,0,Ahmedabad,Mumbai,1,mobile,1,3,0.95,0
T13630,M125,2026-08-24T08:38:43.781787,521.76,8,1,Jaipur,Ahmedabad,1,desktop,1,2,1.04,1
T13631,M105,2026-08-05T11:08:46.781795,21538.92,11,0,Ahmedabad,Bengaluru,1,tablet,0,1,1.08,0
T13632,M106,2026-08-19T07:56:18.781803,351.66,7,1,Bhubaneswar,Kolkata,1,desktop,1,1,0.7,1
T13633,M120,2026-08-20T20:35:22.781811,4486.81,20,0,Bhubaneswar,Delhi,1,tablet,0,2,1.5,0
T13634,M107,2026-08-01T22:14:13.781819,399.63,22,1,Bhubaneswar,Ahmedabad,1,desktop,0,2,0.8,0
T13635,M122,2026-07-25T04:05:36.781828,3783.74,4,1,Kolkata,Ahmedabad,1,tablet,0,1,7.57,1
T13636,M130,2026-08-01T04:09:36.781836,1301.52,4,0,Delhi,Ahmedabad,1,tablet,0,1,0.87,0
T13637,M118,2026-08-16T05:19:26.781846,576.87,5,1,Hyderabad,Pune,1,tablet,0,3,1.15,1
T13638,M135,2026-08-06T21:21:30.781854,3185.44,21,0,Bhubaneswar,Bhubaneswar,0,desktop,0,2,1.06,0
T13639,M102,2026-09-01T21:12:46.781862,1929.49,21,0,Hyderabad,Mumbai,1,tablet,0,1,1.29,0
T13640,M107,2026-07-30T05:03:09.781870,329.07,5,1,Bhubaneswar,Kolkata,1,tablet,0,1,0.66,0
T13641,M102,2026-08-02T07:49:54.781878,1972.38,7,1,Hyderabad,Jaipur,1,desktop,0,1,1.31,0
T13642,M133,2026-07-29T10:17:44.781886,1045.25,10,0,Pune,Hyderabad,1,mobile,0,1,0.35,0
T13643,M110,2026-07-25T13:51:22.781894,18718.59,13,0,Chennai,Jaipur,1,desktop,0,1,0.94,0
T13644,M135,2026-07-30T15:28:05.781902,1066.14,15,0,Chennai,Pune,1,mobile,0,1,0.36,0
T13645,M108,2026-07-29T15:56:05.781910,2172.96,15,0,Delhi,Ahmedabad,1,tablet,0,1,1.45,0
T13646,M100,2026-08-30T11:57:48.781919,510.4,11,0,Ahmedabad,Pune,1,tablet,0,1,1.02,0
T13647,M131,2026-08-27T04:13:07.781929,790.02,4,1,Bhubaneswar,Delhi,1,desktop,0,1,1.58,0
T13648,M119,2026-08-02T06:25:42.781937,7102.47,6,1,Jaipur,Delhi,1,mobile,0,1,0.89,0
T13649,M137,2026-07-29T19:45:13.781945,3997.15,19,1,Ahmedabad,Bengaluru,1,mobile,0,1,1.33,0
T13650,M112,2026-08-10T11:09:19.781952,511.16,11,0,Pune,Kolkata,1,mobile,0,3,0.34,0
T13651,M106,2026-08-11T17:54:56.781961,286.37,17,0,Ahmedabad,Mumbai,1,tablet,0,1,0.57,0
T13652,M117,2026-08-03T01:14:25.781969,1618.65,1,0,Chennai,Delhi,1,mobile,0,2,1.08,0
T13653,M131,2026-08-29T20:00:31.781977,239.84,20,0,Ahmedabad,Chennai,1,tablet,0,1,0.48,0
T13654,M107,2026-09-05T16:38:09.781984,591.72,16,0,Delhi,Jaipur,1,tablet,0,3,1.18,0
T13655,M139,2026-08-23T03:12:11.781993,1425.14,3,1,Bengaluru,Bhubaneswar,1,mobile,1,1,0.95,1
T13656,M133,2026-08-06T21:06:55.782000,3723.98,21,0,Delhi,Pune,1,tablet,1,1,1.24,0
T13657,M123,2026-08-11T04:43:57.782010,1592.11,4,1,Delhi,Kolkata,1,desktop,1,2,0.2,0
T13658,M111,2026-08-06T15:31:29.782018,23562.87,15,0,Kolkata,Bengaluru,1,mobile,1,3,1.18,1
T13659,M121,2026-08-26T09:54:06.782026,13723.4,9,0,Kolkata,Bhubaneswar,1,tablet,0,1,0.69,0
T13660,M118,2026-07-23T04:25:14.782033,104.09,4,1,Hyderabad,Chennai,1,mobile,0,1,0.21,0
T13661,M139,2026-09-05T22:34:22.782057,1573.29,22,1,Chennai,Ahmedabad,1,tablet,0,1,1.05,0
T13662,M115,2026-09-05T23:03:42.782068,2339.18,23,0,Ahmedabad,Bhubaneswar,1,desktop,0,1,0.29,0
T13663,M116,2026-08-22T16:36:26.782076,1989.98,16,0,Delhi,Bengaluru,1,mobile,0,3,0.66,0
T13664,M131,2026-08-08T09:32:41.782084,2890.92,9,0,Kolkata,Chennai,1,tablet,0,2,5.78,1
T13665,M121,2026-08-05T02:09:16.782093,24646.41,2,0,Hyderabad,Hyderabad,0,desktop,0,1,1.23,0
T13666,M133,2026-08-08T12:33:45.782101,4606.36,12,0,Pune,Kolkata,1,tablet,0,2,1.54,0
T13667,M139,2026-07-27T19:01:53.782111,1401.22,19,1,Ahmedabad,Jaipur,1,mobile,0,1,0.93,0
T13668,M119,2026-08-20T18:17:08.782119,8589.76,18,0,Delhi,Delhi,0,tablet,0,1,1.07,0
T13669,M117,2026-08-16T10:44:34.782129,1728.56,10,0,Delhi,Chennai,1,mobile,0,2,1.15,0
T13670,M123,2026-08-25T15:37:53.782137,6007.12,15,0,Bhubaneswar,Delhi,1,desktop,0,3,0.75,0
T13671,M107,2026-09-01T05:28:42.782145,88.02,5,1,Mumbai,Delhi,1,desktop,0,1,0.18,0
T13672,M132,2026-08-23T09:08:45.782153,444.26,9,0,Jaipur,Jaipur,0,tablet,0,1,0.89,0
T13673,M104,2026-08-25T12:54:37.782161,26481.64,12,0,Ahmedabad,Bengaluru,1,tablet,0,1,1.32,0
T13674,M120,2026-08-21T10:37:22.782168,5531.28,10,0,Chennai,Bhubaneswar,1,mobile,1,8,1.84,1
T13675,M109,2026-08-26T21:52:19.782177,14709.27,21,0,Mumbai,Delhi,1,mobile,0,1,0.74,0
T13676,M113,2026-07-27T23:02:09.782185,10469.73,23,0,Bengaluru,Hyderabad,1,desktop,0,1,0.52,0
T13677,M100,2026-08-27T07:07:34.782194,790.58,7,1,Chennai,Kolkata,1,mobile,0,4,1.58,0
T13678,M115,2026-08-29T20:59:00.782202,13685.32,20,0,Chennai,Bengaluru,1,mobile,0,1,1.71,0
T13679,M128,2026-08-15T00:09:04.782211,41816.0,0,1,Chennai,Bengaluru,1,tablet,0,3,2.09,1
T13680,M137,2026-08-28T11:07:16.782219,1327.08,11,0,Kolkata,Kolkata,0,desktop,1,1,0.44,0
T13681,M131,2026-08-15T14:57:25.782227,437.19,14,0,Delhi,Mumbai,1,desktop,0,1,0.87,0
T13682,M103,2026-07-23T23:38:32.782235,5140.66,23,1,Delhi,Mumbai,1,tablet,0,1,10.28,1
T13683,M131,2026-09-05T12:26:44.782243,640.28,12,0,Ahmedabad,Bengaluru,1,desktop,0,1,1.28,0
T13684,M104,2026-08-13T04:47:17.782253,19623.28,4,1,Hyderabad,Bhubaneswar,1,mobile,0,1,0.98,0
T13685,M114,2026-08-20T04:37:57.782261,203.79,4,1,Bengaluru,Hyderabad,1,tablet,0,1,0.41,0
T13686,M132,2026-08-19T23:32:20.782269,571.32,23,0,Bengaluru,Ahmedabad,1,tablet,0,1,1.14,0
T13687,M102,2026-08-05T07:15:46.782279,2047.68,7,1,Hyderabad,Pune,1,desktop,0,2,1.37,0
T13688,M138,2026-08-09T19:38:14.782287,432.57,19,1,Kolkata,Bhubaneswar,1,tablet,0,1,0.87,0
T13689,M115,2026-08-07T03:50:38.782295,7417.34,3,0,Mumbai,Pune,1,mobile,1,2,0.93,1
T13690,M100,2026-08-16T01:14:13.782303,478.01,1,1,Chennai,Bhubaneswar,1,desktop,0,1,0.96,0
T13691,M125,2026-08-01T14:16:36.782311,502.85,14,0,Ahmedabad,Kolkata,1,tablet,1,1,1.01,0
T13692,M104,2026-08-03T12:43:02.782319,18836.31,12,0,Bhubaneswar,Pune,1,mobile,0,1,0.94,0
T13693,M122,2026-08-05T11:34:53.782327,491.18,11,0,Bengaluru,Pune,1,tablet,0,1,0.98,0
T13694,M112,2026-08-26T08:39:31.782335,2021.82,8,0,Chennai,Delhi,1,tablet,0,1,1.35,0
T13695,M106,2026-07-24T05:59:13.782343,538.39,5,1,Ahmedabad,Chennai,1,desktop,0,1,1.08,1
T13696,M127,2026-08-03T03:02:42.782351,13881.5,3,0,Pune,Mumbai,1,desktop,0,1,0.69,0
T13697,M109,2026-07-29T19:41:19.782362,24334.54,19,0,Bengaluru,Kolkata,1,tablet,0,1,1.22,0
T13698,M102,2026-08-26T10:16:33.782370,1974.59,10,0,Hyderabad,Jaipur,1,mobile,0,1,1.32,0
T13699,M133,2026-08-31T14:31:04.782378,5843.37,14,0,Bhubaneswar,Hyderabad,1,desktop,0,4,1.95,0
T13700,M120,2026-09-03T13:57:31.782386,4429.53,13,0,Bengaluru,Ahmedabad,1,tablet,0,1,1.48,0
T13701,M131,2026-09-04T06:03:44.782395,784.45,6,1,Delhi,Delhi,0,desktop,1,1,1.57,0
T13702,M106,2026-09-04T13:39:22.782402,746.24,13,0,Hyderabad,Mumbai,1,desktop,0,2,1.49,0
T13703,M116,2026-08-24T16:17:19.782410,3150.43,16,0,Mumbai,Hyderabad,1,tablet,0,1,1.05,0
T13704,M126,2026-08-06T10:48:32.782418,1892.48,10,0,Mumbai,Mumbai,0,mobile,0,1,0.63,0
T13705,M116,2026-07-24T03:27:14.782426,2662.01,3,1,Ahmedabad,Mumbai,1,mobile,1,1,0.89,0
T13706,M135,2026-08-14T20:04:04.782434,1317.83,20,0,Bengaluru,Delhi,1,desktop,0,1,0.44,0
T13707,M100,2026-08-02T04:01:48.782443,441.1,4,1,Mumbai,Chennai,1,mobile,0,1,0.88,0
T13708,M113,2026-08-06T21:13:57.782451,18717.29,21,0,Delhi,Mumbai,1,mobile,0,1,0.94,0
T13709,M118,2026-07-28T08:34:15.782459,588.31,8,1,Hyderabad,Pune,1,desktop,0,1,1.18,0
T13710,M108,2026-07-25T06:56:15.782467,1314.81,6,1,Bengaluru,Hyderabad,1,tablet,0,4,0.88,1
T13711,M129,2026-07-29T07:48:59.782475,167.88,7,1,Ahmedabad,Kolkata,1,mobile,0,2,0.34,0
T13712,M135,2026-08-20T05:56:34.782483,1207.51,5,0,Ahmedabad,Ahmedabad,0,desktop,0,1,0.4,0
T13713,M104,2026-08-02T13:28:57.782491,15755.71,13,0,Ahmedabad,Delhi,1,mobile,0,2,0.79,0
T13714,M136,2026-08-02T19:51:15.782499,852.84,19,1,Mumbai,Chennai,1,tablet,0,1,0.57,0
T13715,M137,2026-08-04T06:27:52.782507,1862.89,6,1,Jaipur,Kolkata,1,tablet,0,2,0.62,0
T13716,M129,2026-09-01T04:50:18.782515,473.8,4,1,Mumbai,Ahmedabad,1,tablet,0,1,0.95,0
T13717,M102,2026-08-04T00:42:42.782524,1019.49,0,1,Delhi,Pune,1,desktop,0,2,0.68,0
T13718,M136,2026-07-28T03:20:56.782532,1580.72,3,1,Kolkata,Bengaluru,1,mobile,0,1,1.05,0
T13719,M112,2026-08-29T05:39:40.782540,757.34,5,0,Bengaluru,Ahmedabad,1,mobile,0,1,0.5,0
T13720,M126,2026-08-03T01:19:37.782548,685.58,1,1,Mumbai,Bengaluru,1,mobile,1,2,0.23,0
T13721,M122,2026-08-01T13:34:39.782556,459.71,13,0,Chennai,Bengaluru,1,mobile,0,1,0.92,0
T13722,M122,2026-08-26T21:28:56.782563,427.21,21,1,Chennai,Mumbai,1,desktop,1,2,0.85,1
T13723,M126,2026-08-14T03:06:59.782572,3722.03,3,1,Jaipur,Jaipur,0,tablet,0,5,1.24,0
T13724,M108,2026-08-30T18:46:08.782579,2574.54,18,0,Ahmedabad,Bengaluru,1,tablet,1,1,1.72,0
T13725,M139,2026-08-07T01:23:26.782588,2342.76,1,1,Delhi,Delhi,0,mobile,0,1,1.56,0
T13726,M131,2026-08-18T01:56:01.782596,351.56,1,1,Mumbai,Chennai,1,tablet,0,1,0.7,0
T13727,M116,2026-08-05T06:21:32.782605,627.22,6,1,Kolkata,Bengaluru,1,desktop,1,1,0.21,1
T13728,M116,2026-08-19T07:41:07.782613,1710.35,7,1,Mumbai,Delhi,1,tablet,0,1,0.57,0
T13729,M110,2026-08-07T19:57:59.782621,17289.0,19,0,Mumbai,Chennai,1,tablet,0,1,0.86,0
T13730,M115,2026-07-29T12:37:29.782629,6892.72,12,0,Jaipur,Bhubaneswar,1,tablet,0,3,0.86,0
T13731,M103,2026-08-28T15:09:44.782637,681.56,15,0,Mumbai,Chennai,1,mobile,0,1,1.36,0
T13732,M139,2026-08-20T20:47:36.782645,2010.09,20,1,Bengaluru,Chennai,1,desktop,0,2,1.34,0
T13733,M118,2026-09-02T12:01:56.782654,336.98,12,0,Delhi,Hyderabad,1,mobile,0,1,0.67,0
T13734,M115,2026-07-29T14:08:03.782662,8093.66,14,0,Kolkata,Pune,1,mobile,0,1,1.01,0
T13735,M138,2026-07-26T21:47:30.782670,866.82,21,1,Ahmedabad,Mumbai,1,mobile,0,1,1.73,0
T13736,M117,2026-08-01T14:15:57.782678,1453.9,14,0,Ahmedabad,Chennai,1,mobile,0,5,0.97,0
T13737,M121,2026-08-02T04:27:00.782688,15405.14,4,0,Pune,Delhi,1,tablet,0,1,0.77,0
T13738,M121,2026-08-04T12:11:56.782696,22295.33,12,0,Mumbai,Bengaluru,1,mobile,0,1,1.11,0
T13739,M125,2026-08-23T12:39:23.782704,547.0,12,0,Mumbai,Mumbai,0,desktop,0,3,1.09,0
T13740,M119,2026-08-04T20:17:20.782712,11293.79,20,0,Ahmedabad,Hyderabad,1,tablet,0,2,1.41,0
T13741,M108,2026-08-07T07:55:24.782721,2528.73,7,1,Delhi,Delhi,0,desktop,0,1,1.69,0
T13742,M139,2026-08-19T16:55:05.782728,1388.35,16,0,Kolkata,Delhi,1,tablet,0,1,0.93,0
T13743,M128,2026-08-29T00:58:45.782736,13256.03,0,1,Pune,Jaipur,1,mobile,0,1,0.66,0
T13744,M123,2026-07-25T21:44:08.782749,5520.03,21,1,Chennai,Mumbai,1,mobile,0,2,0.69,0
T13745,M123,2026-08-20T18:53:01.782765,7464.32,18,0,Pune,Jaipur,1,mobile,1,1,0.93,0
T13746,M121,2026-09-03T12:17:30.782780,46026.66,12,0,Ahmedabad,Pune,1,mobile,0,3,2.3,0
T13747,M137,2026-08-25T07:11:39.782798,1871.59,7,1,Ahmedabad,Hyderabad,1,desktop,0,1,0.62,0
T13748,M108,2026-08-09T09:02:59.782818,1894.04,9,1,Ahmedabad,Ahmedabad,0,desktop,1,1,1.26,0
T13749,M116,2026-08-30T13:15:14.782827,4697.8,13,0,Mumbai,Chennai,1,desktop,0,1,1.57,0
T13750,M124,2026-08-19T13:55:03.782835,265.6,13,0,Chennai,Jaipur,1,desktop,0,1,0.53,0
T13751,M123,2026-08-30T22:34:42.782843,7233.82,22,1,Ahmedabad,Bhubaneswar,1,mobile,0,2,0.9,0
T13752,M118,2026-08-23T16:51:42.782851,513.73,16,0,Delhi,Mumbai,1,desktop,0,1,1.03,0
T13753,M122,2026-08-27T11:38:19.782860,461.47,11,0,Kolkata,Mumbai,1,mobile,0,2,0.92,0
T13754,M139,2026-09-02T11:17:17.782867,1924.14,11,0,Chennai,Ahmedabad,1,mobile,0,1,1.28,0
T13755,M123,2026-08-24T10:34:33.782875,7803.78,10,0,Delhi,Ahmedabad,1,desktop,0,1,0.98,0
T13756,M113,2026-07-29T09:14:14.782883,11983.1,9,0,Bhubaneswar,Chennai,1,mobile,0,1,0.6,0
T13757,M116,2026-08-04T23:23:14.782893,4252.95,23,1,Ahmedabad,Jaipur,1,tablet,0,1,1.42,0
T13758,M105,2026-08-30T03:58:25.782901,26355.55,3,0,Kolkata,Chennai,1,desktop,0,3,1.32,0
T13759,M122,2026-08-26T12:28:17.782909,284.64,12,0,Ahmedabad,Jaipur,1,mobile,0,1,0.57,0
T13760,M131,2026-08-26T10:34:46.782917,712.56,10,0,Bengaluru,Ahmedabad,1,tablet,0,1,1.43,0
T13761,M117,2026-09-04T18:58:47.782926,4205.77,18,0,Hyderabad,Kolkata,1,tablet,0,3,2.8,0
T13762,M126,2026-09-05T13:29:22.782936,3758.02,13,0,Chennai,Mumbai,1,desktop,0,2,1.25,0
T13763,M106,2026-07-26T21:54:09.782946,211.55,21,0,Kolkata,Hyderabad,1,tablet,0,1,0.42,0
T13764,M100,2026-07-29T14:05:06.782954,404.3,14,0,Bhubaneswar,Bengaluru,1,mobile,0,1,0.81,0
T13765,M121,2026-08-20T12:28:35.782972,6058.38,12,0,Jaipur,Bengaluru,1,desktop,1,2,0.3,0
T13766,M117,2026-07-31T20:29:53.782979,1611.81,20,0,Hyderabad,Hyderabad,0,tablet,0,8,1.07,0
T13767,M108,2026-08-26T17:21:41.782990,1896.73,17,0,Hyderabad,Bhubaneswar,1,desktop,0,2,1.26,0
T13768,M122,2026-07-28T19:15:11.782997,4218.95,19,1,Bengaluru,Delhi,1,desktop,0,1,8.44,1
T13769,M133,2026-08-10T16:47:02.783007,3166.84,16,0,Bhubaneswar,Kolkata,1,desktop,0,1,1.06,0
T13770,M122,2026-08-15T02:50:57.783015,504.56,2,1,Mumbai,Jaipur,1,tablet,0,1,1.01,0
T13771,M101,2026-08-24T06:53:26.783023,6171.63,6,1,Pune,Mumbai,1,desktop,0,1,2.06,0
T13772,M114,2026-07-28T02:39:30.783031,773.64,2,1,Chennai,Delhi,1,tablet,0,1,1.55,1
T13773,M110,2026-08-25T05:08:30.783039,18785.01,5,1,Pune,Bhubaneswar,1,tablet,0,2,0.94,0
T13774,M126,2026-08-18T09:44:05.783047,2994.24,9,1,Bengaluru,Bengaluru,0,mobile,0,1,1.0,0
T13775,M110,2026-08-28T13:18:42.783055,19822.11,13,0,Bhubaneswar,Chennai,1,desktop,0,1,0.99,0
T13776,M120,2026-08-19T16:10:17.783064,2714.83,16,0,Delhi,Pune,1,tablet,1,3,0.9,0
T13777,M129,2026-08-09T00:29:16.783073,528.7,0,1,Pune,Ahmedabad,1,tablet,0,1,1.06,0
T13778,M135,2026-08-17T12:22:19.783082,927.63,12,0,Bhubaneswar,Chennai,1,mobile,0,1,0.31,0
T13779,M117,2026-07-28T21:39:55.783090,1244.83,21,0,Mumbai,Mumbai,0,desktop,0,1,0.83,0
T13780,M122,2026-08-17T00:36:14.783097,429.76,0,1,Jaipur,Pune,1,mobile,0,1,0.86,0
T13781,M121,2026-07-25T02:00:29.783106,11228.16,2,0,Ahmedabad,Bengaluru,1,mobile,0,1,0.56,0
T13782,M108,2026-08-13T14:37:38.783114,1777.83,14,0,Jaipur,Delhi,1,desktop,0,2,1.19,0
T13783,M114,2026-08-23T14:37:14.783122,690.49,14,0,Pune,Mumbai,1,tablet,0,4,1.38,0
T13784,M106,2026-08-15T15:11:20.783130,611.14,15,0,Chennai,Bhubaneswar,1,mobile,1,3,1.22,0
T13785,M124,2026-08-13T19:04:38.783139,391.27,19,0,Mumbai,Ahmedabad,1,tablet,0,3,0.78,0
T13786,M126,2026-08-19T08:29:16.783148,731.2,8,1,Pune,Jaipur,1,desktop,0,1,0.24,1
T13787,M105,2026-07-25T15:24:54.783158,18977.48,15,0,Kolkata,Ahmedabad,1,tablet,0,1,0.95,0
T13788,M132,2026-08-13T17:17:27.783167,293.97,17,0,Bhubaneswar,Pune,1,mobile,0,1,0.59,0
T13789,M117,2026-08-19T21:42:47.783175,883.34,21,0,Delhi,Kolkata,1,tablet,0,1,0.59,0
T13790,M109,2026-09-05T23:01:12.783182,37839.21,23,1,Ahmedabad,Jaipur,1,mobile,0,1,1.89,0
T13791,M137,2026-08-01T17:52:21.783190,893.32,17,0,Delhi,Jaipur,1,desktop,0,1,0.3,0
T13792,M127,2026-09-04T16:18:01.783198,16525.68,16,0,Hyderabad,Bengaluru,1,desktop,1,4,0.83,1
T13793,M107,2026-07-29T20:03:27.783207,247.64,20,0,Ahmedabad,Bengaluru,1,mobile,0,1,0.5,0
T13794,M121,2026-08-14T05:12:58.783215,11437.83,5,0,Bhubaneswar,Delhi,1,desktop,0,1,0.57,0
T13795,M124,2026-08-10T11:17:53.783223,1348.24,11,0,Mumbai,Pune,1,desktop,0,2,2.7,0
T13796,M102,2026-08-25T20:46:36.783231,1643.85,20,0,Chennai,Delhi,1,mobile,0,2,1.1,0
T13797,M108,2026-08-20T13:13:37.783252,1456.96,13,0,Kolkata,Jaipur,1,desktop,0,1,0.97,0
T13798,M128,2026-09-03T00:27:48.783261,18389.55,0,1,Ahmedabad,Mumbai,1,desktop,0,1,0.92,1
T13799,M106,2026-09-01T08:38:37.783269,288.02,8,1,Hyderabad,Hyderabad,0,desktop,0,1,0.58,0
T13800,M137,2026-07-26T20:14:36.783279,2774.23,20,1,Chennai,Hyderabad,1,desktop,0,1,0.92,0
T13801,M124,2026-08-03T13:30:40.783311,208.45,13,0,Ahmedabad,Kolkata,1,mobile,1,3,0.42,1
T13802,M131,2026-08-30T19:51:24.783319,492.96,19,0,Pune,Jaipur,1,desktop,0,1,0.99,0
T13803,M134,2026-08-27T03:49:32.783328,3127.12,3,1,Delhi,Chennai,1,mobile,0,1,1.04,0
T13804,M104,2026-08-04T03:52:40.783336,30092.71,3,1,Ahmedabad,Bengaluru,1,desktop,0,1,1.5,0
T13805,M105,2026-08-22T17:17:24.783344,28224.88,17,0,Hyderabad,Hyderabad,0,tablet,0,3,1.41,0
T13806,M110,2026-07-28T22:43:27.783353,134703.12,22,1,Delhi,Hyderabad,1,mobile,0,1,6.74,1
T13807,M132,2026-08-04T13:03:10.783364,822.9,13,0,Pune,Kolkata,1,desktop,0,3,1.65,0
T13808,M117,2026-07-28T08:29:55.783375,1433.05,8,0,Kolkata,Mumbai,1,desktop,0,1,0.96,0
T13809,M136,2026-07-27T02:16:18.783387,832.61,2,1,Kolkata,Chennai,1,desktop,0,1,0.56,1
T13810,M128,2026-08-28T11:45:06.783396,27327.29,11,0,Kolkata,Kolkata,0,desktop,0,3,1.37,0
T13811,M135,2026-08-09T02:49:42.783404,442.03,2,0,Jaipur,Pune,1,tablet,0,1,0.15,0
T13812,M120,2026-09-05T23:20:11.783421,3553.5,23,0,Bhubaneswar,Bhubaneswar,0,tablet,0,1,1.18,0
T13813,M132,2026-08-15T15:57:14.783430,713.35,15,0,Ahmedabad,Pune,1,desktop,0,2,1.43,0
T13814,M104,2026-08-25T08:08:31.783438,194384.88,8,1,Bengaluru,Bhubaneswar,1,tablet,0,1,9.72,1
T13815,M127,2026-08-30T02:32:00.783447,12791.47,2,0,Mumbai,Mumbai,0,desktop,0,2,0.64,0
T13816,M127,2026-08-01T19:20:39.783455,14812.19,19,0,Delhi,Chennai,1,mobile,0,1,0.74,0
T13817,M136,2026-08-31T20:03:21.783464,1272.67,20,1,Hyderabad,Mumbai,1,mobile,0,1,0.85,0
T13818,M116,2026-08-24T10:45:24.783472,4110.92,10,0,Pune,Pune,0,tablet,0,1,1.37,0
T13819,M122,2026-07-30T10:37:00.783480,525.11,10,0,Delhi,Pune,1,mobile,0,1,1.05,0
T13820,M116,2026-08-08T19:26:03.783488,144.31,19,0,Delhi,Ahmedabad,1,tablet,0,3,0.05,0
T13821,M105,2026-08-23T20:56:48.783496,25554.03,20,0,Pune,Kolkata,1,desktop,0,3,1.28,0
T13822,M113,2026-08-31T05:03:17.783504,26829.01,5,0,Jaipur,Kolkata,1,tablet,0,1,1.34,0
T13823,M109,2026-08-07T20:48:24.783512,9383.04,20,0,Kolkata,Mumbai,1,tablet,0,1,0.47,0
T13824,M107,2026-08-29T14:38:22.783520,642.89,14,0,Kolkata,Bhubaneswar,1,desktop,0,1,1.29,0
T13825,M137,2026-08-01T12:04:14.783528,1242.36,12,0,Jaipur,Chennai,1,mobile,1,1,0.41,0
T13826,M131,2026-08-20T15:01:50.783536,294.12,15,0,Bhubaneswar,Mumbai,1,mobile,0,2,0.59,0
T13827,M131,2026-08-31T11:14:06.783546,556.22,11,0,Mumbai,Bhubaneswar,1,desktop,0,3,1.11,0
T13828,M100,2026-08-01T02:41:15.783554,215.31,2,1,Bengaluru,Delhi,1,desktop,0,1,0.43,0
T13829,M122,2026-08-27T11:29:16.783562,426.85,11,0,Bengaluru,Chennai,1,tablet,0,1,0.85,0
T13830,M106,2026-08-10T22:58:56.783570,394.0,22,1,Hyderabad,Bhubaneswar,1,mobile,0,5,0.79,1
T13831,M118,2026-08-01T03:32:50.783578,675.24,3,1,Kolkata,Bengaluru,1,desktop,0,1,1.35,1
T13832,M100,2026-08-03T09:36:55.783587,720.47,9,0,Bhubaneswar,Jaipur,1,desktop,0,1,1.44,0
T13833,M109,2026-09-03T21:54:14.783595,23091.0,21,0,Chennai,Hyderabad,1,desktop,0,1,1.15,0
T13834,M138,2026-08-02T07:12:54.783603,488.19,7,1,Mumbai,Bhubaneswar,1,tablet,0,4,0.98,1
T13835,M101,2026-07-29T18:34:42.783611,2099.41,18,0,Mumbai,Chennai,1,mobile,1,1,0.7,0
T13836,M130,2026-07-27T15:52:21.783619,1319.86,15,0,Hyderabad,Bengaluru,1,desktop,0,1,0.88,0
T13837,M122,2026-08-08T15:35:45.783629,391.94,15,0,Kolkata,Delhi,1,desktop,0,1,0.78,0
T13838,M121,2026-08-07T13:11:55.783637,13268.08,13,0,Delhi,Bengaluru,1,desktop,0,1,0.66,0
T13839,M115,2026-08-20T03:39:46.783645,14803.07,3,0,Bhubaneswar,Bengaluru,1,tablet,0,1,1.85,0
T13840,M108,2026-07-26T08:09:38.783652,708.84,8,1,Chennai,Hyderabad,1,tablet,0,1,0.47,0
T13841,M139,2026-09-02T11:34:19.783661,2652.5,11,0,Bhubaneswar,Pune,1,tablet,0,1,1.77,0
T13842,M112,2026-08-02T10:32:51.783668,1182.72,10,0,Bengaluru,Bhubaneswar,1,tablet,0,3,0.79,0
T13843,M138,2026-07-28T07:32:32.783676,137.19,7,1,Ahmedabad,Pune,1,tablet,0,1,0.27,0
T13844,M129,2026-08-24T10:01:36.783685,927.61,10,0,Delhi,Delhi,0,desktop,0,4,1.86,0
T13845,M125,2026-09-02T13:32:56.783693,265.22,13,0,Pune,Bhubaneswar,1,mobile,0,1,0.53,0
T13846,M112,2026-08-11T02:41:47.783700,1496.89,2,0,Chennai,Hyderabad,1,mobile,0,2,1.0,0
T13847,M137,2026-07-27T12:02:30.783710,3836.24,12,0,Bengaluru,Mumbai,1,tablet,0,1,1.28,0
T13848,M128,2026-08-11T07:28:21.783718,18812.08,7,1,Jaipur,Mumbai,1,tablet,1,1,0.94,1
T13849,M134,2026-08-07T12:10:11.783726,2131.24,12,0,Delhi,Mumbai,1,tablet,0,3,0.71,0
T13850,M113,2026-07-24T21:48:42.783735,30610.98,21,0,Kolkata,Hyderabad,1,tablet,0,5,1.53,0
T13851,M127,2026-08-23T07:43:56.783743,20953.6,7,0,Ahmedabad,Pune,1,desktop,0,1,1.05,0
T13852,M110,2026-08-18T19:47:19.783773,8740.18,19,0,Hyderabad,Chennai,1,desktop,0,2,0.44,0
T13853,M118,2026-08-31T19:13:19.783781,68.1,19,0,Kolkata,Jaipur,1,desktop,0,4,0.14,0
T13854,M126,2026-08-27T15:57:31.783790,3185.87,15,0,Hyderabad,Pune,1,mobile,0,2,1.06,0
T13855,M131,2026-08-11T05:02:14.783798,596.78,5,1,Kolkata,Pune,1,tablet,0,2,1.19,0
T13856,M120,2026-08-30T07:07:55.783806,2701.85,7,0,Hyderabad,Hyderabad,0,desktop,0,2,0.9,0
T13857,M125,2026-08-27T18:11:29.783817,530.73,18,0,Chennai,Bengaluru,1,mobile,0,1,1.06,0
T13858,M108,2026-08-07T19:41:47.783825,1893.88,19,1,Bhubaneswar,Pune,1,tablet,0,1,1.26,0
T13859,M125,2026-08-12T01:13:39.783833,2128.87,1,1,Bengaluru,Kolkata,1,desktop,0,1,4.26,1
T13860,M102,2026-08-18T10:54:52.783842,2436.99,10,0,Bhubaneswar,Jaipur,1,mobile,0,1,1.62,0
T13861,M109,2026-08-07T02:36:14.783852,26612.67,2,1,Hyderabad,Bhubaneswar,1,mobile,0,1,1.33,0
T13862,M119,2026-08-19T13:17:42.783860,6654.45,13,0,Ahmedabad,Kolkata,1,tablet,0,1,0.83,0
T13863,M138,2026-07-25T15:13:17.783869,565.98,15,0,Ahmedabad,Jaipur,1,mobile,0,1,1.13,0
T13864,M125,2026-08-14T05:18:02.783877,482.99,5,1,Ahmedabad,Jaipur,1,mobile,0,1,0.97,1
T13865,M124,2026-08-21T11:39:57.783886,459.28,11,0,Jaipur,Hyderabad,1,desktop,0,3,0.92,0
T13866,M136,2026-08-22T18:12:36.783894,1236.12,18,0,Pune,Mumbai,1,tablet,0,1,0.82,0
T13867,M127,2026-07-31T00:14:02.783903,29002.61,0,0,Bengaluru,Kolkata,1,desktop,1,1,1.45,0
T13868,M109,2026-08-07T21:14:31.783911,6091.68,21,0,Chennai,Kolkata,1,tablet,0,2,0.3,0
T13869,M103,2026-08-27T07:34:48.783920,618.01,7,1,Ahmedabad,Bengaluru,1,mobile,0,2,1.24,0
T13870,M116,2026-09-03T11:31:36.783928,3916.0,11,0,Mumbai,Pune,1,mobile,0,4,1.31,0
T13871,M124,2026-07-27T05:05:08.783936,352.62,5,0,Kolkata,Jaipur,1,desktop,0,1,0.71,0
T13872,M133,2026-08-25T17:59:46.783944,1658.69,17,0,Bengaluru,Chennai,1,desktop,1,1,0.55,0
T13873,M115,2026-08-25T00:16:05.783952,7507.5,0,0,Bhubaneswar,Pune,1,mobile,0,1,0.94,0
T13874,M126,2026-08-30T19:52:11.783960,4522.58,19,1,Jaipur,Jaipur,0,mobile,0,1,1.51,0
T13875,M115,2026-08-18T10:08:11.783969,68564.86,10,0,Hyderabad,Chennai,1,desktop,0,1,8.57,0
T13876,M113,2026-08-15T23:18:16.783979,30612.86,23,0,Bhubaneswar,Jaipur,1,mobile,0,1,1.53,0
T13877,M101,2026-07-26T17:15:13.783989,2650.0,17,0,Delhi,Jaipur,1,desktop,0,1,0.88,0
T13878,M137,2026-07-27T19:36:59.783997,2450.72,19,1,Hyderabad,Kolkata,1,tablet,0,2,0.82,0
T13879,M100,2026-08-20T19:26:56.784006,605.41,19,0,Delhi,Bengaluru,1,desktop,0,1,1.21,0
T13880,M127,2026-08-15T11:35:31.784015,25817.19,11,0,Pune,Bhubaneswar,1,mobile,1,3,1.29,0
T13881,M129,2026-08-15T13:58:54.784024,849.84,13,0,Kolkata,Bhubaneswar,1,tablet,0,1,1.7,0
T13882,M106,2026-08-23T20:16:47.784032,50,20,0,Ahmedabad,Kolkata,1,desktop,1,2,0.1,0
T13883,M111,2026-08-06T06:21:53.784040,6293.01,6,0,Jaipur,Hyderabad,1,desktop,0,8,0.31,0
T13884,M130,2026-07-28T12:18:28.784048,1337.51,12,0,Ahmedabad,Chennai,1,desktop,0,1,0.89,0
T13885,M103,2026-09-04T13:56:24.784056,555.74,13,0,Jaipur,Ahmedabad,1,mobile,0,1,1.11,0
T13886,M102,2026-09-01T22:51:31.784064,1494.74,22,1,Jaipur,Mumbai,1,tablet,0,4,1.0,1
T13887,M136,2026-08-23T03:12:58.784074,1685.26,3,1,Hyderabad,Bengaluru,1,mobile,0,1,1.12,0
T13888,M138,2026-09-03T05:55:47.784083,469.01,5,1,Jaipur,Hyderabad,1,mobile,0,1,0.94,0
T13889,M128,2026-08-10T15:38:08.784091,15147.69,15,0,Bengaluru,Mumbai,1,mobile,0,1,0.76,0
T13890,M136,2026-08-08T19:17:41.784099,1444.74,19,1,Hyderabad,Bengaluru,1,desktop,0,1,0.96,0
T13891,M105,2026-08-11T10:52:20.784107,15242.45,10,0,Delhi,Delhi,0,desktop,0,5,0.76,0
T13892,M134,2026-08-11T23:09:21.784115,16196.54,23,1,Pune,Hyderabad,1,tablet,0,1,5.4,0
T13893,M128,2026-08-03T08:16:07.784124,278.44,8,1,Bengaluru,Bengaluru,0,mobile,0,1,0.01,0
T13894,M121,2026-08-02T02:58:17.784132,18902.18,2,0,Mumbai,Pune,1,mobile,0,1,0.95,0
T13895,M103,2026-08-24T06:16:55.784140,466.52,6,1,Ahmedabad,Pune,1,desktop,0,1,0.93,0
T13896,M135,2026-08-06T03:05:17.784148,1812.06,3,0,Ahmedabad,Jaipur,1,desktop,0,1,0.6,0
T13897,M100,2026-08-19T03:14:11.784157,620.71,3,1,Hyderabad,Mumbai,1,tablet,0,1,1.24,0
T13898,M102,2026-08-08T11:37:43.784165,1899.03,11,0,Mumbai,Delhi,1,desktop,0,3,1.27,0
T13899,M138,2026-08-13T11:34:20.784173,441.21,11,0,Bengaluru,Jaipur,1,mobile,0,1,0.88,0
T13900,M115,2026-07-29T07:46:08.784181,9525.89,7,0,Delhi,Hyderabad,1,desktop,1,1,1.19,0
T13901,M134,2026-07-24T11:57:26.784191,3039.19,11,0,Bhubaneswar,Bhubaneswar,0,mobile,0,1,1.01,0
T13902,M120,2026-07-26T02:37:01.784198,4235.38,2,0,Chennai,Ahmedabad,1,mobile,0,2,1.41,0
T13903,M117,2026-08-18T05:50:30.784207,1772.58,5,0,Ahmedabad,Bhubaneswar,1,desktop,0,3,1.18,0
T13904,M105,2026-07-30T22:19:24.784215,31049.01,22,0,Mumbai,Ahmedabad,1,tablet,0,1,1.55,0
T13905,M134,2026-08-25T05:34:47.784223,1701.61,5,1,Hyderabad,Jaipur,1,tablet,0,1,0.57,1
T13906,M106,2026-08-28T13:10:57.784230,651.97,13,0,Kolkata,Ahmedabad,1,tablet,0,1,1.3,0
T13907,M137,2026-09-02T18:22:07.784240,2696.3,18,0,Chennai,Bhubaneswar,1,desktop,0,2,0.9,0
T13908,M109,2026-08-30T08:23:21.784248,26942.99,8,1,Ahmedabad,Ahmedabad,0,mobile,0,1,1.35,0
T13909,M100,2026-08-04T04:54:53.784256,617.26,4,1,Pune,Hyderabad,1,desktop,1,1,1.23,1
T13910,M108,2026-08-07T15:39:02.784266,2127.12,15,0,Pune,Bhubaneswar,1,tablet,0,1,1.42,0
T13911,M135,2026-08-15T00:24:04.784275,1522.81,0,0,Pune,Jaipur,1,desktop,0,1,0.51,0
T13912,M138,2026-09-03T12:53:19.784283,632.23,12,0,Ahmedabad,Mumbai,1,mobile,0,2,1.26,0
T13913,M139,2026-08-03T18:32:27.784291,1370.03,18,0,Kolkata,Kolkata,0,mobile,0,2,0.91,0
T13914,M124,2026-08-05T21:13:33.784299,346.04,21,0,Hyderabad,Bhubaneswar,1,tablet,0,1,0.69,0
T13915,M122,2026-07-29T08:16:31.784307,466.89,8,1,Bhubaneswar,Delhi,1,tablet,0,2,0.93,0
T13916,M110,2026-08-30T07:05:28.784315,28911.43,7,1,Hyderabad,Hyderabad,0,desktop,1,3,1.45,1
T13917,M103,2026-09-02T08:34:05.784327,459.26,8,1,Kolkata,Hyderabad,1,mobile,0,1,0.92,0
T13918,M108,2026-07-27T10:49:54.784335,853.38,10,0,Pune,Bengaluru,1,desktop,0,1,0.57,0
T13919,M135,2026-08-12T08:39:28.784343,4303.03,8,0,Hyderabad,Hyderabad,0,desktop,0,1,1.43,0
T13920,M123,2026-08-30T18:57:00.784351,6905.56,18,0,Chennai,Hyderabad,1,desktop,1,3,0.86,0
T13921,M106,2026-08-14T16:06:51.784359,178.83,16,0,Bhubaneswar,Chennai,1,desktop,0,8,0.36,0
T13922,M110,2026-08-29T03:26:59.784367,24357.15,3,1,Chennai,Bengaluru,1,tablet,0,2,1.22,0
T13923,M123,2026-07-26T14:42:31.784375,3825.88,14,0,Delhi,Delhi,0,desktop,0,1,0.48,0
T13924,M116,2026-08-24T01:29:12.784385,2428.93,1,1,Jaipur,Ahmedabad,1,mobile,0,1,0.81,0
T13925,M139,2026-08-22T00:11:46.784393,1744.19,0,1,Ahmedabad,Pune,1,tablet,0,1,1.16,0
T13926,M100,2026-07-25T23:03:03.784401,144.69,23,1,Delhi,Jaipur,1,mobile,0,3,0.29,0
T13927,M115,2026-07-25T08:33:32.784411,9281.32,8,0,Ahmedabad,Jaipur,1,mobile,0,1,1.16,0
T13928,M101,2026-08-27T03:34:30.784419,2340.27,3,1,Chennai,Hyderabad,1,tablet,0,1,0.78,0
T13929,M124,2026-07-31T03:31:25.784427,497.81,3,0,Mumbai,Delhi,1,desktop,0,1,1.0,0
T13930,M137,2026-08-10T21:18:59.784435,3209.44,21,1,Bhubaneswar,Kolkata,1,mobile,1,2,1.07,1
T13931,M109,2026-08-30T18:40:43.784443,21219.07,18,0,Delhi,Jaipur,1,desktop,0,1,1.06,0
T13932,M121,2026-07-23T10:13:56.784450,6139.02,10,0,Delhi,Pune,1,tablet,0,1,0.31,0
T13933,M100,2026-07-29T17:30:20.784458,677.27,17,0,Hyderabad,Delhi,1,desktop,1,1,1.35,0
T13934,M111,2026-09-05T04:27:05.784466,24777.34,4,0,Bhubaneswar,Jaipur,1,desktop,1,2,1.24,0
T13935,M114,2026-08-23T00:08:22.784474,487.08,0,1,Bengaluru,Mumbai,1,tablet,0,1,0.97,0
T13936,M139,2026-08-18T14:15:41.784482,1337.31,14,0,Bhubaneswar,Kolkata,1,desktop,0,1,0.89,0
T13937,M128,2026-08-16T12:27:52.784492,27404.52,12,0,Bengaluru,Mumbai,1,mobile,0,1,1.37,0
T13938,M117,2026-07-29T14:44:05.784500,1495.35,14,0,Ahmedabad,Bengaluru,1,mobile,0,2,1.0,0
T13939,M122,2026-08-20T02:10:07.784510,533.36,2,1,Jaipur,Pune,1,tablet,1,1,1.07,1
T13940,M120,2026-08-24T00:24:14.784518,1736.06,0,0,Ahmedabad,Bhubaneswar,1,tablet,0,1,0.58,0
T13941,M131,2026-08-15T04:32:51.784526,539.45,4,1,Bhubaneswar,Jaipur,1,mobile,0,1,1.08,0
T13942,M106,2026-07-24T22:49:27.784534,404.55,22,1,Jaipur,Delhi,1,desktop,0,1,0.81,0
T13943,M136,2026-07-25T16:39:57.784542,1808.92,16,0,Pune,Kolkata,1,tablet,0,1,1.21,0
T13944,M135,2026-08-22T16:55:04.784550,1567.01,16,0,Mumbai,Bhubaneswar,1,desktop,0,1,0.52,0
T13945,M125,2026-07-23T19:42:45.784558,651.96,19,1,Pune,Delhi,1,mobile,0,1,1.3,0
T13946,M124,2026-07-31T00:15:56.784566,398.7,0,0,Chennai,Delhi,1,tablet,0,1,0.8,0
T13947,M122,2026-08-20T06:22:39.784576,332.84,6,1,Jaipur,Pune,1,tablet,0,1,0.67,0
T13948,M121,2026-07-30T15:16:28.784584,23613.54,15,0,Ahmedabad,Bhubaneswar,1,desktop,0,1,1.18,0
T13949,M123,2026-08-29T12:55:27.784592,3654.2,12,0,Ahmedabad,Hyderabad,1,desktop,0,3,0.46,0
T13950,M122,2026-08-27T07:18:22.784600,601.78,7,1,Bengaluru,Pune,1,tablet,0,1,1.2,0
T13951,M137,2026-09-02T01:06:51.784608,2666.68,1,1,Delhi,Ahmedabad,1,desktop,1,2,0.89,1
T13952,M137,2026-08-28T11:22:36.784618,2505.9,11,0,Kolkata,Pune,1,mobile,0,1,0.84,0
T13953,M137,2026-08-19T08:36:15.784626,2442.83,8,1,Bengaluru,Mumbai,1,mobile,0,1,0.81,0
T13954,M100,2026-07-25T20:21:54.784634,186.23,20,0,Delhi,Bengaluru,1,desktop,0,1,0.37,0
T13955,M120,2026-08-02T17:43:18.784642,2250.91,17,0,Jaipur,Pune,1,mobile,0,2,0.75,0
T13956,M130,2026-08-10T04:50:30.784650,1350.57,4,0,Kolkata,Delhi,1,desktop,0,1,0.9,0
T13957,M117,2026-07-25T21:10:54.784659,980.37,21,0,Bengaluru,Mumbai,1,desktop,0,2,0.65,0
T13958,M104,2026-07-26T08:07:48.784667,10742.4,8,1,Ahmedabad,Bengaluru,1,tablet,0,1,0.54,0
T13959,M138,2026-09-04T08:20:19.784675,460.04,8,1,Hyderabad,Jaipur,1,mobile,0,1,0.92,0
T13960,M130,2026-07-27T02:51:56.784683,9706.61,2,0,Hyderabad,Mumbai,1,tablet,0,2,6.47,0
T13961,M119,2026-08-04T02:50:21.784692,2545.72,2,1,Kolkata,Mumbai,1,tablet,0,1,0.32,0
T13962,M112,2026-07-27T05:21:03.784700,1726.54,5,0,Bengaluru,Delhi,1,mobile,1,1,1.15,0
T13963,M126,2026-08-16T04:47:36.784708,5597.82,4,1,Ahmedabad,Ahmedabad,0,mobile,0,3,1.87,0
T13964,M124,2026-08-07T02:19:05.784716,394.99,2,0,Mumbai,Hyderabad,1,desktop,0,3,0.79,0
T13965,M116,2026-08-01T19:11:47.784724,3790.74,19,0,Delhi,Delhi,0,mobile,0,1,1.26,0
T13966,M123,2026-08-01T23:08:08.784732,8095.53,23,1,Bengaluru,Hyderabad,1,tablet,0,1,1.01,1
T13967,M113,2026-08-09T17:18:58.784741,22533.07,17,0,Delhi,Chennai,1,tablet,0,1,1.13,0
T13968,M129,2026-07-24T02:24:29.784749,594.38,2,1,Kolkata,Mumbai,1,desktop,0,1,1.19,0
T13969,M107,2026-08-28T05:21:38.784758,618.95,5,1,Chennai,Jaipur,1,desktop,0,1,1.24,1
T13970,M126,2026-08-05T20:36:19.784765,2169.41,20,1,Bengaluru,Ahmedabad,1,tablet,1,3,0.72,1
T13971,M103,2026-07-31T10:49:59.784774,442.67,10,0,Mumbai,Kolkata,1,tablet,0,1,0.89,0
T13972,M110,2026-08-24T08:33:26.784781,25640.15,8,1,Pune,Jaipur,1,tablet,0,1,1.28,0
T13973,M123,2026-08-18T12:10:00.784789,8483.15,12,0,Chennai,Jaipur,1,tablet,0,1,1.06,0
T13974,M137,2026-08-06T13:30:25.784797,3545.43,13,0,Pune,Bhubaneswar,1,tablet,0,1,1.18,0
T13975,M120,2026-09-01T14:03:22.784805,2010.1,14,0,Chennai,Chennai,0,desktop,0,1,0.67,0
T13976,M137,2026-07-23T06:40:47.784813,3457.39,6,1,Chennai,Bengaluru,1,tablet,0,1,1.15,0
T13977,M116,2026-08-15T23:00:51.784823,3087.77,23,1,Delhi,Jaipur,1,tablet,0,1,1.03,0
T13978,M102,2026-07-29T01:21:35.784831,1898.06,1,1,Mumbai,Bhubaneswar,1,tablet,0,2,1.27,0
T13979,M121,2026-09-04T20:41:02.784839,65589.03,20,0,Jaipur,Mumbai,1,mobile,0,2,3.28,0
T13980,M130,2026-09-04T16:44:09.784848,1227.18,16,0,Chennai,Kolkata,1,mobile,0,1,0.82,0
T13981,M119,2026-07-23T14:27:11.784856,2168.09,14,0,Bhubaneswar,Bhubaneswar,0,mobile,0,2,0.27,0
T13982,M117,2026-08-08T23:38:17.784864,353.19,23,0,Chennai,Bengaluru,1,tablet,1,1,0.24,0
T13983,M108,2026-08-28T21:35:28.784872,1634.41,21,1,Kolkata,Ahmedabad,1,tablet,0,3,1.09,0
T13984,M122,2026-08-25T00:07:18.784880,912.89,0,1,Jaipur,Delhi,1,desktop,0,1,1.83,0
T13985,M123,2026-09-01T13:38:12.784888,10249.3,13,0,Kolkata,Delhi,1,desktop,1,1,1.28,1
T13986,M102,2026-08-19T10:51:25.784896,1592.16,10,0,Chennai,Kolkata,1,tablet,0,1,1.06,0
T13987,M107,2026-08-25T18:14:08.784906,965.59,18,0,Delhi,Hyderabad,1,mobile,0,1,1.93,0
T13988,M108,2026-08-04T15:39:10.784915,2654.2,15,0,Pune,Kolkata,1,tablet,0,1,1.77,0
T13989,M109,2026-08-23T02:53:51.784923,9724.09,2,1,Bhubaneswar,Ahmedabad,1,tablet,0,3,0.49,1
T13990,M124,2026-08-20T03:14:20.784931,330.32,3,0,Jaipur,Bhubaneswar,1,desktop,0,2,0.66,0
T13991,M114,2026-07-25T19:54:18.784939,514.87,19,0,Ahmedabad,Mumbai,1,desktop,0,2,1.03,0
T13992,M111,2026-07-31T18:01:02.784947,21097.19,18,0,Kolkata,Chennai,1,mobile,1,1,1.05,0
T13993,M118,2026-08-11T16:05:10.784955,134.38,16,0,Mumbai,Delhi,1,desktop,1,1,0.27,0
T13994,M105,2026-08-19T16:40:35.784964,27275.91,16,0,Mumbai,Jaipur,1,desktop,0,1,1.36,0
T13995,M126,2026-08-30T06:01:21.784973,874.41,6,1,Hyderabad,Mumbai,1,desktop,0,1,0.29,0
T13996,M122,2026-08-15T19:04:41.784981,308.61,19,1,Bengaluru,Bhubaneswar,1,tablet,0,1,0.62,0
T13997,M100,2026-09-01T16:15:09.784991,555.9,16,0,Mumbai,Hyderabad,1,tablet,0,1,1.11,0
T13998,M108,2026-08-06T23:16:22.784999,1539.54,23,1,Kolkata,Hyderabad,1,tablet,0,2,1.03,0
T13999,M121,2026-09-01T17:22:02.785007,15079.8,17,0,Delhi,Jaipur,1,tablet,0,1,0.75,0
T14000,M134,2026-07-23T03:39:05.785015,2507.99,3,1,Bhubaneswar,Pune,1,tablet,0,1,0.84,0
T14001,M104,2026-08-19T06:47:22.785023,12187.97,6,1,Delhi,Delhi,0,mobile,0,1,0.61,0
T14002,M129,2026-08-15T12:11:52.785033,513.83,12,0,Kolkata,Kolkata,0,desktop,0,1,1.03,0
T14003,M139,2026-08-06T17:39:27.785042,1357.79,17,0,Jaipur,Delhi,1,tablet,0,1,0.91,0
T14004,M137,2026-08-17T00:18:34.785053,2967.97,0,1,Ahmedabad,Bhubaneswar,1,mobile,0,2,0.99,0
T14005,M101,2026-09-01T09:51:09.785062,3168.57,9,0,Pune,Hyderabad,1,desktop,0,1,1.06,0
T14006,M112,2026-07-30T12:44:17.785070,1258.17,12,0,Ahmedabad,Pune,1,desktop,0,1,0.84,0
T14007,M103,2026-08-31T11:21:12.785080,181.95,11,0,Hyderabad,Mumbai,1,desktop,0,1,0.36,0
T14008,M104,2026-07-29T02:22:10.785088,15826.7,2,1,Chennai,Bhubaneswar,1,desktop,0,2,0.79,0
T14009,M110,2026-08-30T19:04:41.785096,6873.37,19,0,Jaipur,Hyderabad,1,tablet,0,1,0.34,0
T14010,M104,2026-08-07T21:57:17.785104,27719.79,21,0,Kolkata,Chennai,1,tablet,0,1,1.39,0
T14011,M122,2026-08-13T08:58:37.785112,683.08,8,1,Pune,Bengaluru,1,tablet,0,3,1.37,0
T14012,M124,2026-07-28T06:14:09.785120,655.96,6,0,Bhubaneswar,Mumbai,1,mobile,0,1,1.31,0
T14013,M118,2026-08-01T04:49:49.785128,253.16,4,1,Chennai,Pune,1,desktop,0,1,0.51,0
T14014,M125,2026-07-26T17:18:24.785136,474.05,17,0,Kolkata,Pune,1,tablet,0,1,0.95,0
T14015,M102,2026-08-26T07:33:14.785144,1064.83,7,1,Delhi,Pune,1,tablet,0,1,0.71,0
T14016,M112,2026-07-29T20:49:50.785151,2229.49,20,0,Pune,Bhubaneswar,1,mobile,0,1,1.49,0
T14017,M118,2026-07-27T05:06:58.785161,414.33,5,1,Ahmedabad,Mumbai,1,desktop,0,1,0.83,0
T14018,M114,2026-08-11T21:12:28.785169,740.43,21,0,Ahmedabad,Bengaluru,1,mobile,0,1,1.48,0
T14019,M114,2026-09-05T23:09:11.785177,552.69,23,1,Hyderabad,Jaipur,1,tablet,0,1,1.11,0
T14020,M136,2026-08-21T23:35:43.785185,447.82,23,1,Hyderabad,Ahmedabad,1,mobile,0,4,0.3,0
T14021,M118,2026-08-29T13:58:37.785193,673.4,13,0,Hyderabad,Kolkata,1,desktop,0,1,1.35,0
T14022,M137,2026-08-22T12:33:09.785201,2634.36,12,0,Pune,Ahmedabad,1,desktop,0,2,0.88,0
T14023,M131,2026-08-15T05:04:43.785209,1740.15,5,1,Ahmedabad,Hyderabad,1,tablet,0,1,3.48,1
T14024,M100,2026-08-20T15:36:00.785218,1109.47,15,0,Kolkata,Jaipur,1,tablet,0,1,2.22,0
T14025,M103,2026-08-28T15:30:02.785226,286.07,15,0,Jaipur,Kolkata,1,tablet,0,1,0.57,0
T14026,M106,2026-07-29T14:56:55.785234,851.86,14,0,Kolkata,Bengaluru,1,desktop,0,1,1.7,0
T14027,M103,2026-08-25T07:32:17.785247,2542.98,7,1,Mumbai,Chennai,1,mobile,0,2,5.09,1
T14028,M120,2026-08-21T12:37:59.785255,11237.08,12,0,Bhubaneswar,Mumbai,1,mobile,0,1,3.75,0
T14029,M116,2026-08-11T01:04:55.785264,1003.62,1,1,Hyderabad,Chennai,1,tablet,0,1,0.33,0
T14030,M136,2026-08-03T06:04:22.785272,15736.78,6,1,Delhi,Hyderabad,1,mobile,0,1,10.49,1
T14031,M131,2026-07-26T06:39:25.785281,242.86,6,1,Bengaluru,Delhi,1,mobile,0,4,0.49,0
T14032,M134,2026-08-22T22:25:33.785289,2958.27,22,1,Delhi,Delhi,0,mobile,0,4,0.99,0
T14033,M122,2026-08-21T04:12:23.785297,854.87,4,1,Mumbai,Bhubaneswar,1,desktop,0,1,1.71,0
T14034,M111,2026-08-07T05:04:11.785311,9758.49,5,0,Bhubaneswar,Mumbai,1,tablet,0,1,0.49,0
T14035,M135,2026-08-18T07:33:25.785319,2338.46,7,0,Kolkata,Ahmedabad,1,desktop,0,3,0.78,0
T14036,M110,2026-09-01T20:16:08.785327,18547.83,20,0,Delhi,Hyderabad,1,desktop,0,1,0.93,0
T14037,M130,2026-08-18T16:43:42.785337,720.24,16,0,Ahmedabad,Chennai,1,desktop,0,1,0.48,0
T14038,M106,2026-08-16T18:36:52.785345,548.69,18,0,Bhubaneswar,Hyderabad,1,tablet,0,1,1.1,0
T14039,M100,2026-07-31T17:56:06.785353,639.5,17,0,Kolkata,Hyderabad,1,tablet,0,1,1.28,0
T14040,M119,2026-08-19T03:21:44.785360,10490.86,3,1,Delhi,Delhi,0,desktop,0,1,1.31,0
T14041,M128,2026-08-11T16:48:52.785369,23415.5,16,0,Ahmedabad,Delhi,1,tablet,0,1,1.17,0
T14042,M135,2026-08-18T19:42:33.785376,1404.51,19,0,Mumbai,Bengaluru,1,tablet,1,5,0.47,0
T14043,M128,2026-08-05T02:09:30.785385,87044.89,2,1,Bengaluru,Hyderabad,1,tablet,0,2,4.35,0
T14044,M128,2026-08-15T17:17:49.785393,16191.67,17,0,Bengaluru,Chennai,1,tablet,1,1,0.81,0
T14045,M121,2026-08-28T10:22:11.785402,19276.88,10,0,Delhi,Hyderabad,1,desktop,0,1,0.96,0
T14046,M116,2026-08-25T21:02:40.785409,1791.31,21,0,Hyderabad,Ahmedabad,1,desktop,0,2,0.6,0
T14047,M119,2026-08-24T21:38:14.785419,11726.75,21,0,Jaipur,Jaipur,0,mobile,0,5,1.47,0
T14048,M138,2026-08-19T19:54:42.785427,806.81,19,1,Pune,Delhi,1,mobile,0,2,1.61,0
T14049,M115,2026-08-30T05:07:30.785436,6971.87,5,0,Pune,Delhi,1,desktop,0,1,0.87,0
T14050,M102,2026-08-23T11:57:02.785443,902.88,11,0,Jaipur,Mumbai,1,tablet,0,1,0.6,0
T14051,M104,2026-09-02T17:10:04.785452,28665.15,17,0,Chennai,Kolkata,1,desktop,0,2,1.43,0
T14052,M132,2026-08-12T18:50:09.785461,927.92,18,0,Pune,Kolkata,1,mobile,1,1,1.86,0
T14053,M136,2026-07-30T07:24:46.785469,1931.62,7,1,Bhubaneswar,Pune,1,mobile,0,1,1.29,0
T14054,M104,2026-08-07T08:53:23.785479,30654.34,8,1,Jaipur,Bengaluru,1,desktop,0,1,1.53,1
T14055,M112,2026-08-31T00:38:32.785487,577.1,0,0,Chennai,Bengaluru,1,desktop,0,1,0.38,0
T14056,M124,2026-08-29T12:17:31.785495,745.2,12,0,Kolkata,Bhubaneswar,1,desktop,0,4,1.49,0
T14057,M111,2026-09-04T07:22:00.785505,35607.38,7,0,Ahmedabad,Mumbai,1,mobile,0,1,1.78,0
T14058,M130,2026-08-19T04:33:27.785513,1546.73,4,0,Kolkata,Jaipur,1,mobile,1,1,1.03,1
T14059,M139,2026-07-30T12:24:28.785521,498.99,12,0,Bhubaneswar,Chennai,1,mobile,0,2,0.33,0
T14060,M114,2026-07-29T18:19:36.785529,191.51,18,0,Kolkata,Bengaluru,1,desktop,0,1,0.38,0
T14061,M106,2026-09-05T05:41:59.785537,479.76,5,1,Chennai,Pune,1,desktop,0,1,0.96,0
T14062,M120,2026-08-18T03:30:54.785545,5007.64,3,0,Delhi,Chennai,1,mobile,0,1,1.67,0
T14063,M101,2026-08-01T20:20:29.785553,1493.43,20,0,Bengaluru,Jaipur,1,mobile,0,1,0.5,0
T14064,M139,2026-07-23T10:22:08.785561,1265.96,10,0,Jaipur,Kolkata,1,desktop,0,1,0.84,0
T14065,M137,2026-08-26T15:25:40.785569,4218.95,15,0,Bengaluru,Delhi,1,mobile,0,1,1.41,0
T14066,M133,2026-08-12T06:36:10.785577,3698.68,6,0,Pune,Kolkata,1,desktop,0,4,1.23,0
T14067,M103,2026-08-25T06:08:31.785588,720.33,6,1,Jaipur,Bengaluru,1,mobile,0,1,1.44,0
T14068,M128,2026-07-31T14:07:43.785596,5954.7,14,0,Kolkata,Ahmedabad,1,tablet,0,1,0.3,0
T14069,M115,2026-07-23T18:57:40.785604,7266.4,18,0,Chennai,Kolkata,1,mobile,0,1,0.91,0
T14070,M109,2026-08-16T22:49:39.785612,20716.28,22,1,Kolkata,Chennai,1,tablet,0,1,1.04,0
T14071,M131,2026-08-05T15:31:26.785620,354.49,15,0,Delhi,Kolkata,1,mobile,0,1,0.71,0
T14072,M102,2026-08-03T02:17:56.785628,1699.38,2,1,Delhi,Kolkata,1,desktop,0,1,1.13,0
T14073,M109,2026-08-17T10:29:32.785636,19000.93,10,0,Pune,Chennai,1,mobile,0,1,0.95,0
T14074,M129,2026-08-21T20:42:05.785644,835.9,20,0,Bengaluru,Bhubaneswar,1,desktop,0,1,1.67,0
T14075,M132,2026-08-07T03:32:16.785652,297.88,3,0,Delhi,Mumbai,1,desktop,0,2,0.6,0
T14076,M103,2026-07-31T20:36:35.785659,781.06,20,1,Bhubaneswar,Mumbai,1,tablet,0,1,1.56,0
T14077,M112,2026-08-16T19:17:20.785669,559.28,19,0,Bhubaneswar,Delhi,1,tablet,0,1,0.37,0
T14078,M117,2026-07-26T12:22:30.785677,2107.2,12,0,Jaipur,Jaipur,0,desktop,0,1,1.4,0
T14079,M109,2026-09-05T03:04:07.785685,18158.47,3,1,Pune,Mumbai,1,mobile,0,3,0.91,1
T14080,M133,2026-08-19T18:30:09.785693,3319.5,18,0,Mumbai,Ahmedabad,1,mobile,0,2,1.11,0
T14081,M129,2026-08-28T16:32:41.785701,648.03,16,0,Jaipur,Pune,1,mobile,0,1,1.3,0
T14082,M122,2026-08-22T23:55:56.785708,545.01,23,1,Ahmedabad,Delhi,1,desktop,0,1,1.09,0
T14083,M112,2026-08-29T16:08:32.785717,1436.6,16,0,Delhi,Chennai,1,desktop,0,1,0.96,0
T14084,M104,2026-07-31T06:41:06.785725,6761.04,6,1,Bengaluru,Chennai,1,tablet,0,1,0.34,0
T14085,M132,2026-08-24T14:07:24.785734,361.91,14,0,Delhi,Pune,1,tablet,0,1,0.72,0
T14086,M122,2026-07-29T17:23:15.785742,665.5,17,0,Mumbai,Delhi,1,mobile,0,1,1.33,0
T14087,M102,2026-09-02T07:19:50.785752,1914.23,7,1,Mumbai,Ahmedabad,1,tablet,0,1,1.28,0
T14088,M138,2026-07-26T01:36:51.785761,531.12,1,1,Hyderabad,Bengaluru,1,desktop,0,1,1.06,0
T14089,M138,2026-08-11T06:50:35.785770,769.24,6,1,Hyderabad,Jaipur,1,mobile,0,1,1.54,0
T14090,M114,2026-08-15T09:10:26.785779,382.81,9,0,Bhubaneswar,Bhubaneswar,0,desktop,0,1,0.77,0
T14091,M133,2026-07-23T22:07:13.785788,2123.93,22,0,Mumbai,Jaipur,1,desktop,0,1,0.71,0
T14092,M126,2026-08-23T19:21:01.785796,3016.61,19,1,Jaipur,Pune,1,mobile,0,1,1.01,0
T14093,M132,2026-09-02T11:52:42.785804,604.66,11,0,Delhi,Pune,1,tablet,0,1,1.21,0
T14094,M113,2026-08-14T15:27:24.785812,16246.42,15,0,Ahmedabad,Chennai,1,desktop,0,1,0.81,0
T14095,M106,2026-08-25T13:49:22.785821,506.95,13,0,Delhi,Ahmedabad,1,desktop,0,3,1.01,0
T14096,M116,2026-08-09T07:12:17.785829,1573.01,7,1,Chennai,Jaipur,1,desktop,1,1,0.52,1
T14097,M130,2026-08-06T06:04:06.785839,2057.15,6,0,Bhubaneswar,Kolkata,1,desktop,0,1,1.37,0
T14098,M125,2026-08-10T08:43:15.785847,456.36,8,1,Ahmedabad,Chennai,1,mobile,0,1,0.91,0
T14099,M112,2026-08-13T04:11:31.785855,483.54,4,0,Hyderabad,Jaipur,1,tablet,0,1,0.32,0
T14100,M134,2026-08-24T22:10:15.785863,22633.79,22,1,Hyderabad,Pune,1,mobile,0,1,7.54,1
T14101,M121,2026-08-15T10:42:42.785872,16145.31,10,0,Pune,Bengaluru,1,tablet,0,3,0.81,0
T14102,M135,2026-07-25T11:35:30.785880,3405.46,11,0,Kolkata,Ahmedabad,1,tablet,0,1,1.14,0
T14103,M135,2026-07-26T05:55:32.785888,4929.1,5,0,Hyderabad,Ahmedabad,1,desktop,0,3,1.64,0
T14104,M132,2026-08-03T03:48:47.785896,505.2,3,0,Bhubaneswar,Pune,1,mobile,0,1,1.01,0
T14105,M125,2026-07-25T00:27:42.785906,359.03,0,1,Jaipur,Pune,1,mobile,0,1,0.72,0
T14106,M115,2026-08-06T02:00:01.785913,7778.04,2,0,Bhubaneswar,Bhubaneswar,0,desktop,0,2,0.97,0
T14107,M117,2026-08-27T07:24:54.785923,1357.37,7,0,Ahmedabad,Ahmedabad,0,mobile,0,1,0.9,0
T14108,M136,2026-08-12T05:39:10.785932,1282.56,5,1,Kolkata,Pune,1,tablet,0,1,0.86,0
T14109,M106,2026-08-29T20:19:38.785940,519.18,20,0,Hyderabad,Chennai,1,mobile,0,1,1.04,0
T14110,M134,2026-09-04T20:57:52.785948,3921.06,20,0,Jaipur,Mumbai,1,desktop,0,2,1.31,0
T14111,M120,2026-08-12T19:59:15.785957,1713.97,19,0,Chennai,Hyderabad,1,mobile,0,1,0.57,0
T14112,M106,2026-09-04T13:51:45.785965,382.79,13,0,Ahmedabad,Delhi,1,tablet,1,2,0.77,0
T14113,M106,2026-08-10T18:55:37.785973,230.52,18,0,Ahmedabad,Bengaluru,1,mobile,0,1,0.46,0
T14114,M102,2026-08-04T19:01:17.785980,976.52,19,0,Kolkata,Ahmedabad,1,mobile,0,4,0.65,0
T14115,M110,2026-08-18T15:41:01.785989,18299.76,15,0,Jaipur,Bengaluru,1,tablet,0,2,0.91,0
T14116,M135,2026-08-22T06:34:16.785999,2064.35,6,0,Bengaluru,Chennai,1,tablet,0,4,0.69,0
T14117,M125,2026-07-24T05:53:51.786008,308.24,5,1,Chennai,Delhi,1,tablet,0,1,0.62,0
T14118,M121,2026-09-03T12:01:37.786017,13959.22,12,0,Chennai,Hyderabad,1,desktop,0,3,0.7,0
T14119,M123,2026-08-19T10:38:17.786026,10641.79,10,0,Ahmedabad,Mumbai,1,desktop,0,2,1.33,0
T14120,M116,2026-08-04T09:12:35.786034,409.19,9,0,Chennai,Mumbai,1,mobile,0,1,0.14,0
T14121,M128,2026-08-09T22:24:19.786042,14693.95,22,1,Bengaluru,Hyderabad,1,mobile,0,1,0.73,1
T14122,M102,2026-08-13T13:43:06.786050,1596.32,13,0,Kolkata,Jaipur,1,tablet,0,1,1.06,0
T14123,M121,2026-08-28T08:37:56.786059,9138.02,8,0,Bengaluru,Ahmedabad,1,mobile,0,2,0.46,0
T14124,M131,2026-08-19T22:33:58.786067,619.49,22,1,Pune,Delhi,1,tablet,0,3,1.24,0
T14125,M126,2026-08-11T18:59:51.786076,1544.25,18,0,Pune,Chennai,1,desktop,0,2,0.51,0
T14126,M129,2026-09-01T14:10:40.786084,50,14,0,Hyderabad,Ahmedabad,1,mobile,0,3,0.1,0
T14127,M137,2026-08-28T03:37:12.786095,1771.1,3,1,Pune,Bhubaneswar,1,mobile,0,2,0.59,0
T14128,M107,2026-08-19T02:12:10.786103,3123.16,2,1,Ahmedabad,Chennai,1,mobile,0,2,6.25,1
T14129,M110,2026-08-08T23:48:21.786113,31332.27,23,1,Mumbai,Mumbai,0,desktop,1,1,1.57,0
T14130,M125,2026-09-02T02:18:11.786121,313.78,2,1,Mumbai,Ahmedabad,1,mobile,1,8,0.63,1
T14131,M129,2026-07-27T23:19:16.786132,506.79,23,1,Hyderabad,Pune,1,mobile,0,1,1.01,0
T14132,M129,2026-07-30T15:02:57.786140,1423.72,15,0,Jaipur,Jaipur,0,tablet,1,1,2.85,0
T14133,M125,2026-07-29T13:39:40.786149,384.36,13,0,Bengaluru,Ahmedabad,1,mobile,0,1,0.77,0
T14134,M104,2026-08-11T05:29:03.786157,4330.6,5,1,Pune,Jaipur,1,desktop,0,8,0.22,1
T14135,M121,2026-08-12T07:26:11.786166,974.01,7,0,Chennai,Kolkata,1,desktop,0,5,0.05,0
T14136,M102,2026-08-25T02:26:59.786174,1737.18,2,1,Delhi,Pune,1,tablet,0,2,1.16,0
T14137,M111,2026-08-11T01:31:40.786184,30675.64,1,0,Hyderabad,Chennai,1,mobile,1,2,1.53,0
T14138,M105,2026-09-02T23:45:29.786192,29384.85,23,0,Kolkata,Kolkata,0,desktop,1,1,1.47,0
T14139,M100,2026-08-07T17:39:44.786200,766.35,17,0,Bengaluru,Chennai,1,mobile,0,1,1.53,0
T14140,M126,2026-08-19T10:18:07.786208,2813.38,10,0,Jaipur,Kolkata,1,mobile,0,1,0.94,0
T14141,M104,2026-08-03T15:08:28.786217,27117.62,15,0,Jaipur,Mumbai,1,desktop,0,1,1.36,0
T14142,M128,2026-09-02T14:34:39.786225,2501.88,14,0,Kolkata,Chennai,1,desktop,0,1,0.13,0
T14143,M120,2026-07-28T18:36:40.786233,6201.16,18,0,Pune,Pune,0,desktop,1,1,2.07,0
T14144,M123,2026-07-24T17:52:49.786241,4355.33,17,0,Chennai,Chennai,0,mobile,0,1,0.54,0
T14145,M137,2026-08-20T06:30:25.786250,2437.6,6,1,Jaipur,Bhubaneswar,1,desktop,1,1,0.81,1
T14146,M125,2026-08-20T23:00:28.786258,618.18,23,1,Mumbai,Mumbai,0,desktop,0,1,1.24,0
T14147,M123,2026-07-27T05:37:10.786267,10618.76,5,1,Bhubaneswar,Ahmedabad,1,tablet,0,4,1.33,1
T14148,M130,2026-09-03T14:09:19.786275,707.95,14,0,Bengaluru,Ahmedabad,1,mobile,1,1,0.47,0
T14149,M121,2026-08-17T17:14:54.786284,18599.63,17,0,Delhi,Bhubaneswar,1,desktop,0,1,0.93,0
T14150,M117,2026-08-12T05:29:48.786292,1550.33,5,0,Delhi,Pune,1,mobile,0,4,1.03,0
T14151,M121,2026-08-04T01:02:42.786299,11985.28,1,0,Bengaluru,Bengaluru,0,tablet,1,2,0.6,0
T14152,M102,2026-08-27T23:39:57.786307,1380.7,23,1,Delhi,Chennai,1,tablet,0,1,0.92,0
T14153,M104,2026-08-21T20:49:13.786315,16803.76,20,0,Chennai,Mumbai,1,tablet,1,1,0.84,0
T14154,M128,2026-08-29T06:38:52.786322,21725.47,6,1,Delhi,Bengaluru,1,desktop,0,1,1.09,1
T14155,M115,2026-07-23T09:27:13.786331,5375.47,9,0,Jaipur,Mumbai,1,desktop,0,1,0.67,0
T14156,M100,2026-08-07T23:55:43.786340,763.55,23,1,Jaipur,Delhi,1,desktop,0,1,1.53,0
T14157,M101,2026-08-08T11:49:52.786349,901.17,11,0,Jaipur,Delhi,1,tablet,0,2,0.3,0
T14158,M114,2026-08-08T13:24:48.786357,733.01,13,0,Kolkata,Bhubaneswar,1,tablet,0,1,1.47,0
T14159,M115,2026-07-26T07:35:36.786365,6972.42,7,0,Kolkata,Bhubaneswar,1,desktop,1,1,0.87,1
T14160,M104,2026-07-30T19:06:10.786373,34054.0,19,0,Ahmedabad,Kolkata,1,desktop,0,1,1.7,0
T14161,M122,2026-08-19T11:13:00.786382,284.97,11,0,Hyderabad,Kolkata,1,mobile,0,1,0.57,0
T14162,M132,2026-08-31T23:20:43.786390,144.48,23,0,Pune,Bhubaneswar,1,mobile,0,2,0.29,0
T14163,M109,2026-07-23T00:22:05.786398,14369.68,0,1,Delhi,Chennai,1,tablet,0,1,0.72,0
T14164,M131,2026-08-26T17:20:27.786406,582.37,17,0,Pune,Ahmedabad,1,tablet,0,1,1.16,0
T14165,M136,2026-08-22T06:22:18.786414,1324.02,6,1,Mumbai,Chennai,1,mobile,0,3,0.88,1
T14166,M118,2026-08-23T12:13:32.786421,4065.46,12,0,Bhubaneswar,Pune,1,mobile,0,2,8.13,0
T14167,M114,2026-07-24T02:33:30.786432,593.75,2,1,Bengaluru,Chennai,1,tablet,0,5,1.19,1
T14168,M116,2026-07-27T13:20:50.786440,4073.81,13,0,Bhubaneswar,Pune,1,desktop,0,1,1.36,0
T14169,M132,2026-08-28T04:48:07.786448,2344.47,4,0,Jaipur,Hyderabad,1,tablet,1,1,4.69,0
T14170,M114,2026-08-09T21:42:29.786457,450.94,21,0,Bengaluru,Ahmedabad,1,tablet,0,1,0.9,0
T14171,M107,2026-08-20T14:37:49.786466,864.47,14,0,Kolkata,Bhubaneswar,1,desktop,0,1,1.73,0
T14172,M138,2026-08-12T03:03:42.786475,682.04,3,1,Bengaluru,Bengaluru,0,mobile,0,1,1.36,0
T14173,M130,2026-08-08T12:27:36.786484,126.62,12,0,Chennai,Delhi,1,tablet,0,1,0.08,0
T14174,M122,2026-08-08T11:00:48.786491,350.66,11,0,Mumbai,Bengaluru,1,mobile,0,3,0.7,0
T14175,M131,2026-07-26T21:46:56.786500,331.08,21,0,Mumbai,Kolkata,1,mobile,0,1,0.66,0
T14176,M108,2026-08-28T08:19:55.786508,734.83,8,1,Ahmedabad,Hyderabad,1,desktop,0,1,0.49,1
T14177,M118,2026-08-25T19:18:05.786518,720.42,19,0,Delhi,Mumbai,1,tablet,1,1,1.44,0
T14178,M107,2026-09-01T03:18:18.786526,124.56,3,1,Ahmedabad,Bhubaneswar,1,tablet,0,1,0.25,0
T14179,M116,2026-08-14T20:11:54.786534,2590.96,20,0,Bengaluru,Mumbai,1,tablet,0,3,0.86,0
T14180,M118,2026-07-23T01:35:25.786543,273.64,1,1,Ahmedabad,Jaipur,1,mobile,0,1,0.55,0
T14181,M128,2026-08-14T17:57:47.786551,16975.84,17,0,Bhubaneswar,Pune,1,tablet,1,1,0.85,0
T14182,M118,2026-07-29T21:47:10.786559,592.37,21,0,Bhubaneswar,Bengaluru,1,mobile,0,1,1.18,0
T14183,M130,2026-08-13T21:16:01.786567,1807.44,21,0,Ahmedabad,Ahmedabad,0,desktop,0,1,1.2,0
T14184,M106,2026-08-23T22:51:21.786575,582.04,22,1,Delhi,Delhi,0,desktop,0,1,1.16,0
T14185,M124,2026-08-01T04:42:18.786583,269.97,4,0,Bhubaneswar,Kolkata,1,tablet,0,2,0.54,0
T14186,M119,2026-07-31T13:15:28.786591,8214.79,13,0,Chennai,Ahmedabad,1,desktop,0,3,1.03,0
T14187,M135,2026-08-03T23:05:28.786601,2801.45,23,0,Jaipur,Bhubaneswar,1,desktop,0,1,0.93,0
T14188,M136,2026-08-26T01:10:46.786609,2577.83,1,1,Bengaluru,Jaipur,1,desktop,0,1,1.72,0
T14189,M120,2026-08-07T01:32:35.786617,2332.08,1,0,Kolkata,Ahmedabad,1,tablet,0,4,0.78,0
T14190,M128,2026-08-17T11:51:52.786625,18460.77,11,0,Bhubaneswar,Jaipur,1,desktop,0,1,0.92,0
T14191,M114,2026-09-03T05:06:24.786633,435.39,5,1,Bhubaneswar,Chennai,1,tablet,0,1,0.87,0
T14192,M104,2026-07-28T13:30:43.786641,18305.09,13,0,Hyderabad,Pune,1,tablet,0,1,0.92,0
T14193,M131,2026-08-15T15:40:49.786649,324.27,15,0,Bengaluru,Kolkata,1,tablet,1,1,0.65,0
T14194,M122,2026-08-06T04:04:27.786658,525.48,4,1,Ahmedabad,Ahmedabad,0,tablet,0,1,1.05,0
T14195,M109,2026-08-31T07:37:26.786666,9760.77,7,1,Bengaluru,Mumbai,1,mobile,0,1,0.49,0
T14196,M101,2026-07-27T17:17:57.786674,2963.93,17,0,Kolkata,Bhubaneswar,1,mobile,0,1,0.99,0
T14197,M120,2026-08-20T10:44:29.786683,2249.74,10,0,Chennai,Bhubaneswar,1,mobile,0,1,0.75,0
T14198,M100,2026-08-24T05:10:59.786692,488.83,5,1,Pune,Jaipur,1,tablet,0,1,0.98,0
T14199,M111,2026-08-15T11:26:01.786700,19968.37,11,0,Chennai,Bhubaneswar,1,desktop,0,1,1.0,0
T14200,M119,2026-08-31T14:38:22.786708,1761.09,14,0,Pune,Delhi,1,desktop,0,1,0.22,0
T14201,M104,2026-07-31T17:33:48.786716,18399.52,17,0,Chennai,Hyderabad,1,mobile,1,1,0.92,0
T14202,M128,2026-08-24T23:52:38.786723,11371.76,23,1,Bengaluru,Kolkata,1,desktop,0,1,0.57,0
T14203,M104,2026-07-23T10:22:23.786732,20866.96,10,0,Bhubaneswar,Ahmedabad,1,tablet,0,1,1.04,0
T14204,M104,2026-08-22T13:16:36.786739,28905.63,13,0,Mumbai,Kolkata,1,mobile,1,4,1.45,1
T14205,M130,2026-09-01T21:13:51.786748,984.85,21,0,Kolkata,Kolkata,0,tablet,0,5,0.66,0
T14206,M117,2026-08-15T00:42:39.786756,2171.41,0,0,Delhi,Ahmedabad,1,mobile,0,2,1.45,0
T14207,M123,2026-08-10T22:14:20.786766,13031.64,22,1,Hyderabad,Mumbai,1,mobile,0,1,1.63,0
T14208,M136,2026-08-10T00:52:45.786776,1229.54,0,1,Ahmedabad,Kolkata,1,desktop,0,1,0.82,0
T14209,M135,2026-08-28T20:24:51.786786,570.82,20,0,Mumbai,Ahmedabad,1,mobile,0,1,0.19,0
T14210,M129,2026-09-01T19:47:46.786795,134.01,19,0,Delhi,Bengaluru,1,tablet,0,1,0.27,0
T14211,M138,2026-08-01T22:11:14.786804,818.57,22,1,Hyderabad,Delhi,1,tablet,1,1,1.64,1
T14212,M121,2026-08-11T03:22:56.786812,18028.25,3,0,Mumbai,Bhubaneswar,1,desktop,0,1,0.9,0
T14213,M125,2026-08-02T13:27:10.786820,354.43,13,0,Mumbai,Kolkata,1,mobile,0,1,0.71,0
T14214,M103,2026-08-09T09:43:09.786828,414.17,9,1,Jaipur,Ahmedabad,1,tablet,0,4,0.83,1
T14215,M103,2026-09-03T06:41:57.786837,321.05,6,1,Jaipur,Delhi,1,mobile,0,1,0.64,0
T14216,M112,2026-09-03T09:40:12.786845,2383.47,9,0,Hyderabad,Bhubaneswar,1,desktop,0,1,1.59,0
T14217,M110,2026-08-29T03:34:51.786855,14653.55,3,1,Pune,Bhubaneswar,1,tablet,0,1,0.73,0
T14218,M103,2026-08-08T05:40:58.786863,345.6,5,1,Mumbai,Ahmedabad,1,mobile,0,5,0.69,1
T14219,M124,2026-08-21T13:19:04.786871,685.34,13,0,Delhi,Pune,1,desktop,0,2,1.37,0
T14220,M130,2026-07-23T10:49:41.786879,1798.0,10,0,Delhi,Hyderabad,1,mobile,0,1,1.2,0
T14221,M116,2026-08-12T09:56:32.786887,11424.71,9,0,Kolkata,Jaipur,1,tablet,0,1,3.81,0
T14222,M108,2026-08-28T00:07:02.786896,1325.1,0,1,Pune,Delhi,1,tablet,0,1,0.88,0
T14223,M130,2026-08-13T03:27:57.786904,1359.83,3,0,Pune,Pune,0,tablet,0,1,0.91,0
T14224,M123,2026-09-03T20:27:52.786912,10762.46,20,1,Mumbai,Kolkata,1,mobile,0,1,1.35,0
T14225,M135,2026-08-29T18:31:42.786921,4098.24,18,0,Bengaluru,Bhubaneswar,1,mobile,0,2,1.37,0
T14226,M128,2026-08-17T13:58:49.786929,17150.47,13,0,Hyderabad,Pune,1,tablet,0,1,0.86,0
T14227,M126,2026-08-17T12:55:24.786938,2635.1,12,0,Ahmedabad,Chennai,1,desktop,0,1,0.88,0
T14228,M109,2026-09-04T12:43:29.786946,190505.65,12,0,Jaipur,Pune,1,tablet,0,1,9.53,0
T14229,M134,2026-08-15T07:15:13.786955,2930.26,7,1,Chennai,Pune,1,mobile,0,2,0.98,0
T14230,M100,2026-08-07T12:41:50.786963,405.65,12,0,Jaipur,Kolkata,1,desktop,0,1,0.81,0
T14231,M131,2026-08-13T02:53:36.786972,482.14,2,1,Hyderabad,Ahmedabad,1,tablet,0,2,0.96,1
T14232,M124,2026-08-01T09:39:53.786979,669.29,9,0,Pune,Hyderabad,1,mobile,0,1,1.34,0
T14233,M136,2026-08-11T19:38:53.786988,577.23,19,1,Hyderabad,Ahmedabad,1,tablet,0,3,0.38,1
T14234,M127,2026-09-05T15:32:05.786996,27373.49,15,0,Delhi,Pune,1,mobile,0,1,1.37,0
T14235,M131,2026-08-03T21:05:55.787004,352.38,21,0,Pune,Mumbai,1,desktop,0,4,0.7,0
T14236,M120,2026-09-05T02:01:38.787012,2387.68,2,0,Kolkata,Mumbai,1,tablet,1,1,0.8,0
T14237,M110,2026-08-20T21:13:33.787021,15462.77,21,0,Pune,Bhubaneswar,1,desktop,1,1,0.77,0
T14238,M101,2026-08-19T18:23:30.787029,1067.51,18,0,Delhi,Bhubaneswar,1,tablet,0,1,0.36,0
T14239,M114,2026-08-10T20:51:46.787037,433.02,20,0,Hyderabad,Bhubaneswar,1,desktop,0,1,0.87,0
T14240,M119,2026-08-16T13:17:31.787045,7924.05,13,0,Pune,Ahmedabad,1,mobile,0,1,0.99,0
T14241,M116,2026-08-04T17:34:11.787054,1181.19,17,0,Bhubaneswar,Kolkata,1,mobile,0,3,0.39,0
T14242,M111,2026-08-08T10:42:08.787062,10965.13,10,0,Hyderabad,Ahmedabad,1,tablet,0,1,0.55,0
T14243,M132,2026-08-14T02:01:56.787070,530.13,2,0,Kolkata,Delhi,1,tablet,0,1,1.06,0
T14244,M133,2026-08-14T18:18:42.787079,2310.23,18,0,Jaipur,Hyderabad,1,mobile,0,2,0.77,0
T14245,M101,2026-09-05T13:30:58.787088,4216.21,13,0,Bhubaneswar,Mumbai,1,desktop,0,1,1.41,0
T14246,M124,2026-08-07T15:03:20.787095,344.57,15,0,Bhubaneswar,Delhi,1,tablet,0,1,0.69,0
T14247,M126,2026-07-29T02:14:01.787105,2693.54,2,1,Ahmedabad,Delhi,1,mobile,0,1,0.9,1
T14248,M103,2026-08-29T14:28:48.787113,702.5,14,0,Pune,Hyderabad,1,tablet,1,1,1.41,0
T14249,M137,2026-08-24T13:02:34.787121,2838.79,13,0,Bhubaneswar,Kolkata,1,mobile,0,1,0.95,0
T14250,M125,2026-09-05T11:16:54.787129,732.12,11,0,Pune,Ahmedabad,1,tablet,0,1,1.46,0
T14251,M130,2026-08-01T05:34:06.787137,1500.41,5,0,Kolkata,Hyderabad,1,mobile,0,1,1.0,0
T14252,M132,2026-08-27T04:10:39.787145,503.69,4,0,Mumbai,Bhubaneswar,1,desktop,1,1,1.01,0
T14253,M120,2026-08-08T06:04:34.787153,4286.76,6,0,Mumbai,Chennai,1,desktop,0,8,1.43,0
T14254,M108,2026-08-21T03:33:04.787161,331.77,3,1,Mumbai,Delhi,1,mobile,0,3,0.22,0
T14255,M109,2026-08-11T15:22:52.787169,31357.37,15,0,Ahmedabad,Jaipur,1,mobile,0,1,1.57,0
T14256,M139,2026-08-06T18:19:22.787177,1030.86,18,0,Delhi,Delhi,0,desktop,0,1,0.69,0
T14257,M128,2026-07-30T23:33:42.787188,8500.53,23,1,Pune,Jaipur,1,mobile,0,2,0.43,1
T14258,M135,2026-08-14T08:09:01.787199,1370.02,8,0,Chennai,Mumbai,1,desktop,0,1,0.46,0
T14259,M135,2026-08-31T03:20:25.787207,238.11,3,0,Kolkata,Pune,1,tablet,0,1,0.08,0
T14260,M139,2026-08-09T23:59:50.787215,2145.18,23,1,Mumbai,Pune,1,mobile,1,2,1.43,1
T14261,M126,2026-08-13T18:15:49.787224,3273.46,18,0,Bengaluru,Jaipur,1,mobile,0,1,1.09,0
T14262,M101,2026-09-01T04:25:28.787232,4252.65,4,1,Pune,Hyderabad,1,desktop,0,1,1.42,0
T14263,M107,2026-08-06T00:15:33.787240,403.73,0,1,Bhubaneswar,Bengaluru,1,desktop,0,1,0.81,0
T14264,M100,2026-09-03T06:21:03.787247,730.85,6,1,Jaipur,Pune,1,tablet,0,1,1.46,0
T14265,M132,2026-08-01T21:41:49.787256,299.97,21,0,Kolkata,Jaipur,1,mobile,0,1,0.6,0
T14266,M127,2026-08-08T07:14:09.787264,18773.97,7,0,Ahmedabad,Pune,1,desktop,0,1,0.94,0
T14267,M120,2026-08-06T02:23:09.787273,2681.28,2,0,Mumbai,Pune,1,tablet,0,2,0.89,0
T14268,M108,2026-08-09T03:59:49.787281,1995.2,3,1,Jaipur,Bhubaneswar,1,tablet,0,1,1.33,0
T14269,M120,2026-08-31T02:46:11.787290,2857.27,2,0,Ahmedabad,Bengaluru,1,mobile,0,1,0.95,0
T14270,M130,2026-08-22T12:58:06.787297,1934.98,12,0,Delhi,Mumbai,1,desktop,0,1,1.29,0
T14271,M119,2026-08-20T03:22:42.787311,11150.33,3,1,Kolkata,Kolkata,0,mobile,0,1,1.39,0
T14272,M107,2026-07-27T03:59:10.787319,394.26,3,1,Kolkata,Delhi,1,mobile,0,1,0.79,0
T14273,M122,2026-07-25T04:16:26.787327,7149.87,4,1,Chennai,Pune,1,tablet,1,1,14.3,1
T14274,M108,2026-07-29T07:24:15.787335,1408.96,7,1,Bhubaneswar,Bhubaneswar,0,tablet,0,1,0.94,0
T14275,M119,2026-08-22T06:35:49.787343,7507.1,6,1,Kolkata,Pune,1,tablet,1,1,0.94,1
T14276,M102,2026-09-05T16:02:38.787351,1036.18,16,0,Jaipur,Hyderabad,1,desktop,0,1,0.69,0
T14277,M123,2026-08-07T18:41:38.787361,2930.68,18,0,Delhi,Ahmedabad,1,mobile,0,1,0.37,0
T14278,M118,2026-09-03T06:47:45.787370,420.46,6,1,Bhubaneswar,Kolkata,1,desktop,0,2,0.84,0
T14279,M102,2026-08-27T09:52:55.787378,7460.95,9,0,Bhubaneswar,Jaipur,1,mobile,1,1,4.97,1
T14280,M135,2026-09-03T02:50:13.787387,3143.13,2,0,Bengaluru,Pune,1,mobile,0,1,1.05,0
T14281,M128,2026-07-25T11:08:14.787395,5700.36,11,0,Jaipur,Ahmedabad,1,mobile,0,1,0.29,0
T14282,M132,2026-07-28T14:36:27.787403,902.13,14,0,Jaipur,Delhi,1,mobile,0,3,1.8,0
T14283,M118,2026-08-10T10:12:54.787411,156.72,10,0,Bengaluru,Jaipur,1,mobile,0,1,0.31,0
T14284,M116,2026-08-11T20:08:57.787419,2480.25,20,0,Delhi,Bengaluru,1,desktop,0,1,0.83,0
T14285,M137,2026-08-16T07:00:58.787427,3457.9,7,1,Bengaluru,Bengaluru,0,tablet,0,1,1.15,0
T14286,M137,2026-08-06T23:54:12.787435,1861.72,23,1,Bhubaneswar,Jaipur,1,tablet,0,2,0.62,1
T14287,M114,2026-07-27T08:08:06.787444,513.99,8,1,Ahmedabad,Delhi,1,desktop,0,1,1.03,0
T14288,M105,2026-08-04T20:36:44.787452,26928.11,20,0,Kolkata,Pune,1,mobile,0,2,1.35,0
T14289,M111,2026-08-12T20:56:59.787460,8162.84,20,0,Pune,Jaipur,1,tablet,0,1,0.41,0
T14290,M138,2026-08-05T20:47:19.787468,474.03,20,1,Bhubaneswar,Delhi,1,mobile,0,4,0.95,0
T14291,M116,2026-08-20T20:57:07.787476,1858.81,20,0,Kolkata,Bengaluru,1,mobile,0,1,0.62,0
T14292,M128,2026-08-03T23:01:43.787484,4653.2,23,1,Chennai,Bengaluru,1,desktop,0,1,0.23,0
T14293,M118,2026-08-24T00:38:03.787492,241.96,0,1,Chennai,Kolkata,1,desktop,1,2,0.48,0
T14294,M110,2026-08-13T02:59:48.787500,18201.94,2,1,Bengaluru,Pune,1,desktop,0,1,0.91,0
T14295,M127,2026-08-26T22:30:43.787508,15122.27,22,0,Delhi,Hyderabad,1,tablet,0,1,0.76,0
T14296,M122,2026-07-26T12:08:42.787515,643.72,12,0,Bengaluru,Pune,1,mobile,0,3,1.29,0
T14297,M134,2026-08-16T10:12:28.787525,1686.6,10,0,Jaipur,Chennai,1,tablet,1,3,0.56,0
T14298,M128,2026-07-30T13:57:56.787533,15494.49,13,0,Chennai,Mumbai,1,tablet,0,1,0.77,0
T14299,M133,2026-07-28T02:30:25.787541,3125.35,2,0,Hyderabad,Bengaluru,1,desktop,0,1,1.04,0
T14300,M126,2026-07-29T01:52:17.787549,466.68,1,1,Chennai,Kolkata,1,tablet,0,1,0.16,0
T14301,M107,2026-08-20T04:17:15.787557,640.64,4,1,Chennai,Kolkata,1,tablet,0,4,1.28,0
T14302,M118,2026-08-20T07:42:29.787564,286.64,7,1,Bhubaneswar,Bhubaneswar,0,mobile,0,2,0.57,0
T14303,M131,2026-07-30T14:41:54.787573,50,14,0,Kolkata,Kolkata,0,tablet,0,1,0.1,0
T14304,M100,2026-09-05T03:49:21.787580,444.04,3,1,Ahmedabad,Jaipur,1,mobile,0,2,0.89,0
T14305,M107,2026-09-04T18:38:16.787589,366.7,18,0,Hyderabad,Delhi,1,desktop,0,1,0.73,0
T14306,M102,2026-09-05T10:00:51.787596,1739.9,10,0,Hyderabad,Delhi,1,tablet,1,1,1.16,1
T14307,M106,2026-08-16T20:25:44.787606,5209.02,20,0,Chennai,Jaipur,1,mobile,0,1,10.42,0
T14308,M107,2026-09-03T06:56:34.787616,306.7,6,1,Bhubaneswar,Pune,1,mobile,0,1,0.61,0
T14309,M115,2026-08-19T08:10:15.787626,5841.12,8,0,Delhi,Pune,1,desktop,0,1,0.73,0
T14310,M137,2026-08-30T23:54:26.787634,4549.05,23,1,Mumbai,Jaipur,1,desktop,0,2,1.52,0
T14311,M103,2026-08-06T01:19:45.787642,651.5,1,1,Bengaluru,Kolkata,1,tablet,0,1,1.3,1
T14312,M131,2026-08-18T19:09:12.787651,431.75,19,0,Pune,Delhi,1,tablet,1,2,0.86,0
T14313,M127,2026-08-23T02:52:47.787659,16737.83,2,0,Hyderabad,Pune,1,mobile,0,4,0.84,0
T14314,M118,2026-07-24T14:26:27.787667,854.81,14,0,Bhubaneswar,Ahmedabad,1,tablet,0,1,1.71,0
T14315,M133,2026-07-26T02:42:35.787675,49459.4,2,0,Ahmedabad,Pune,1,mobile,0,3,16.49,0
T14316,M123,2026-07-25T09:36:31.787684,10206.73,9,1,Kolkata,Jaipur,1,tablet,0,4,1.28,0
T14317,M114,2026-08-14T20:36:23.787694,483.12,20,0,Mumbai,Jaipur,1,tablet,0,5,0.97,0
T14318,M112,2026-08-20T01:52:33.787702,2328.4,1,0,Bengaluru,Mumbai,1,mobile,0,1,1.55,0
T14319,M111,2026-08-11T07:16:30.787710,21246.85,7,0,Ahmedabad,Mumbai,1,tablet,0,1,1.06,0
T14320,M118,2026-08-16T22:15:50.787717,692.66,22,1,Jaipur,Jaipur,0,tablet,0,1,1.39,0
T14321,M114,2026-08-17T20:43:51.787725,123.79,20,0,Pune,Bengaluru,1,mobile,0,1,0.25,0
T14322,M136,2026-08-14T00:10:55.787735,1322.18,0,1,Chennai,Mumbai,1,mobile,0,1,0.88,0
T14323,M135,2026-08-25T04:38:31.787743,2347.06,4,0,Chennai,Ahmedabad,1,desktop,0,1,0.78,0
T14324,M125,2026-08-30T05:12:03.787750,398.28,5,1,Mumbai,Mumbai,0,desktop,0,2,0.8,0
T14325,M117,2026-08-28T13:42:56.787758,2252.92,13,0,Kolkata,Kolkata,0,tablet,0,2,1.5,0
T14326,M123,2026-08-22T23:44:08.787766,5270.57,23,1,Pune,Jaipur,1,mobile,0,1,0.66,0
T14327,M131,2026-08-28T06:54:24.787775,266.54,6,1,Mumbai,Bhubaneswar,1,tablet,0,1,0.53,0
T14328,M109,2026-07-27T14:28:16.787785,17798.05,14,0,Pune,Bhubaneswar,1,tablet,0,1,0.89,0
T14329,M107,2026-08-31T03:04:24.787796,441.27,3,1,Kolkata,Bhubaneswar,1,desktop,0,1,0.88,0
T14330,M125,2026-07-24T11:54:39.787806,733.7,11,0,Hyderabad,Pune,1,mobile,1,1,1.47,0
T14331,M111,2026-08-31T06:52:49.787814,25984.98,6,0,Mumbai,Bhubaneswar,1,mobile,0,1,1.3,0
T14332,M124,2026-08-11T08:12:42.787822,575.23,8,0,Delhi,Chennai,1,mobile,1,3,1.15,0
T14333,M100,2026-07-26T02:08:24.787830,377.9,2,1,Ahmedabad,Delhi,1,tablet,0,2,0.76,0
T14334,M116,2026-07-25T05:37:41.787837,2706.64,5,1,Bhubaneswar,Pune,1,mobile,0,1,0.9,0
T14335,M100,2026-09-01T20:13:28.787845,583.33,20,0,Pune,Kolkata,1,desktop,0,2,1.17,0
T14336,M126,2026-08-02T22:54:43.787853,2239.43,22,1,Kolkata,Hyderabad,1,desktop,0,1,0.75,0
T14337,M101,2026-07-30T06:38:49.787862,3864.87,6,1,Jaipur,Kolkata,1,desktop,0,8,1.29,1
T14338,M127,2026-07-24T01:05:05.787870,25169.42,1,0,Pune,Ahmedabad,1,desktop,0,1,1.26,0
T14339,M102,2026-08-09T19:37:43.787878,2190.08,19,0,Ahmedabad,Pune,1,mobile,0,1,1.46,0
T14340,M139,2026-08-21T23:58:54.787886,1900.58,23,1,Pune,Bengaluru,1,desktop,0,5,1.27,1
T14341,M133,2026-08-22T07:19:58.787894,1853.04,7,0,Jaipur,Bhubaneswar,1,tablet,0,1,0.62,0
T14342,M115,2026-07-27T18:42:59.787903,6501.29,18,0,Delhi,Delhi,0,mobile,0,1,0.81,0
T14343,M118,2026-08-26T01:21:41.787911,513.42,1,1,Chennai,Pune,1,desktop,0,4,1.03,0
T14344,M113,2026-08-13T12:42:43.787919,31741.91,12,0,Chennai,Delhi,1,tablet,0,3,1.59,0
T14345,M138,2026-08-07T13:59:51.787927,648.07,13,0,Pune,Mumbai,1,tablet,0,1,1.3,0
T14346,M116,2026-07-23T08:28:04.787935,4358.07,8,1,Ahmedabad,Kolkata,1,mobile,0,1,1.45,0
T14347,M102,2026-07-28T11:52:06.787944,957.95,11,0,Bengaluru,Ahmedabad,1,mobile,1,1,0.64,0
T14348,M133,2026-08-22T15:30:38.787952,3242.94,15,0,Hyderabad,Pune,1,desktop,0,1,1.08,0
T14349,M116,2026-07-23T14:01:55.787960,20695.87,14,0,Pune,Chennai,1,mobile,0,2,6.9,0
T14350,M128,2026-08-18T20:02:22.787969,21929.32,20,0,Delhi,Kolkata,1,desktop,0,1,1.1,0
T14351,M104,2026-09-01T14:03:43.787978,15893.62,14,0,Ahmedabad,Pune,1,desktop,1,1,0.79,0
T14352,M133,2026-07-30T01:44:01.787986,5067.94,1,0,Kolkata,Chennai,1,mobile,0,2,1.69,0
T14353,M132,2026-08-04T16:42:57.787994,853.12,16,0,Hyderabad,Jaipur,1,tablet,0,2,1.71,0
T14354,M139,2026-07-30T05:10:25.788002,1600.86,5,1,Pune,Bengaluru,1,mobile,0,2,1.07,0
T14355,M120,2026-08-01T03:12:51.788010,5685.16,3,0,Hyderabad,Delhi,1,desktop,0,2,1.9,0
T14356,M100,2026-08-12T20:57:32.788018,672.89,20,0,Delhi,Delhi,0,tablet,0,3,1.35,0
T14357,M106,2026-08-02T20:30:20.788027,537.2,20,0,Chennai,Kolkata,1,tablet,0,3,1.07,0
T14358,M100,2026-08-16T02:06:31.788035,927.72,2,1,Kolkata,Bhubaneswar,1,tablet,0,2,1.86,0
T14359,M107,2026-08-19T01:15:03.788044,395.66,1,1,Jaipur,Hyderabad,1,mobile,0,1,0.79,0
T14360,M117,2026-08-22T23:58:09.788054,1392.82,23,0,Hyderabad,Chennai,1,tablet,1,1,0.93,0
T14361,M138,2026-08-14T17:59:19.788062,667.32,17,0,Bhubaneswar,Ahmedabad,1,mobile,0,1,1.33,0
T14362,M109,2026-09-01T13:55:42.788070,34518.4,13,0,Ahmedabad,Pune,1,mobile,0,1,1.73,0
T14363,M130,2026-07-23T21:24:07.788078,1155.0,21,0,Delhi,Jaipur,1,desktop,0,1,0.77,0
T14364,M117,2026-08-23T06:25:17.788086,2329.59,6,0,Mumbai,Pune,1,tablet,1,2,1.55,0
T14365,M122,2026-08-15T10:38:37.788094,531.14,10,0,Bengaluru,Jaipur,1,mobile,0,1,1.06,0
T14366,M125,2026-08-16T12:32:52.788102,960.4,12,0,Bhubaneswar,Bhubaneswar,0,tablet,0,3,1.92,0
T14367,M106,2026-07-27T09:06:23.788111,648.4,9,0,Chennai,Mumbai,1,tablet,1,2,1.3,0
T14368,M124,2026-07-31T14:36:16.788119,484.45,14,0,Bhubaneswar,Mumbai,1,tablet,1,5,0.97,1
T14369,M103,2026-08-11T02:33:18.788127,260.66,2,1,Hyderabad,Delhi,1,mobile,0,1,0.52,0
T14370,M137,2026-08-08T02:53:03.788135,1032.49,2,1,Bengaluru,Hyderabad,1,mobile,0,4,0.34,0
T14371,M131,2026-07-29T15:25:13.788143,253.23,15,0,Hyderabad,Jaipur,1,desktop,1,4,0.51,0
T14372,M111,2026-08-25T10:37:15.788153,16146.84,10,0,Delhi,Hyderabad,1,desktop,0,2,0.81,0
T14373,M112,2026-07-29T23:32:30.788162,1573.24,23,0,Ahmedabad,Hyderabad,1,tablet,0,1,1.05,0
T14374,M106,2026-08-24T19:40:11.788169,3976.93,19,0,Mumbai,Ahmedabad,1,tablet,0,1,7.95,0
T14375,M132,2026-08-14T02:18:51.788178,305.16,2,0,Bhubaneswar,Chennai,1,mobile,1,1,0.61,0
T14376,M136,2026-07-29T14:11:00.788186,896.3,14,0,Mumbai,Bhubaneswar,1,desktop,0,1,0.6,0
T14377,M131,2026-08-15T23:46:59.788196,168.87,23,1,Bhubaneswar,Hyderabad,1,desktop,0,1,0.34,0
T14378,M129,2026-08-20T09:20:26.788204,434.25,9,0,Delhi,Kolkata,1,tablet,0,2,0.87,0
T14379,M105,2026-08-03T14:40:00.788212,23705.4,14,0,Delhi,Delhi,0,mobile,0,1,1.19,0
T14380,M121,2026-08-01T02:30:50.788220,113547.98,2,0,Kolkata,Bhubaneswar,1,desktop,0,4,5.68,1
T14381,M106,2026-07-31T06:28:57.788229,743.73,6,1,Bengaluru,Bengaluru,0,mobile,1,3,1.49,0
T14382,M115,2026-08-17T09:58:51.788237,8109.43,9,0,Ahmedabad,Mumbai,1,tablet,0,1,1.01,0
T14383,M106,2026-08-04T01:23:01.788245,82.84,1,1,Jaipur,Pune,1,tablet,1,3,0.17,1
T14384,M139,2026-07-31T05:13:49.788254,2545.2,5,1,Jaipur,Bengaluru,1,mobile,0,1,1.7,0
T14385,M138,2026-08-02T03:27:57.788262,843.59,3,1,Pune,Delhi,1,tablet,1,1,1.69,1
T14386,M119,2026-08-05T02:19:21.788272,7109.11,2,1,Hyderabad,Jaipur,1,mobile,0,1,0.89,1
T14387,M128,2026-09-04T02:16:30.788281,10218.21,2,1,Hyderabad,Jaipur,1,mobile,0,1,0.51,0
T14388,M116,2026-08-19T21:33:49.788289,2924.05,21,0,Pune,Chennai,1,mobile,0,1,0.97,0
T14389,M100,2026-08-07T13:38:39.788298,621.06,13,0,Pune,Pune,0,tablet,0,4,1.24,0
T14390,M116,2026-08-18T18:39:29.788305,2705.48,18,0,Mumbai,Jaipur,1,mobile,0,1,0.9,0
T14391,M120,2026-07-25T19:19:37.788313,1244.63,19,0,Bengaluru,Jaipur,1,desktop,0,1,0.41,0
T14392,M110,2026-08-08T12:38:26.788321,6999.04,12,0,Delhi,Pune,1,desktop,0,2,0.35,0
T14393,M115,2026-08-02T11:52:59.788330,7493.74,11,0,Ahmedabad,Mumbai,1,desktop,0,1,0.94,0
T14394,M125,2026-08-02T08:09:16.788337,514.21,8,1,Delhi,Kolkata,1,tablet,0,1,1.03,1
T14395,M121,2026-08-08T08:23:10.788346,14201.78,8,0,Mumbai,Bhubaneswar,1,mobile,0,1,0.71,0
T14396,M116,2026-08-25T06:05:28.788353,4299.55,6,1,Ahmedabad,Mumbai,1,mobile,0,1,1.43,0
T14397,M126,2026-07-27T17:25:19.788363,3487.07,17,0,Bhubaneswar,Bengaluru,1,mobile,0,3,1.16,0
T14398,M133,2026-07-29T06:47:01.788371,3642.22,6,0,Bengaluru,Chennai,1,desktop,0,5,1.21,0
T14399,M135,2026-08-05T02:23:30.788379,3186.95,2,0,Hyderabad,Bengaluru,1,desktop,1,3,1.06,0
T14400,M127,2026-08-07T22:30:04.788387,25301.65,22,0,Pune,Hyderabad,1,desktop,1,2,1.27,0
T14401,M107,2026-07-29T06:32:42.788395,1933.84,6,1,Bengaluru,Mumbai,1,tablet,0,1,3.87,1
T14402,M138,2026-07-24T02:14:25.788403,599.45,2,1,Pune,Mumbai,1,tablet,0,1,1.2,0
T14403,M126,2026-08-18T04:29:15.788411,2146.52,4,1,Chennai,Chennai,0,desktop,1,1,0.72,0
T14404,M134,2026-08-29T20:19:19.788419,4702.89,20,0,Bengaluru,Mumbai,1,desktop,1,1,1.57,0
T14405,M105,2026-09-04T08:51:38.788427,26189.45,8,0,Pune,Kolkata,1,desktop,0,2,1.31,0
T14406,M111,2026-07-25T08:18:37.788435,25933.35,8,0,Pune,Bhubaneswar,1,tablet,0,1,1.3,0
T14407,M101,2026-07-26T11:10:00.788444,3805.18,11,0,Chennai,Delhi,1,desktop,0,3,1.27,0
T14408,M103,2026-08-10T19:23:06.788452,473.12,19,1,Chennai,Chennai,0,desktop,0,1,0.95,0
T14409,M103,2026-07-23T15:35:18.788461,2660.39,15,0,Mumbai,Chennai,1,tablet,0,1,5.32,0
T14410,M129,2026-08-10T16:24:31.788469,364.48,16,0,Jaipur,Ahmedabad,1,desktop,0,1,0.73,0
T14411,M135,2026-08-20T04:40:11.788477,2853.22,4,0,Chennai,Kolkata,1,desktop,0,1,0.95,0
T14412,M112,2026-08-17T17:41:45.788488,2155.86,17,0,Delhi,Delhi,0,tablet,0,1,1.44,0
T14413,M124,2026-08-09T02:57:46.788497,555.43,2,0,Pune,Mumbai,1,tablet,0,1,1.11,0
T14414,M101,2026-08-06T22:58:01.788505,33157.12,22,1,Delhi,Ahmedabad,1,desktop,0,1,11.05,1
T14415,M130,2026-09-02T13:59:37.788515,2044.15,13,0,Kolkata,Hyderabad,1,mobile,0,1,1.36,0
T14416,M110,2026-08-26T00:02:41.788523,20166.09,0,1,Mumbai,Bengaluru,1,desktop,0,1,1.01,0
T14417,M116,2026-09-05T16:24:43.788533,4589.0,16,0,Kolkata,Bhubaneswar,1,desktop,0,1,1.53,0
T14418,M138,2026-09-04T19:21:46.788541,508.7,19,1,Jaipur,Hyderabad,1,mobile,0,1,1.02,1
T14419,M115,2026-09-02T22:22:14.788549,5569.41,22,0,Bengaluru,Chennai,1,tablet,0,1,0.7,0
T14420,M138,2026-08-31T15:41:53.788558,413.81,15,0,Pune,Bhubaneswar,1,mobile,0,2,0.83,0
T14421,M133,2026-09-05T03:25:52.788566,973.13,3,0,Chennai,Mumbai,1,mobile,0,1,0.32,0
T14422,M134,2026-08-04T08:58:35.788574,3700.24,8,1,Bhubaneswar,Bengaluru,1,tablet,0,2,1.23,1
T14423,M132,2026-08-15T23:44:16.788582,411.85,23,0,Ahmedabad,Hyderabad,1,desktop,0,1,0.82,0
T14424,M126,2026-08-30T23:08:12.788590,2954.39,23,1,Ahmedabad,Jaipur,1,mobile,0,1,0.98,0
T14425,M107,2026-08-19T07:37:45.788598,760.51,7,1,Jaipur,Ahmedabad,1,mobile,0,1,1.52,0
T14426,M119,2026-08-13T10:13:52.788606,4748.97,10,0,Kolkata,Mumbai,1,tablet,0,1,0.59,0
T14427,M123,2026-07-30T22:30:11.788616,9401.58,22,1,Chennai,Bengaluru,1,desktop,0,1,1.18,0
T14428,M128,2026-08-13T02:52:40.788626,26180.6,2,1,Mumbai,Jaipur,1,desktop,1,1,1.31,1
T14429,M107,2026-07-24T06:16:34.788634,324.01,6,1,Kolkata,Hyderabad,1,tablet,0,1,0.65,1
T14430,M131,2026-07-25T05:52:09.788643,292.42,5,1,Ahmedabad,Ahmedabad,0,mobile,0,1,0.58,0
T14431,M129,2026-09-05T21:46:54.788651,165.65,21,0,Pune,Mumbai,1,tablet,0,1,0.33,0
T14432,M139,2026-08-05T16:33:24.788659,2602.42,16,0,Bhubaneswar,Jaipur,1,desktop,0,1,1.73,0
T14433,M113,2026-08-15T19:24:13.788667,23361.42,19,0,Chennai,Jaipur,1,desktop,0,1,1.17,0
T14434,M130,2026-08-10T22:37:16.788675,2828.67,22,0,Hyderabad,Hyderabad,0,desktop,1,1,1.89,0
T14435,M121,2026-07-24T06:32:25.788685,13271.87,6,0,Pune,Hyderabad,1,mobile,0,1,0.66,0
T14436,M130,2026-07-29T08:07:27.788692,574.63,8,0,Ahmedabad,Kolkata,1,tablet,0,1,0.38,0
T14437,M103,2026-08-26T19:37:05.788702,445.22,19,1,Chennai,Bengaluru,1,tablet,1,3,0.89,1
T14438,M101,2026-08-03T09:18:34.788710,1937.39,9,0,Mumbai,Bengaluru,1,desktop,1,1,0.65,0
T14439,M111,2026-08-23T03:06:50.788718,24511.43,3,0,Bhubaneswar,Chennai,1,mobile,0,1,1.23,0
T14440,M138,2026-09-01T08:02:10.788726,425.37,8,1,Ahmedabad,Ahmedabad,0,desktop,0,1,0.85,0
T14441,M106,2026-08-12T09:13:22.788734,555.6,9,0,Bhubaneswar,Delhi,1,tablet,0,1,1.11,0
T14442,M137,2026-08-08T04:33:25.788742,5261.99,4,1,Bengaluru,Pune,1,tablet,0,1,1.75,0
T14443,M104,2026-08-08T22:02:43.788750,22069.57,22,1,Ahmedabad,Jaipur,1,mobile,0,1,1.1,0
T14444,M130,2026-08-24T12:16:45.788758,2200.54,12,0,Chennai,Bhubaneswar,1,mobile,1,1,1.47,0
T14445,M114,2026-07-31T15:00:36.788766,569.57,15,0,Kolkata,Bhubaneswar,1,tablet,0,1,1.14,0
T14446,M106,2026-08-18T19:09:37.788773,808.85,19,0,Pune,Bhubaneswar,1,tablet,0,1,1.62,0
T14447,M119,2026-08-12T09:45:10.788783,8117.41,9,0,Mumbai,Hyderabad,1,mobile,0,8,1.01,0
T14448,M138,2026-09-04T22:59:37.788791,677.09,22,1,Pune,Delhi,1,mobile,0,1,1.35,0
T14449,M114,2026-08-19T07:36:20.788800,619.43,7,1,Mumbai,Pune,1,tablet,1,4,1.24,1
T14450,M137,2026-08-04T07:30:27.788808,3887.75,7,1,Hyderabad,Jaipur,1,tablet,0,1,1.3,1
T14451,M118,2026-09-04T00:46:52.788816,715.33,0,1,Jaipur,Chennai,1,desktop,0,1,1.43,0
T14452,M135,2026-08-22T13:42:24.788824,3069.75,13,0,Bengaluru,Ahmedabad,1,desktop,0,2,1.02,0
T14453,M129,2026-08-19T22:15:12.788832,434.57,22,1,Delhi,Kolkata,1,mobile,1,1,0.87,1
T14454,M112,2026-07-30T15:48:50.788839,760.09,15,0,Chennai,Jaipur,1,mobile,0,1,0.51,0
T14455,M129,2026-08-28T23:56:21.788848,626.61,23,1,Bhubaneswar,Hyderabad,1,tablet,0,1,1.25,0
T14456,M117,2026-09-02T18:29:19.788856,605.97,18,0,Kolkata,Ahmedabad,1,mobile,0,1,0.4,0
T14457,M134,2026-08-10T14:40:04.788865,1792.81,14,0,Delhi,Mumbai,1,desktop,0,1,0.6,0
T14458,M110,2026-08-20T23:07:55.788873,12020.28,23,1,Pune,Bengaluru,1,tablet,0,1,0.6,0
T14459,M104,2026-08-24T07:25:13.788881,27766.55,7,1,Bengaluru,Mumbai,1,desktop,0,1,1.39,1
T14460,M129,2026-08-31T02:28:39.788889,560.57,2,1,Chennai,Hyderabad,1,tablet,0,1,1.12,1
T14461,M127,2026-08-09T16:22:18.788897,21813.91,16,0,Delhi,Chennai,1,tablet,0,1,1.09,0
T14462,M105,2026-08-20T06:23:29.788906,21378.69,6,0,Delhi,Mumbai,1,mobile,0,2,1.07,0
T14463,M128,2026-09-01T22:22:02.788914,25302.26,22,1,Delhi,Hyderabad,1,desktop,0,1,1.27,0
T14464,M104,2026-08-24T05:30:38.788922,17751.98,5,1,Ahmedabad,Pune,1,desktop,0,4,0.89,1
T14465,M100,2026-07-31T23:12:25.788930,349.69,23,1,Ahmedabad,Hyderabad,1,desktop,0,1,0.7,0
T14466,M102,2026-07-27T00:59:59.788938,2164.77,0,1,Chennai,Bhubaneswar,1,mobile,0,1,1.44,0
T14467,M135,2026-08-21T22:10:06.788947,946.85,22,0,Bengaluru,Chennai,1,mobile,0,5,0.32,0
T14468,M124,2026-08-08T05:40:59.788955,461.65,5,0,Kolkata,Mumbai,1,mobile,0,3,0.92,0
T14469,M117,2026-08-04T02:32:53.788963,2414.2,2,0,Mumbai,Chennai,1,desktop,0,1,1.61,0
T14470,M101,2026-08-30T03:45:41.788971,3998.03,3,1,Pune,Hyderabad,1,mobile,0,2,1.33,0
T14471,M126,2026-07-25T19:30:45.788980,3206.97,19,1,Bengaluru,Ahmedabad,1,desktop,0,1,1.07,1
T14472,M117,2026-08-30T16:00:44.788987,2404.23,16,0,Bhubaneswar,Kolkata,1,desktop,0,1,1.6,0
T14473,M121,2026-08-10T05:53:58.788996,14040.92,5,0,Ahmedabad,Pune,1,mobile,0,2,0.7,0
T14474,M116,2026-08-28T17:54:38.789003,4502.49,17,0,Jaipur,Kolkata,1,mobile,0,2,1.5,0
T14475,M116,2026-09-03T16:51:10.789011,3561.24,16,0,Jaipur,Bengaluru,1,desktop,0,2,1.19,0
T14476,M135,2026-08-19T02:00:16.789019,3253.36,2,0,Jaipur,Mumbai,1,mobile,0,1,1.08,0
T14477,M122,2026-09-05T04:35:44.789029,420.05,4,1,Jaipur,Bengaluru,1,desktop,0,1,0.84,0
T14478,M120,2026-09-04T01:54:43.789037,3913.1,1,0,Chennai,Chennai,0,tablet,1,1,1.3,0
T14479,M109,2026-08-28T08:07:18.789045,21836.69,8,1,Mumbai,Jaipur,1,tablet,0,1,1.09,0
T14480,M121,2026-08-31T18:09:59.789053,26118.7,18,0,Kolkata,Bengaluru,1,desktop,1,1,1.31,1
T14481,M128,2026-07-25T01:53:56.789061,26031.59,1,1,Chennai,Delhi,1,desktop,0,2,1.3,0
T14482,M109,2026-09-03T10:11:50.789068,20704.3,10,0,Jaipur,Delhi,1,desktop,0,1,1.04,0
T14483,M116,2026-08-02T16:04:32.789077,2929.65,16,0,Bhubaneswar,Ahmedabad,1,mobile,0,1,0.98,0
T14484,M129,2026-08-10T23:51:12.789084,2212.01,23,1,Ahmedabad,Delhi,1,desktop,0,1,4.42,0
T14485,M105,2026-08-25T09:09:31.789093,21994.44,9,0,Ahmedabad,Pune,1,mobile,0,2,1.1,0
T14486,M128,2026-09-05T07:02:37.789101,14011.44,7,1,Pune,Pune,0,desktop,0,1,0.7,0
T14487,M130,2026-08-15T09:37:31.789110,1576.2,9,0,Kolkata,Kolkata,0,desktop,0,1,1.05,0
T14488,M111,2026-08-18T20:21:50.789118,20412.04,20,0,Chennai,Hyderabad,1,mobile,0,4,1.02,0
T14489,M123,2026-07-30T16:23:46.789126,5305.6,16,0,Bengaluru,Pune,1,tablet,0,1,0.66,0
T14490,M129,2026-09-05T05:52:53.789134,845.71,5,1,Jaipur,Bhubaneswar,1,mobile,0,1,1.69,0
T14491,M137,2026-08-31T05:39:51.789143,2644.5,5,1,Chennai,Ahmedabad,1,tablet,0,3,0.88,1
T14492,M134,2026-09-02T18:25:52.789150,2493.03,18,0,Bengaluru,Pune,1,desktop,0,2,0.83,0
T14493,M106,2026-08-28T01:26:38.789159,3845.07,1,1,Mumbai,Bengaluru,1,desktop,0,1,7.69,1
T14494,M125,2026-09-03T11:14:33.789167,311.31,11,0,Kolkata,Hyderabad,1,desktop,1,1,0.62,0
T14495,M139,2026-08-09T01:36:34.789175,731.77,1,1,Bhubaneswar,Delhi,1,desktop,0,1,0.49,0
T14496,M104,2026-08-13T03:18:09.789183,18727.65,3,1,Pune,Jaipur,1,desktop,0,3,0.94,0
T14497,M103,2026-07-29T10:28:09.789193,389.78,10,0,Hyderabad,Kolkata,1,tablet,1,1,0.78,0
T14498,M139,2026-07-30T04:25:58.789201,2034.36,4,1,Jaipur,Mumbai,1,desktop,0,1,1.36,0
T14499,M129,2026-08-31T18:26:51.789211,865.26,18,0,Jaipur,Ahmedabad,1,mobile,0,2,1.73,0
T14500,M118,2026-09-04T07:05:42.789219,550.25,7,1,Mumbai,Kolkata,1,desktop,0,1,1.1,0
T14501,M115,2026-09-02T08:02:39.789227,8729.47,8,0,Bhubaneswar,Hyderabad,1,mobile,0,2,1.09,0
T14502,M120,2026-09-01T14:26:29.789235,2271.34,14,0,Bhubaneswar,Ahmedabad,1,mobile,0,1,0.76,0
T14503,M115,2026-08-14T19:45:05.789244,5321.8,19,0,Mumbai,Chennai,1,desktop,0,1,0.67,0
T14504,M120,2026-08-28T06:47:23.789251,2157.32,6,0,Mumbai,Bengaluru,1,desktop,0,1,0.72,0
T14505,M129,2026-08-12T15:29:18.789259,449.98,15,0,Delhi,Hyderabad,1,mobile,0,1,0.9,0
T14506,M103,2026-09-04T13:00:13.789267,758.7,13,0,Pune,Ahmedabad,1,desktop,0,1,1.52,0
T14507,M100,2026-08-18T07:12:17.789278,163.26,7,1,Ahmedabad,Chennai,1,mobile,0,1,0.33,0
T14508,M100,2026-08-13T13:34:40.789286,589.64,13,0,Pune,Bengaluru,1,tablet,0,1,1.18,0
T14509,M103,2026-07-28T16:11:31.789295,649.0,16,0,Bengaluru,Chennai,1,desktop,0,1,1.3,0
T14510,M130,2026-08-24T15:18:14.789302,9817.45,15,0,Hyderabad,Bhubaneswar,1,tablet,1,1,6.54,1
T14511,M105,2026-08-16T21:21:02.789317,60575.01,21,0,Chennai,Delhi,1,mobile,0,1,3.03,0
T14512,M131,2026-08-04T12:43:52.789327,460.56,12,0,Pune,Delhi,1,desktop,0,1,0.92,0
T14513,M113,2026-08-30T22:27:06.789338,18278.11,22,0,Ahmedabad,Kolkata,1,tablet,0,1,0.91,0
T14514,M136,2026-09-04T08:33:27.789346,1908.99,8,1,Ahmedabad,Bhubaneswar,1,mobile,1,1,1.27,1
T14515,M111,2026-09-02T07:01:12.789354,16883.73,7,0,Mumbai,Kolkata,1,mobile,0,1,0.84,0
T14516,M128,2026-07-26T22:07:04.789362,28942.15,22,1,Hyderabad,Ahmedabad,1,mobile,0,1,1.45,0
T14517,M120,2026-08-17T23:21:20.789371,4815.1,23,0,Delhi,Bhubaneswar,1,mobile,0,3,1.61,0
T14518,M112,2026-08-12T21:34:39.789379,1037.46,21,0,Hyderabad,Delhi,1,tablet,0,1,0.69,0
T14519,M138,2026-08-30T10:46:37.789387,1001.39,10,0,Kolkata,Jaipur,1,mobile,0,1,2.0,0
T14520,M106,2026-09-05T11:11:18.789395,416.0,11,0,Delhi,Jaipur,1,desktop,0,1,0.83,0
T14521,M114,2026-08-03T15:14:58.789404,799.32,15,0,Mumbai,Bengaluru,1,mobile,0,1,1.6,0
T14522,M115,2026-08-31T10:56:23.789411,8676.35,10,0,Hyderabad,Delhi,1,tablet,0,1,1.08,0
T14523,M101,2026-08-21T15:10:47.789419,4427.73,15,0,Bengaluru,Ahmedabad,1,mobile,0,1,1.48,0
T14524,M134,2026-09-05T12:04:26.789427,1922.5,12,0,Ahmedabad,Mumbai,1,desktop,0,1,0.64,0
T14525,M129,2026-08-07T06:11:37.789435,577.02,6,1,Jaipur,Bhubaneswar,1,desktop,0,4,1.15,0
T14526,M122,2026-08-01T22:49:38.789443,726.76,22,1,Jaipur,Jaipur,0,mobile,1,1,1.45,0
T14527,M129,2026-07-24T10:13:10.789452,458.18,10,0,Bhubaneswar,Jaipur,1,mobile,0,1,0.92,0
T14528,M129,2026-08-09T13:29:14.789461,749.27,13,0,Delhi,Mumbai,1,tablet,0,1,1.5,0
T14529,M126,2026-09-01T17:52:58.789469,4076.29,17,0,Ahmedabad,Jaipur,1,tablet,0,1,1.36,0
T14530,M127,2026-08-18T10:07:19.789477,274215.97,10,0,Kolkata,Jaipur,1,tablet,0,3,13.71,1
T14531,M131,2026-08-20T12:51:43.789486,4158.59,12,0,Bengaluru,Pune,1,mobile,0,1,8.32,0
T14532,M101,2026-08-12T11:48:11.789494,2545.5,11,0,Bengaluru,Bengaluru,0,tablet,0,1,0.85,0
T14533,M129,2026-08-21T08:05:54.789502,477.51,8,1,Hyderabad,Delhi,1,mobile,0,1,0.96,0
T14534,M100,2026-08-21T23:35:27.789510,126.48,23,1,Chennai,Chennai,0,tablet,0,5,0.25,0
T14535,M117,2026-09-04T13:19:28.789518,1166.28,13,0,Hyderabad,Hyderabad,0,desktop,0,1,0.78,0
T14536,M129,2026-09-05T11:00:04.789526,490.67,11,0,Delhi,Hyderabad,1,mobile,0,1,0.98,0
T14537,M127,2026-08-28T06:55:37.789536,15699.1,6,0,Chennai,Mumbai,1,desktop,0,3,0.78,0
T14538,M119,2026-08-02T19:06:48.789544,5495.8,19,0,Mumbai,Hyderabad,1,desktop,1,1,0.69,0
T14539,M121,2026-08-26T06:23:41.789552,12398.85,6,0,Hyderabad,Ahmedabad,1,mobile,0,1,0.62,0
T14540,M133,2026-08-16T02:15:16.789560,6737.92,2,0,Pune,Ahmedabad,1,tablet,0,4,2.25,0
T14541,M128,2026-08-01T17:09:02.789568,23646.38,17,0,Chennai,Bengaluru,1,mobile,0,2,1.18,0
T14542,M108,2026-08-05T02:29:23.789576,691.35,2,1,Chennai,Hyderabad,1,mobile,0,2,0.46,0
T14543,M128,2026-08-02T23:08:46.789584,21329.49,23,1,Mumbai,Pune,1,tablet,0,3,1.07,0
T14544,M102,2026-08-17T14:49:16.789591,1463.51,14,0,Jaipur,Chennai,1,tablet,0,3,0.98,0
T14545,M107,2026-08-08T02:40:11.789599,531.35,2,1,Chennai,Kolkata,1,desktop,0,1,1.06,0
T14546,M132,2026-08-24T03:19:25.789607,414.16,3,0,Pune,Pune,0,tablet,0,3,0.83,0
T14547,M127,2026-08-11T12:02:53.789617,27719.24,12,0,Bhubaneswar,Bengaluru,1,tablet,1,1,1.39,0
T14548,M126,2026-08-14T21:55:42.789625,2732.33,21,1,Delhi,Pune,1,desktop,0,1,0.91,0
T14549,M114,2026-08-19T00:51:59.789633,460.22,0,1,Jaipur,Jaipur,0,mobile,0,5,0.92,0
T14550,M134,2026-08-24T08:13:21.789641,3005.74,8,1,Pune,Chennai,1,desktop,0,1,1.0,0
T14551,M126,2026-09-04T08:43:58.789649,1536.32,8,1,Delhi,Mumbai,1,mobile,0,1,0.51,0
T14552,M135,2026-07-25T12:09:29.789656,2033.74,12,0,Delhi,Chennai,1,tablet,0,1,0.68,0
T14553,M123,2026-07-23T04:32:18.789665,6988.04,4,1,Mumbai,Mumbai,0,tablet,0,1,0.87,0
T14554,M118,2026-09-02T12:21:27.789672,210.34,12,0,Kolkata,Delhi,1,desktop,0,1,0.42,0
T14555,M105,2026-07-23T07:12:14.789680,116906.29,7,0,Kolkata,Pune,1,tablet,0,1,5.85,0
T14556,M119,2026-08-26T22:57:44.789688,8009.32,22,1,Jaipur,Chennai,1,desktop,0,1,1.0,0
T14557,M119,2026-09-02T20:19:50.789698,9073.09,20,0,Bengaluru,Mumbai,1,tablet,0,1,1.13,0
T14558,M135,2026-08-19T16:36:36.789706,465.47,16,0,Hyderabad,Mumbai,1,desktop,0,2,0.16,0
T14559,M125,2026-08-10T02:58:41.789714,482.88,2,1,Kolkata,Bhubaneswar,1,mobile,0,1,0.97,0
T14560,M125,2026-08-28T10:47:12.789722,834.48,10,0,Delhi,Hyderabad,1,tablet,0,3,1.67,0
T14561,M102,2026-07-24T01:57:09.789730,842.45,1,1,Bengaluru,Bengaluru,0,desktop,1,8,0.56,0
T14562,M119,2026-09-01T09:12:25.789737,5562.47,9,0,Pune,Bengaluru,1,desktop,1,1,0.7,0
T14563,M120,2026-08-01T08:02:11.789747,2532.02,8,0,Ahmedabad,Chennai,1,mobile,0,1,0.84,0
T14564,M123,2026-08-26T00:39:46.789756,5325.65,0,1,Jaipur,Jaipur,0,tablet,0,1,0.67,0
T14565,M135,2026-08-15T22:49:12.789765,2504.68,22,0,Bhubaneswar,Bengaluru,1,mobile,0,1,0.83,0
T14566,M120,2026-07-30T22:28:00.789772,6012.98,22,0,Bengaluru,Hyderabad,1,mobile,0,2,2.0,0
T14567,M117,2026-08-27T08:36:14.789782,1135.93,8,0,Hyderabad,Bengaluru,1,tablet,0,4,0.76,0
T14568,M118,2026-08-03T00:34:52.789790,544.02,0,1,Chennai,Pune,1,tablet,0,1,1.09,1
T14569,M131,2026-08-25T15:28:10.789798,814.97,15,0,Chennai,Mumbai,1,desktop,1,8,1.63,1
T14570,M108,2026-08-04T16:51:06.789806,831.43,16,0,Bhubaneswar,Ahmedabad,1,mobile,0,2,0.55,0
T14571,M113,2026-08-24T02:29:56.789814,9721.92,2,0,Delhi,Bhubaneswar,1,mobile,0,1,0.49,0
T14572,M104,2026-07-24T01:10:45.789822,30214.16,1,1,Chennai,Bengaluru,1,tablet,0,1,1.51,0
T14573,M124,2026-08-22T20:51:27.789830,552.37,20,0,Delhi,Bengaluru,1,tablet,0,1,1.1,0
T14574,M138,2026-08-14T19:11:45.789838,563.1,19,1,Bengaluru,Chennai,1,tablet,0,1,1.13,0
T14575,M130,2026-08-19T08:37:14.789846,1463.41,8,0,Delhi,Pune,1,tablet,0,2,0.98,0
T14576,M122,2026-09-04T07:19:56.789854,130.66,7,1,Hyderabad,Chennai,1,mobile,0,3,0.26,0
T14577,M129,2026-08-25T13:46:42.789865,8473.54,13,0,Kolkata,Hyderabad,1,mobile,0,4,16.95,0
T14578,M118,2026-08-03T13:50:50.789873,403.6,13,0,Chennai,Pune,1,tablet,0,1,0.81,0
T14579,M107,2026-07-30T13:36:27.789882,696.23,13,0,Delhi,Delhi,0,mobile,0,1,1.39,0
T14580,M132,2026-07-26T19:31:31.789890,434.13,19,0,Jaipur,Jaipur,0,tablet,0,1,0.87,0
T14581,M103,2026-08-15T15:53:13.789898,641.52,15,0,Mumbai,Ahmedabad,1,mobile,1,1,1.28,0
T14582,M125,2026-07-29T07:25:49.789906,395.08,7,1,Bengaluru,Chennai,1,tablet,0,1,0.79,1
T14583,M108,2026-08-12T17:46:18.789914,1778.1,17,0,Bengaluru,Mumbai,1,desktop,0,1,1.19,0
T14584,M102,2026-08-15T08:30:45.789921,50,8,1,Hyderabad,Ahmedabad,1,tablet,0,3,0.03,0
T14585,M110,2026-08-25T23:47:19.789930,17536.2,23,1,Hyderabad,Bhubaneswar,1,tablet,0,1,0.88,0
T14586,M136,2026-08-31T02:19:13.789937,2062.84,2,1,Chennai,Delhi,1,tablet,0,2,1.38,0
T14587,M132,2026-09-05T09:14:49.789947,652.91,9,0,Bhubaneswar,Bengaluru,1,tablet,0,1,1.31,0
T14588,M101,2026-07-27T21:01:03.789955,653.3,21,0,Bhubaneswar,Bhubaneswar,0,desktop,1,1,0.22,0
T14589,M134,2026-09-01T08:11:18.789964,4301.47,8,1,Ahmedabad,Delhi,1,desktop,0,1,1.43,0
T14590,M113,2026-07-26T10:08:40.789971,28595.67,10,0,Hyderabad,Delhi,1,tablet,0,1,1.43,0
T14591,M124,2026-09-03T16:54:35.789979,467.37,16,0,Kolkata,Delhi,1,desktop,0,1,0.93,0
T14592,M101,2026-08-30T21:55:52.789987,3354.27,21,0,Kolkata,Chennai,1,tablet,0,1,1.12,0
T14593,M133,2026-08-24T12:47:07.789995,3045.66,12,0,Ahmedabad,Mumbai,1,mobile,0,1,1.02,0
T14594,M114,2026-08-16T21:10:50.790003,552.98,21,0,Kolkata,Hyderabad,1,mobile,0,1,1.11,0
T14595,M131,2026-09-01T12:16:42.790011,460.21,12,0,Bhubaneswar,Hyderabad,1,mobile,0,2,0.92,0
T14596,M110,2026-08-26T09:44:55.790019,33743.09,9,0,Kolkata,Bengaluru,1,mobile,0,1,1.69,0
T14597,M120,2026-08-01T10:19:58.790030,832.03,10,0,Pune,Bengaluru,1,tablet,0,1,0.28,0
T14598,M108,2026-09-02T16:53:33.790037,1138.83,16,0,Hyderabad,Delhi,1,desktop,0,3,0.76,0
T14599,M117,2026-08-31T06:36:02.790046,958.89,6,0,Delhi,Bhubaneswar,1,tablet,0,1,0.64,0
T14600,M136,2026-08-28T20:58:26.790053,1547.73,20,1,Hyderabad,Jaipur,1,desktop,0,1,1.03,1
T14601,M109,2026-08-29T05:19:18.790062,12145.84,5,1,Delhi,Pune,1,desktop,0,3,0.61,0
T14602,M133,2026-08-08T01:55:27.790070,4300.8,1,0,Delhi,Jaipur,1,mobile,0,1,1.43,0
T14603,M101,2026-08-01T06:54:12.790078,3045.29,6,1,Jaipur,Kolkata,1,desktop,0,1,1.02,0
T14604,M106,2026-08-05T06:54:12.790086,442.75,6,1,Delhi,Bhubaneswar,1,desktop,0,2,0.89,0
T14605,M100,2026-07-27T11:16:21.790094,824.11,11,0,Mumbai,Chennai,1,mobile,0,1,1.65,0
T14606,M111,2026-08-11T00:45:33.790102,15848.43,0,0,Chennai,Ahmedabad,1,desktop,0,1,0.79,0
T14607,M125,2026-08-09T14:26:18.790111,349.23,14,0,Hyderabad,Bengaluru,1,tablet,0,1,0.7,0
T14608,M103,2026-08-08T09:05:19.790119,742.16,9,1,Bengaluru,Hyderabad,1,mobile,0,1,1.48,1
T14609,M127,2026-08-28T22:08:45.790127,20165.24,22,0,Delhi,Chennai,1,tablet,0,1,1.01,0
T14610,M106,2026-09-01T15:47:08.790135,232.05,15,0,Ahmedabad,Hyderabad,1,mobile,0,1,0.46,0
T14611,M110,2026-08-18T08:38:29.790143,30690.3,8,1,Ahmedabad,Jaipur,1,mobile,0,1,1.53,0
T14612,M112,2026-07-26T00:30:48.790151,2491.49,0,0,Pune,Mumbai,1,desktop,0,1,1.66,0
T14613,M107,2026-08-11T06:41:48.790159,355.88,6,1,Hyderabad,Kolkata,1,desktop,0,1,0.71,0
T14614,M107,2026-08-14T07:52:48.790166,355.73,7,1,Ahmedabad,Ahmedabad,0,tablet,0,1,0.71,0
T14615,M118,2026-08-12T00:17:26.790175,282.11,0,1,Bhubaneswar,Bhubaneswar,0,desktop,0,1,0.56,0
T14616,M126,2026-09-01T03:47:15.790185,3617.56,3,1,Jaipur,Hyderabad,1,mobile,0,1,1.21,0
T14617,M119,2026-08-26T13:30:52.790195,8765.18,13,0,Bhubaneswar,Jaipur,1,tablet,0,3,1.1,0
T14618,M129,2026-08-08T21:30:02.790204,77.61,21,0,Jaipur,Kolkata,1,mobile,0,1,0.16,0
T14619,M114,2026-07-23T14:01:33.790213,94.67,14,0,Mumbai,Bhubaneswar,1,tablet,1,1,0.19,0
T14620,M121,2026-08-20T15:40:37.790221,21430.75,15,0,Hyderabad,Hyderabad,0,desktop,0,1,1.07,0
T14621,M104,2026-09-01T12:58:59.790229,19891.83,12,0,Ahmedabad,Jaipur,1,mobile,0,1,0.99,0
T14622,M111,2026-08-06T06:04:26.790237,20119.93,6,0,Delhi,Hyderabad,1,desktop,0,1,1.01,0
T14623,M117,2026-08-24T12:31:56.790246,887.95,12,0,Hyderabad,Delhi,1,desktop,0,3,0.59,0
T14624,M134,2026-07-27T03:45:20.790254,3172.63,3,1,Bhubaneswar,Delhi,1,desktop,0,1,1.06,0
T14625,M124,2026-08-31T04:11:48.790262,403.92,4,0,Mumbai,Mumbai,0,desktop,0,3,0.81,0
T14626,M119,2026-08-05T15:40:50.790270,7082.92,15,0,Jaipur,Delhi,1,desktop,0,1,0.89,0
T14627,M109,2026-08-15T23:57:01.790279,18368.67,23,1,Delhi,Delhi,0,tablet,0,5,0.92,0
T14628,M134,2026-08-20T22:48:09.790289,4580.73,22,1,Kolkata,Mumbai,1,tablet,1,1,1.53,0
T14629,M118,2026-08-06T22:59:46.790298,593.63,22,1,Kolkata,Kolkata,0,tablet,0,1,1.19,0
T14630,M109,2026-09-01T12:56:52.790306,179336.92,12,0,Ahmedabad,Mumbai,1,tablet,0,4,8.97,0
T14631,M122,2026-08-18T21:41:21.790316,424.29,21,1,Mumbai,Chennai,1,tablet,0,1,0.85,0
T14632,M120,2026-08-26T01:17:55.790324,10261.11,1,0,Hyderabad,Delhi,1,desktop,0,1,3.42,0
T14633,M105,2026-08-13T16:58:09.790333,20650.83,16,0,Jaipur,Bhubaneswar,1,desktop,0,1,1.03,0
T14634,M119,2026-08-22T18:04:35.790341,11018.18,18,0,Delhi,Bhubaneswar,1,desktop,0,1,1.38,0
T14635,M113,2026-07-31T18:51:16.790349,16443.77,18,0,Delhi,Bhubaneswar,1,tablet,0,1,0.82,0
T14636,M125,2026-08-03T06:34:18.790357,609.04,6,1,Bengaluru,Ahmedabad,1,desktop,0,1,1.22,0
T14637,M136,2026-08-06T20:15:01.790367,2853.27,20,1,Bengaluru,Kolkata,1,tablet,0,1,1.9,1
T14638,M123,2026-08-04T19:17:17.790375,8821.6,19,1,Bengaluru,Delhi,1,mobile,0,1,1.1,0
T14639,M121,2026-08-15T03:52:51.790384,26125.38,3,0,Chennai,Delhi,1,tablet,1,4,1.31,0
T14640,M139,2026-08-18T11:32:51.790392,1545.77,11,0,Hyderabad,Bengaluru,1,mobile,0,1,1.03,0
T14641,M139,2026-08-16T00:29:01.790403,932.5,0,1,Ahmedabad,Pune,1,mobile,0,2,0.62,1
T14642,M114,2026-07-30T03:18:32.790411,472.66,3,1,Hyderabad,Bhubaneswar,1,desktop,0,2,0.95,0
T14643,M127,2026-08-07T19:29:46.790419,25984.83,19,0,Bengaluru,Jaipur,1,mobile,1,1,1.3,0
T14644,M100,2026-08-12T09:30:16.790427,400.66,9,0,Pune,Jaipur,1,mobile,0,8,0.8,0
T14645,M139,2026-09-04T07:25:23.790439,355.48,7,1,Ahmedabad,Jaipur,1,mobile,0,1,0.24,0
T14646,M133,2026-08-13T09:14:08.790447,2985.15,9,0,Ahmedabad,Mumbai,1,desktop,0,3,1.0,0
T14647,M132,2026-08-14T11:16:21.790457,237.82,11,0,Kolkata,Mumbai,1,tablet,0,1,0.48,0
T14648,M108,2026-08-12T06:52:52.790466,1750.42,6,1,Delhi,Kolkata,1,desktop,0,1,1.17,0
T14649,M112,2026-09-02T06:15:17.790474,1817.07,6,0,Ahmedabad,Mumbai,1,mobile,0,2,1.21,0
T14650,M118,2026-08-13T12:53:50.790482,320.45,12,0,Jaipur,Jaipur,0,tablet,0,1,0.64,0
T14651,M115,2026-08-13T07:56:55.790490,8421.78,7,0,Bhubaneswar,Jaipur,1,desktop,0,1,1.05,0
T14652,M121,2026-08-04T00:56:32.790498,10042.3,0,0,Delhi,Bengaluru,1,tablet,0,1,0.5,0
T14653,M139,2026-08-10T22:35:10.790507,1472.41,22,1,Pune,Ahmedabad,1,tablet,0,2,0.98,0
T14654,M131,2026-08-30T10:39:49.790515,509.63,10,0,Delhi,Bengaluru,1,tablet,0,1,1.02,0
T14655,M109,2026-07-23T13:48:35.790523,13667.17,13,0,Hyderabad,Chennai,1,desktop,0,2,0.68,0
T14656,M108,2026-08-20T12:58:12.790531,606.01,12,0,Jaipur,Mumbai,1,desktop,0,1,0.4,0
T14657,M102,2026-09-05T10:49:01.790541,1107.94,10,0,Bhubaneswar,Bhubaneswar,0,tablet,0,1,0.74,0
T14658,M102,2026-08-10T15:34:57.790549,1097.64,15,0,Bengaluru,Bhubaneswar,1,mobile,0,1,0.73,0
T14659,M124,2026-07-23T16:56:16.790557,294.35,16,0,Bengaluru,Ahmedabad,1,tablet,0,1,0.59,0
T14660,M103,2026-08-03T21:47:20.790565,2462.62,21,1,Pune,Kolkata,1,mobile,0,1,4.93,1
T14661,M139,2026-08-06T13:25:17.790574,1684.75,13,0,Hyderabad,Pune,1,mobile,0,1,1.12,0
T14662,M100,2026-08-24T20:58:57.790582,746.53,20,0,Jaipur,Kolkata,1,mobile,0,1,1.49,0
T14663,M129,2026-07-27T19:40:54.790590,446.86,19,0,Bengaluru,Hyderabad,1,tablet,0,1,0.89,0
T14664,M132,2026-07-24T09:59:23.790598,319.98,9,0,Jaipur,Chennai,1,desktop,0,2,0.64,0
T14665,M131,2026-07-29T12:18:24.790606,491.4,12,0,Hyderabad,Bengaluru,1,desktop,0,3,0.98,0
T14666,M131,2026-09-02T10:24:26.790615,154.01,10,0,Hyderabad,Delhi,1,tablet,0,1,0.31,0
T14667,M119,2026-08-03T07:11:20.790625,11195.63,7,1,Chennai,Hyderabad,1,mobile,1,2,1.4,1
T14668,M131,2026-08-07T23:38:13.790633,687.63,23,1,Chennai,Bengaluru,1,mobile,0,1,1.38,1
T14669,M104,2026-08-31T08:22:29.790641,18000.19,8,1,Ahmedabad,Chennai,1,desktop,0,1,0.9,1
T14670,M114,2026-07-28T01:53:50.790649,869.92,1,1,Ahmedabad,Chennai,1,desktop,0,1,1.74,0
T14671,M106,2026-07-29T10:40:33.790657,860.93,10,0,Jaipur,Delhi,1,desktop,0,2,1.72,0
T14672,M115,2026-09-03T03:51:55.790665,11998.85,3,0,Jaipur,Delhi,1,mobile,0,1,1.5,0
T14673,M126,2026-08-02T14:32:24.790673,25843.19,14,0,Kolkata,Pune,1,mobile,0,3,8.61,0
T14674,M135,2026-09-04T02:37:10.790682,2846.96,2,0,Delhi,Mumbai,1,mobile,0,5,0.95,0
T14675,M111,2026-08-28T18:37:41.790690,19547.58,18,0,Hyderabad,Kolkata,1,tablet,0,1,0.98,0
T14676,M104,2026-08-02T10:40:35.790698,9590.93,10,0,Bhubaneswar,Jaipur,1,mobile,0,2,0.48,0
T14677,M117,2026-08-10T20:02:50.790708,225.97,20,0,Delhi,Hyderabad,1,desktop,0,1,0.15,0
T14678,M131,2026-07-30T14:23:29.790716,821.13,14,0,Bhubaneswar,Jaipur,1,mobile,0,1,1.64,0
T14679,M122,2026-08-03T02:14:36.790724,574.6,2,1,Hyderabad,Pune,1,mobile,0,1,1.15,0
T14680,M108,2026-08-07T18:59:12.790732,1659.58,18,0,Bhubaneswar,Chennai,1,desktop,0,4,1.11,0
T14681,M123,2026-08-24T07:12:47.790740,7860.45,7,1,Pune,Delhi,1,mobile,0,1,0.98,0
T14682,M128,2026-08-01T20:19:44.790749,35054.08,20,0,Bengaluru,Chennai,1,mobile,0,1,1.75,0
T14683,M121,2026-08-19T12:28:35.790757,25431.58,12,0,Kolkata,Kolkata,0,desktop,0,1,1.27,0
T14684,M124,2026-08-02T22:16:45.790765,371.82,22,0,Ahmedabad,Chennai,1,mobile,0,1,0.74,0
T14685,M132,2026-07-23T22:26:27.790773,295.38,22,0,Mumbai,Jaipur,1,desktop,0,1,0.59,0
T14686,M123,2026-07-25T02:49:48.790780,10304.21,2,1,Delhi,Chennai,1,desktop,1,1,1.29,1
T14687,M114,2026-08-20T00:41:20.790790,594.63,0,1,Pune,Pune,0,tablet,0,2,1.19,0
T14688,M124,2026-09-02T18:10:40.790798,487.18,18,0,Jaipur,Delhi,1,tablet,0,3,0.97,0
T14689,M100,2026-07-27T14:23:33.790806,213.29,14,0,Pune,Delhi,1,tablet,1,1,0.43,0
T14690,M101,2026-09-01T22:03:09.790813,1051.53,22,1,Mumbai,Ahmedabad,1,desktop,1,1,0.35,1
T14691,M110,2026-08-10T22:02:47.790823,11310.49,22,1,Ahmedabad,Ahmedabad,0,tablet,0,1,0.57,0
T14692,M125,2026-08-23T10:11:44.790831,560.37,10,0,Jaipur,Chennai,1,mobile,0,2,1.12,0
T14693,M134,2026-09-03T16:47:44.790839,3566.74,16,0,Jaipur,Ahmedabad,1,mobile,1,1,1.19,0
T14694,M135,2026-08-15T14:13:52.790847,3258.7,14,0,Pune,Hyderabad,1,desktop,0,1,1.09,0
T14695,M118,2026-08-30T02:37:06.790855,523.82,2,1,Ahmedabad,Delhi,1,tablet,1,3,1.05,1
T14696,M121,2026-08-02T13:39:06.790863,26168.3,13,0,Pune,Mumbai,1,tablet,0,4,1.31,0
T14697,M101,2026-08-12T16:44:32.790873,3396.44,16,0,Pune,Chennai,1,desktop,0,1,1.13,0
T14698,M116,2026-07-29T13:21:20.790881,3689.65,13,0,Hyderabad,Kolkata,1,tablet,1,1,1.23,0
T14699,M136,2026-08-17T06:28:06.790889,651.74,6,1,Chennai,Pune,1,mobile,0,1,0.43,0
T14700,M119,2026-08-13T10:42:45.790896,13882.46,10,0,Ahmedabad,Chennai,1,mobile,0,1,1.74,0
T14701,M111,2026-08-09T14:43:55.790904,23894.8,14,0,Pune,Hyderabad,1,tablet,0,1,1.19,0
T14702,M128,2026-08-12T10:36:19.790912,180037.79,10,0,Chennai,Delhi,1,desktop,0,1,9.0,0
T14703,M115,2026-08-13T19:04:32.790921,9895.6,19,0,Pune,Jaipur,1,desktop,0,1,1.24,0
T14704,M139,2026-08-01T21:40:14.790930,1780.42,21,1,Bhubaneswar,Delhi,1,mobile,1,2,1.19,1
T14705,M134,2026-07-30T22:26:52.790938,5260.02,22,1,Kolkata,Pune,1,desktop,0,4,1.75,0
T14706,M124,2026-08-05T19:43:22.790946,258.41,19,0,Ahmedabad,Kolkata,1,desktop,0,1,0.52,0
T14707,M121,2026-09-04T15:09:55.790956,151837.56,15,0,Pune,Mumbai,1,tablet,0,1,7.59,1
T14708,M119,2026-08-04T00:31:24.790965,9650.01,0,1,Bhubaneswar,Bengaluru,1,desktop,0,1,1.21,0
T14709,M110,2026-08-16T23:24:02.790973,5562.99,23,1,Mumbai,Bengaluru,1,tablet,0,1,0.28,0
T14710,M116,2026-08-03T13:34:34.790981,666.14,13,0,Pune,Bengaluru,1,mobile,1,1,0.22,0
T14711,M134,2026-08-28T22:42:01.790989,2574.33,22,1,Bhubaneswar,Delhi,1,tablet,0,2,0.86,1
T14712,M133,2026-07-24T16:57:16.790998,3139.14,16,0,Bhubaneswar,Mumbai,1,desktop,1,1,1.05,0
T14713,M100,2026-08-27T14:54:58.791007,373.93,14,0,Hyderabad,Mumbai,1,mobile,0,1,0.75,0
T14714,M127,2026-08-22T22:21:45.791015,6006.34,22,0,Delhi,Bhubaneswar,1,tablet,0,1,0.3,0
T14715,M131,2026-09-03T18:24:53.791023,555.96,18,0,Ahmedabad,Mumbai,1,tablet,0,1,1.11,0
T14716,M119,2026-08-08T21:39:24.791031,10374.8,21,0,Bhubaneswar,Delhi,1,desktop,0,1,1.3,0
T14717,M113,2026-08-18T19:16:53.791042,17484.1,19,0,Hyderabad,Delhi,1,tablet,0,3,0.87,0
T14718,M126,2026-08-16T00:54:42.791054,2072.05,0,1,Bhubaneswar,Bengaluru,1,tablet,0,1,0.69,0
T14719,M130,2026-08-02T14:18:04.791063,1737.84,14,0,Chennai,Hyderabad,1,desktop,0,2,1.16,0
T14720,M139,2026-07-26T19:39:46.791070,50,19,1,Kolkata,Pune,1,tablet,0,2,0.03,1
T14721,M104,2026-08-25T06:08:54.791079,9708.95,6,1,Hyderabad,Mumbai,1,desktop,0,1,0.49,0
T14722,M136,2026-08-29T20:45:59.791087,909.3,20,1,Delhi,Kolkata,1,mobile,0,4,0.61,1
T14723,M137,2026-07-28T00:07:24.791095,2947.89,0,1,Mumbai,Bengaluru,1,tablet,1,1,0.98,1
T14724,M115,2026-08-13T10:06:39.791103,7989.56,10,0,Jaipur,Mumbai,1,mobile,0,1,1.0,0
T14725,M112,2026-08-05T22:27:43.791111,2383.23,22,0,Pune,Ahmedabad,1,tablet,0,1,1.59,0
T14726,M126,2026-07-29T00:39:39.791119,4806.95,0,1,Kolkata,Bengaluru,1,mobile,0,1,1.6,0
T14727,M114,2026-08-27T13:47:25.791129,631.18,13,0,Delhi,Chennai,1,desktop,0,4,1.26,0
T14728,M119,2026-08-13T22:29:35.791138,15937.58,22,1,Delhi,Kolkata,1,tablet,0,1,1.99,0
T14729,M114,2026-08-14T23:22:21.791146,152.33,23,1,Mumbai,Mumbai,0,tablet,0,3,0.3,0
T14730,M114,2026-08-18T15:13:13.791153,535.35,15,0,Pune,Ahmedabad,1,tablet,1,2,1.07,0
T14731,M127,2026-07-23T11:11:13.791162,23876.97,11,0,Mumbai,Chennai,1,mobile,0,1,1.19,0
T14732,M108,2026-08-05T15:32:24.791169,1369.73,15,0,Jaipur,Jaipur,0,mobile,0,1,0.91,0
T14733,M124,2026-07-24T15:23:40.791178,698.16,15,0,Jaipur,Ahmedabad,1,mobile,0,2,1.4,0
T14734,M116,2026-08-19T08:52:40.791185,3179.84,8,1,Ahmedabad,Bengaluru,1,mobile,0,1,1.06,0
T14735,M100,2026-08-06T19:46:00.791194,583.49,19,0,Hyderabad,Mumbai,1,tablet,0,1,1.17,0
T14736,M107,2026-08-23T18:23:06.791201,643.47,18,0,Bhubaneswar,Bengaluru,1,tablet,0,1,1.29,0
T14737,M135,2026-08-31T07:23:25.791211,3479.66,7,0,Hyderabad,Ahmedabad,1,tablet,0,1,1.16,0
T14738,M135,2026-07-28T00:06:45.791219,1934.41,0,0,Bhubaneswar,Bengaluru,1,desktop,0,1,0.64,0
T14739,M111,2026-07-27T06:45:41.791227,17276.53,6,0,Ahmedabad,Delhi,1,desktop,0,1,0.86,0
T14740,M104,2026-09-05T08:32:06.791235,17969.6,8,1,Mumbai,Bengaluru,1,tablet,0,1,0.9,0
T14741,M110,2026-08-12T01:43:20.791243,6653.23,1,1,Chennai,Jaipur,1,tablet,0,1,0.33,0
T14742,M137,2026-07-27T06:24:58.791251,1706.63,6,1,Jaipur,Hyderabad,1,desktop,0,1,0.57,0
T14743,M121,2026-09-04T23:01:31.791259,24921.83,23,0,Hyderabad,Mumbai,1,tablet,1,3,1.25,1
T14744,M128,2026-08-23T08:44:00.791267,23459.15,8,1,Pune,Hyderabad,1,tablet,0,1,1.17,0
T14745,M133,2026-08-27T09:17:15.791275,2849.23,9,0,Bengaluru,Mumbai,1,desktop,0,1,0.95,0
T14746,M106,2026-09-02T17:33:16.791283,421.36,17,0,Bengaluru,Hyderabad,1,mobile,0,2,0.84,0
T14747,M104,2026-08-24T23:05:35.791293,13410.6,23,1,Kolkata,Ahmedabad,1,mobile,0,8,0.67,1
T14748,M109,2026-08-19T05:49:53.791301,20254.43,5,1,Delhi,Bengaluru,1,mobile,0,5,1.01,0
T14749,M118,2026-08-18T14:50:51.791310,494.56,14,0,Jaipur,Pune,1,desktop,0,1,0.99,0
T14750,M135,2026-08-12T15:48:34.791318,2597.8,15,0,Bengaluru,Ahmedabad,1,desktop,0,4,0.87,0
T14751,M112,2026-08-21T15:55:25.791326,844.33,15,0,Pune,Delhi,1,tablet,0,1,0.56,0
T14752,M103,2026-08-12T16:52:32.791334,355.67,16,0,Kolkata,Bhubaneswar,1,tablet,0,1,0.71,0
T14753,M125,2026-08-26T09:06:18.791342,675.06,9,1,Hyderabad,Ahmedabad,1,tablet,0,2,1.35,1
T14754,M132,2026-08-05T05:07:15.791349,389.04,5,0,Ahmedabad,Jaipur,1,desktop,0,1,0.78,0
T14755,M121,2026-08-16T12:17:09.791359,25831.17,12,0,Delhi,Jaipur,1,tablet,0,3,1.29,0
T14756,M128,2026-08-06T03:34:54.791367,13784.76,3,1,Hyderabad,Bhubaneswar,1,desktop,0,1,0.69,0
T14757,M100,2026-07-31T20:19:44.791377,878.11,20,0,Kolkata,Ahmedabad,1,tablet,0,1,1.76,0
T14758,M133,2026-07-31T09:25:38.791385,1436.3,9,0,Jaipur,Delhi,1,desktop,0,2,0.48,0
T14759,M128,2026-08-26T23:33:22.791393,10472.44,23,1,Bengaluru,Bhubaneswar,1,desktop,0,1,0.52,0
T14760,M101,2026-08-06T18:00:33.791401,3207.44,18,0,Kolkata,Bhubaneswar,1,tablet,0,4,1.07,0
T14761,M120,2026-09-02T16:07:19.791408,3898.08,16,0,Jaipur,Kolkata,1,mobile,0,1,1.3,0
T14762,M100,2026-09-03T01:29:32.791416,178.56,1,1,Bhubaneswar,Hyderabad,1,tablet,0,1,0.36,0
T14763,M110,2026-08-24T19:41:06.791424,20321.01,19,0,Pune,Bhubaneswar,1,desktop,1,1,1.02,0
T14764,M125,2026-08-10T02:56:09.791431,319.39,2,1,Jaipur,Kolkata,1,mobile,0,1,0.64,1
T14765,M131,2026-08-24T11:59:06.791439,560.81,11,0,Mumbai,Pune,1,desktop,1,1,1.12,1
T14766,M130,2026-08-02T04:40:41.791447,668.06,4,0,Chennai,Delhi,1,mobile,0,1,0.45,0
T14767,M127,2026-08-10T09:58:56.791457,18359.33,9,0,Kolkata,Delhi,1,tablet,1,1,0.92,0
T14768,M125,2026-07-24T00:05:17.791469,540.27,0,1,Pune,Kolkata,1,tablet,0,1,1.08,0
T14769,M118,2026-08-02T07:52:20.791478,387.05,7,1,Kolkata,Bhubaneswar,1,desktop,0,1,0.77,0
T14770,M116,2026-08-11T01:54:35.791486,3260.15,1,1,Bengaluru,Kolkata,1,mobile,0,1,1.09,0
T14771,M110,2026-08-31T10:51:48.791494,12311.42,10,0,Bhubaneswar,Bhubaneswar,0,desktop,0,1,0.62,0
T14772,M107,2026-08-16T22:31:45.791503,328.21,22,1,Chennai,Delhi,1,desktop,0,1,0.66,1
T14773,M119,2026-08-17T13:09:01.791511,8591.71,13,0,Pune,Delhi,1,mobile,0,2,1.07,0
T14774,M115,2026-09-03T01:26:15.791519,6961.43,1,0,Bhubaneswar,Hyderabad,1,mobile,0,1,0.87,0
T14775,M104,2026-08-25T07:38:20.791527,20840.29,7,1,Hyderabad,Chennai,1,tablet,0,1,1.04,0
T14776,M138,2026-07-24T11:23:56.791535,698.89,11,0,Kolkata,Jaipur,1,desktop,0,1,1.4,0
T14777,M113,2026-08-12T08:05:02.791545,15606.62,8,0,Jaipur,Hyderabad,1,desktop,0,1,0.78,0
T14778,M103,2026-08-05T19:38:14.791553,663.97,19,1,Kolkata,Ahmedabad,1,tablet,0,1,1.33,0
T14779,M112,2026-08-28T01:54:11.791561,1852.9,1,0,Bengaluru,Chennai,1,tablet,0,1,1.24,0
T14780,M126,2026-08-14T21:18:54.791569,2188.11,21,1,Delhi,Bengaluru,1,mobile,0,2,0.73,0
T14781,M101,2026-09-05T18:41:07.791577,4922.11,18,0,Bhubaneswar,Chennai,1,desktop,1,1,1.64,0
T14782,M124,2026-09-01T19:00:03.791586,326.94,19,0,Delhi,Hyderabad,1,tablet,0,1,0.65,0
T14783,M133,2026-08-12T16:37:52.791594,2359.14,16,0,Bhubaneswar,Bhubaneswar,0,desktop,0,1,0.79,0
T14784,M133,2026-08-12T13:39:06.791602,3300.13,13,0,Chennai,Delhi,1,tablet,0,1,1.1,0
T14785,M139,2026-08-05T20:12:04.791610,2817.15,20,1,Chennai,Chennai,0,desktop,0,1,1.88,0
T14786,M108,2026-08-09T13:54:41.791617,1329.36,13,0,Jaipur,Kolkata,1,mobile,0,1,0.89,0
T14787,M110,2026-08-18T16:08:19.791627,26979.06,16,0,Mumbai,Ahmedabad,1,desktop,1,5,1.35,0
T14788,M107,2026-08-04T06:02:34.791635,482.17,6,1,Bengaluru,Jaipur,1,mobile,0,1,0.96,1
T14789,M138,2026-08-25T10:49:10.791643,516.36,10,0,Mumbai,Jaipur,1,tablet,0,1,1.03,0
T14790,M100,2026-09-04T05:28:41.791651,464.21,5,1,Bhubaneswar,Bhubaneswar,0,mobile,0,2,0.93,0
T14791,M120,2026-08-11T02:28:54.791659,1890.39,2,0,Ahmedabad,Bhubaneswar,1,desktop,0,1,0.63,0
T14792,M125,2026-08-31T12:43:45.791668,511.03,12,0,Ahmedabad,Delhi,1,tablet,0,1,1.02,0
T14793,M133,2026-08-11T22:50:19.791676,5035.4,22,0,Hyderabad,Hyderabad,0,tablet,0,1,1.68,0
T14794,M100,2026-08-01T14:21:01.791684,724.29,14,0,Bhubaneswar,Jaipur,1,desktop,0,1,1.45,0
T14795,M123,2026-08-31T06:32:24.791692,12474.29,6,1,Bhubaneswar,Ahmedabad,1,desktop,0,1,1.56,0
T14796,M117,2026-08-30T23:12:02.791700,1504.52,23,0,Pune,Chennai,1,mobile,0,1,1.0,0
T14797,M103,2026-09-04T22:15:52.791710,654.05,22,1,Mumbai,Delhi,1,tablet,0,1,1.31,0
T14798,M116,2026-09-05T13:13:00.791718,1521.63,13,0,Bhubaneswar,Bengaluru,1,mobile,1,1,0.51,0
T14799,M118,2026-08-22T17:16:49.791726,488.1,17,0,Jaipur,Kolkata,1,tablet,0,1,0.98,0
T14800,M138,2026-07-31T05:10:27.791734,592.2,5,1,Pune,Bengaluru,1,desktop,0,1,1.18,1
T14801,M120,2026-08-22T22:16:00.791742,2457.53,22,0,Jaipur,Chennai,1,tablet,0,2,0.82,0
T14802,M105,2026-08-23T15:01:54.791750,23412.21,15,0,Bhubaneswar,Hyderabad,1,mobile,0,1,1.17,0
T14803,M139,2026-08-07T01:48:24.791758,862.93,1,1,Mumbai,Delhi,1,tablet,0,1,0.58,0
T14804,M124,2026-07-27T01:38:13.791766,178.91,1,0,Bengaluru,Bhubaneswar,1,tablet,0,2,0.36,0
T14805,M104,2026-07-23T15:58:58.791774,27686.53,15,0,Jaipur,Chennai,1,mobile,1,1,1.38,1
T14806,M115,2026-08-24T10:30:10.791782,9383.85,10,0,Hyderabad,Chennai,1,tablet,0,8,1.17,1
T14807,M123,2026-08-05T15:42:16.791791,10969.77,15,0,Delhi,Bengaluru,1,tablet,0,2,1.37,0
T14808,M117,2026-08-27T18:57:54.791799,2155.19,18,0,Chennai,Chennai,0,tablet,1,1,1.44,0
T14809,M132,2026-08-21T23:25:01.791807,470.77,23,0,Jaipur,Bhubaneswar,1,mobile,0,3,0.94,0
T14810,M113,2026-08-08T11:31:17.791815,28168.25,11,0,Pune,Kolkata,1,mobile,0,2,1.41,0
T14811,M100,2026-08-16T02:16:17.791823,299.57,2,1,Jaipur,Delhi,1,mobile,1,2,0.6,1
T14812,M129,2026-08-30T14:08:45.791830,461.17,14,0,Chennai,Mumbai,1,desktop,0,1,0.92,0
T14813,M120,2026-07-23T21:18:10.791839,3404.94,21,0,Jaipur,Bengaluru,1,tablet,0,1,1.13,0
T14814,M120,2026-08-29T07:33:58.791846,2769.23,7,0,Mumbai,Kolkata,1,tablet,0,1,0.92,0
T14815,M106,2026-08-22T07:05:15.791854,813.4,7,1,Pune,Bhubaneswar,1,desktop,0,1,1.63,0
T14816,M100,2026-08-03T06:08:24.791862,681.7,6,1,Hyderabad,Bhubaneswar,1,desktop,0,1,1.36,0
T14817,M101,2026-08-25T09:19:34.791872,4008.81,9,0,Mumbai,Mumbai,0,tablet,0,5,1.34,0
T14818,M113,2026-07-28T05:00:25.791881,24473.86,5,0,Ahmedabad,Hyderabad,1,mobile,0,3,1.22,0
T14819,M101,2026-09-02T05:06:38.791891,17003.99,5,1,Hyderabad,Bengaluru,1,tablet,1,1,5.67,1
T14820,M121,2026-08-25T01:38:16.791903,11728.52,1,0,Kolkata,Bengaluru,1,tablet,0,1,0.59,0
T14821,M122,2026-08-27T14:04:51.791912,736.63,14,0,Jaipur,Hyderabad,1,mobile,0,1,1.47,0
T14822,M113,2026-07-26T11:16:00.791921,31903.34,11,0,Jaipur,Jaipur,0,tablet,0,1,1.6,0
T14823,M111,2026-08-30T02:38:19.791929,22230.74,2,0,Mumbai,Bhubaneswar,1,desktop,0,1,1.11,0
T14824,M115,2026-08-21T07:30:35.791938,5993.51,7,0,Delhi,Jaipur,1,tablet,0,1,0.75,0
T14825,M137,2026-09-02T14:31:07.791946,3267.17,14,0,Jaipur,Chennai,1,desktop,0,2,1.09,0
T14826,M128,2026-08-28T13:54:23.791954,15759.3,13,0,Pune,Kolkata,1,tablet,1,1,0.79,0
T14827,M128,2026-07-27T19:36:59.791963,35565.61,19,0,Jaipur,Ahmedabad,1,desktop,0,1,1.78,0
T14828,M137,2026-08-18T19:07:14.791971,25624.3,19,1,Bengaluru,Mumbai,1,desktop,1,1,8.54,1
T14829,M129,2026-08-05T22:47:46.791980,285.39,22,1,Mumbai,Kolkata,1,desktop,0,3,0.57,1
T14830,M112,2026-08-21T19:01:09.791988,1668.44,19,0,Chennai,Chennai,0,mobile,0,1,1.11,0
T14831,M130,2026-07-26T21:49:47.791997,1796.37,21,0,Bhubaneswar,Mumbai,1,mobile,0,1,1.2,0
T14832,M125,2026-08-15T16:42:27.792006,731.67,16,0,Delhi,Kolkata,1,tablet,0,2,1.46,0
T14833,M127,2026-07-26T23:58:57.792014,14101.38,23,0,Kolkata,Kolkata,0,tablet,0,1,0.71,0
T14834,M131,2026-08-25T16:48:36.792022,334.64,16,0,Kolkata,Pune,1,mobile,0,5,0.67,0
T14835,M106,2026-08-25T05:31:27.792030,418.16,5,1,Hyderabad,Mumbai,1,tablet,0,1,0.84,0
T14836,M133,2026-08-02T17:31:26.792038,3467.03,17,0,Mumbai,Mumbai,0,desktop,0,1,1.16,0
T14837,M124,2026-08-26T12:34:24.792048,661.38,12,0,Hyderabad,Mumbai,1,tablet,0,1,1.32,0
T14838,M115,2026-07-27T16:08:25.792056,6590.81,16,0,Chennai,Kolkata,1,tablet,0,1,0.82,0
T14839,M124,2026-07-25T08:00:30.792064,565.85,8,0,Mumbai,Kolkata,1,desktop,0,4,1.13,0
T14840,M133,2026-08-17T19:11:55.792072,3541.33,19,0,Jaipur,Delhi,1,mobile,0,1,1.18,0
T14841,M132,2026-08-24T01:34:28.792080,421.01,1,0,Bhubaneswar,Jaipur,1,tablet,0,1,0.84,0
T14842,M103,2026-08-27T15:57:43.792088,388.26,15,0,Kolkata,Pune,1,tablet,0,1,0.78,0
T14843,M137,2026-07-24T00:36:09.792096,3988.63,0,1,Hyderabad,Kolkata,1,tablet,0,1,1.33,0
T14844,M117,2026-08-29T06:49:52.792104,686.08,6,0,Mumbai,Bhubaneswar,1,tablet,0,2,0.46,0
T14845,M130,2026-08-17T16:25:30.792112,1555.3,16,0,Kolkata,Pune,1,mobile,0,1,1.04,0
T14846,M120,2026-09-01T17:46:56.792120,3210.94,17,0,Chennai,Bhubaneswar,1,tablet,0,1,1.07,0
T14847,M100,2026-07-24T03:07:38.792129,652.8,3,1,Ahmedabad,Pune,1,desktop,0,1,1.31,0
T14848,M139,2026-08-13T01:38:25.792137,1858.66,1,1,Kolkata,Hyderabad,1,tablet,0,1,1.24,0
T14849,M109,2026-08-31T19:23:47.792145,6702.11,19,0,Hyderabad,Mumbai,1,mobile,0,2,0.34,0
T14850,M130,2026-08-30T21:37:26.792152,3139.66,21,0,Hyderabad,Mumbai,1,tablet,0,2,2.09,0
T14851,M116,2026-08-18T20:32:44.792161,2110.25,20,0,Mumbai,Jaipur,1,tablet,0,1,0.7,0
T14852,M106,2026-07-31T01:30:50.792170,532.21,1,1,Hyderabad,Mumbai,1,desktop,0,5,1.06,1
T14853,M130,2026-07-29T03:36:53.792179,798.01,3,0,Bengaluru,Ahmedabad,1,mobile,0,2,0.53,0
T14854,M133,2026-09-04T16:21:25.792187,5859.67,16,0,Ahmedabad,Kolkata,1,desktop,1,5,1.95,0
T14855,M121,2026-07-30T09:10:25.792195,32912.9,9,0,Ahmedabad,Hyderabad,1,tablet,0,1,1.65,0
T14856,M100,2026-08-11T03:56:02.792202,261.22,3,1,Kolkata,Chennai,1,mobile,1,1,0.52,1
T14857,M138,2026-09-01T18:21:55.792212,447.99,18,0,Jaipur,Bhubaneswar,1,desktop,0,1,0.9,0
T14858,M121,2026-07-31T08:39:14.792220,16431.16,8,0,Bhubaneswar,Bhubaneswar,0,tablet,0,1,0.82,0
T14859,M114,2026-08-25T00:39:25.792228,697.57,0,1,Pune,Delhi,1,desktop,0,1,1.4,0
T14860,M110,2026-08-24T10:09:36.792235,13173.39,10,0,Mumbai,Delhi,1,desktop,0,1,0.66,0
T14861,M103,2026-08-24T22:45:31.792243,262.56,22,1,Delhi,Pune,1,tablet,0,8,0.53,1
T14862,M124,2026-08-27T08:26:30.792251,337.82,8,0,Mumbai,Chennai,1,desktop,0,3,0.68,0
T14863,M126,2026-07-26T15:31:58.792259,1295.79,15,0,Pune,Bhubaneswar,1,tablet,0,1,0.43,0
T14864,M114,2026-08-31T00:56:15.792267,559.85,0,1,Bengaluru,Bhubaneswar,1,tablet,1,5,1.12,1
T14865,M111,2026-08-18T13:43:56.792275,6421.15,13,0,Jaipur,Delhi,1,desktop,0,2,0.32,0
T14866,M112,2026-07-24T06:55:18.792283,2272.08,6,0,Delhi,Jaipur,1,mobile,0,1,1.51,0
T14867,M113,2026-08-11T18:28:10.792292,18061.72,18,0,Kolkata,Jaipur,1,mobile,1,1,0.9,0
T14868,M139,2026-08-22T12:37:59.792300,2862.96,12,0,Ahmedabad,Bengaluru,1,desktop,0,3,1.91,0
T14869,M129,2026-08-10T19:26:01.792308,247.02,19,0,Jaipur,Ahmedabad,1,tablet,0,1,0.49,0
T14870,M131,2026-08-06T14:58:52.792317,695.15,14,0,Jaipur,Hyderabad,1,tablet,0,1,1.39,0
T14871,M111,2026-08-20T07:51:39.792325,28363.05,7,0,Delhi,Kolkata,1,tablet,0,1,1.42,0
T14872,M119,2026-08-08T21:46:22.792333,7474.87,21,0,Ahmedabad,Ahmedabad,0,mobile,1,1,0.93,0
T14873,M133,2026-07-27T15:51:16.792341,5109.67,15,0,Jaipur,Ahmedabad,1,desktop,0,5,1.7,0
T14874,M106,2026-08-22T05:30:13.792348,124.26,5,1,Ahmedabad,Kolkata,1,desktop,0,2,0.25,0
T14875,M125,2026-09-02T00:04:03.792356,642.46,0,1,Jaipur,Pune,1,mobile,0,1,1.28,0
T14876,M104,2026-08-14T09:20:26.792364,26113.24,9,0,Jaipur,Chennai,1,desktop,0,1,1.31,0
T14877,M120,2026-07-23T08:04:41.792374,3704.96,8,0,Pune,Ahmedabad,1,desktop,0,1,1.23,0
T14878,M131,2026-08-12T04:27:37.792382,283.58,4,1,Delhi,Hyderabad,1,tablet,0,1,0.57,0
T14879,M102,2026-08-16T00:59:05.792390,1859.56,0,1,Hyderabad,Hyderabad,0,desktop,0,1,1.24,0
T14880,M108,2026-09-05T15:52:15.792398,1487.99,15,0,Jaipur,Jaipur,0,mobile,0,1,0.99,0
T14881,M123,2026-08-31T03:56:11.792405,9665.15,3,1,Delhi,Ahmedabad,1,desktop,0,2,1.21,0
T14882,M116,2026-07-27T18:48:04.792413,4629.24,18,0,Mumbai,Delhi,1,desktop,0,1,1.54,0
T14883,M105,2026-08-22T13:03:08.792423,28230.24,13,0,Bhubaneswar,Jaipur,1,tablet,0,1,1.41,0
T14884,M118,2026-08-19T04:18:34.792431,812.96,4,1,Bengaluru,Ahmedabad,1,desktop,1,1,1.63,1
T14885,M106,2026-09-05T09:18:07.792439,466.93,9,0,Jaipur,Pune,1,mobile,0,2,0.93,0
T14886,M106,2026-08-25T01:23:44.792447,348.36,1,1,Chennai,Mumbai,1,tablet,0,1,0.7,0
T14887,M134,2026-08-20T21:08:35.792457,3290.0,21,0,Bengaluru,Bhubaneswar,1,tablet,0,1,1.1,0
T14888,M138,2026-08-21T23:29:42.792465,515.43,23,1,Mumbai,Bengaluru,1,tablet,0,1,1.03,0
T14889,M108,2026-08-31T20:49:55.792473,969.25,20,1,Pune,Jaipur,1,desktop,0,4,0.65,1
T14890,M115,2026-08-18T16:45:19.792481,10032.28,16,0,Kolkata,Mumbai,1,mobile,0,1,1.25,0
T14891,M107,2026-09-02T21:16:37.792490,378.56,21,0,Jaipur,Jaipur,0,mobile,0,1,0.76,0
T14892,M112,2026-08-14T03:09:13.792498,767.3,3,0,Jaipur,Ahmedabad,1,tablet,0,1,0.51,0
T14893,M109,2026-07-25T11:21:16.792506,17616.93,11,0,Hyderabad,Mumbai,1,desktop,1,1,0.88,0
T14894,M127,2026-08-19T17:11:00.792513,18565.35,17,0,Bhubaneswar,Ahmedabad,1,desktop,0,4,0.93,0
T14895,M117,2026-07-26T08:18:03.792522,82.77,8,0,Delhi,Bhubaneswar,1,tablet,0,1,0.06,0
T14896,M108,2026-08-14T01:08:52.792531,1415.51,1,1,Bhubaneswar,Chennai,1,mobile,0,1,0.94,0
T14897,M115,2026-08-06T20:43:30.792541,3573.46,20,0,Kolkata,Hyderabad,1,tablet,1,1,0.45,0
T14898,M131,2026-08-23T07:07:21.792549,344.53,7,1,Delhi,Mumbai,1,tablet,0,1,0.69,0
T14899,M115,2026-08-09T10:35:50.792557,4339.23,10,0,Jaipur,Jaipur,0,desktop,1,1,0.54,0
T14900,M114,2026-08-04T17:41:11.792565,387.25,17,0,Bhubaneswar,Delhi,1,desktop,0,1,0.77,0
T14901,M135,2026-08-15T16:39:07.792573,3491.48,16,0,Mumbai,Bengaluru,1,tablet,0,1,1.16,0
T14902,M103,2026-08-30T07:37:34.792581,780.0,7,1,Chennai,Delhi,1,desktop,0,1,1.56,0
T14903,M102,2026-08-01T01:47:23.792589,662.61,1,1,Jaipur,Bhubaneswar,1,tablet,0,2,0.44,0
T14904,M116,2026-09-05T18:10:06.792597,887.98,18,0,Bhubaneswar,Delhi,1,desktop,0,1,0.3,0
T14905,M133,2026-08-06T14:19:02.792605,2437.74,14,0,Ahmedabad,Chennai,1,tablet,0,1,0.81,0
T14906,M111,2026-08-12T10:10:13.792613,27110.36,10,0,Kolkata,Pune,1,tablet,0,1,1.36,0
T14907,M111,2026-07-24T00:44:25.792623,36110.4,0,0,Jaipur,Mumbai,1,desktop,0,1,1.81,0
T14908,M131,2026-08-05T20:06:38.792631,839.35,20,0,Pune,Ahmedabad,1,desktop,0,1,1.68,0
T14909,M121,2026-08-08T16:24:23.792639,4419.37,16,0,Pune,Kolkata,1,tablet,0,1,0.22,0
T14910,M138,2026-08-27T09:03:08.792647,593.38,9,1,Jaipur,Delhi,1,mobile,0,2,1.19,0
T14911,M111,2026-08-06T05:37:57.792655,20311.97,5,0,Chennai,Ahmedabad,1,tablet,0,1,1.02,0
T14912,M107,2026-08-19T18:24:21.792663,429.48,18,0,Bengaluru,Chennai,1,tablet,0,1,0.86,0
T14913,M123,2026-08-31T06:08:31.792671,5007.33,6,1,Ahmedabad,Bengaluru,1,desktop,0,1,0.63,0
T14914,M115,2026-09-04T13:56:09.792678,15403.45,13,0,Pune,Ahmedabad,1,mobile,0,1,1.93,0
T14915,M106,2026-09-02T16:12:18.792686,372.01,16,0,Mumbai,Mumbai,0,tablet,0,1,0.74,0
T14916,M129,2026-08-06T21:56:26.792694,291.44,21,0,Chennai,Bengaluru,1,mobile,0,1,0.58,0
T14917,M136,2026-08-15T03:14:02.792704,853.92,3,1,Ahmedabad,Hyderabad,1,mobile,0,5,0.57,1
T14918,M111,2026-08-16T07:47:55.792712,24542.67,7,0,Pune,Pune,0,desktop,0,1,1.23,0
T14919,M124,2026-09-03T13:20:51.792720,341.55,13,0,Mumbai,Kolkata,1,desktop,1,1,0.68,0
T14920,M110,2026-08-23T22:14:31.792728,6755.04,22,1,Delhi,Hyderabad,1,mobile,0,1,0.34,0
T14921,M125,2026-08-23T02:42:20.792737,737.86,2,1,Hyderabad,Hyderabad,0,desktop,0,1,1.48,0
T14922,M116,2026-08-22T20:08:06.792745,1999.05,20,0,Mumbai,Chennai,1,mobile,0,1,0.67,0
T14923,M124,2026-08-02T06:48:26.792753,329.62,6,0,Ahmedabad,Mumbai,1,desktop,0,1,0.66,0
T14924,M104,2026-08-17T08:38:39.792761,26342.73,8,1,Jaipur,Ahmedabad,1,desktop,0,1,1.32,0
T14925,M110,2026-07-31T15:22:35.792769,24884.78,15,0,Delhi,Hyderabad,1,mobile,0,3,1.24,0
T14926,M139,2026-08-24T09:45:56.792776,625.49,9,1,Delhi,Delhi,0,tablet,0,1,0.42,0
T14927,M128,2026-08-25T20:01:21.792786,9779.4,20,0,Chennai,Hyderabad,1,desktop,0,1,0.49,0
T14928,M100,2026-09-03T00:50:33.792800,350.27,0,1,Delhi,Chennai,1,mobile,0,1,0.7,0
T14929,M116,2026-08-21T08:02:36.792808,2404.81,8,1,Chennai,Ahmedabad,1,desktop,0,1,0.8,0
T14930,M132,2026-08-12T06:42:09.792816,746.48,6,0,Jaipur,Ahmedabad,1,desktop,1,1,1.49,0
T14931,M103,2026-08-18T04:33:26.792824,638.53,4,1,Delhi,Bhubaneswar,1,desktop,0,1,1.28,0
T14932,M128,2026-09-01T15:14:26.792832,18000.64,15,0,Pune,Hyderabad,1,tablet,1,1,0.9,0
T14933,M120,2026-08-25T19:45:43.792840,2871.59,19,0,Chennai,Mumbai,1,mobile,1,3,0.96,0
T14934,M119,2026-09-05T23:10:40.792848,6424.55,23,1,Ahmedabad,Kolkata,1,tablet,0,1,0.8,0
T14935,M110,2026-08-12T04:11:46.792856,26564.37,4,1,Hyderabad,Mumbai,1,desktop,0,1,1.33,0
T14936,M133,2026-08-25T17:26:41.792863,2589.64,17,0,Delhi,Bengaluru,1,tablet,0,1,0.86,0
T14937,M137,2026-08-26T18:56:08.792874,1967.6,18,0,Bengaluru,Pune,1,tablet,1,1,0.66,0
T14938,M122,2026-08-07T11:45:31.792882,541.64,11,0,Kolkata,Bengaluru,1,tablet,0,1,1.08,0
T14939,M118,2026-08-20T23:16:22.792890,431.27,23,1,Kolkata,Hyderabad,1,mobile,0,1,0.86,0
T14940,M129,2026-08-04T10:34:07.792898,165.94,10,0,Delhi,Mumbai,1,desktop,0,1,0.33,0
T14941,M114,2026-09-01T07:18:14.792906,126.1,7,1,Hyderabad,Hyderabad,0,desktop,0,1,0.25,0
T14942,M124,2026-08-02T02:12:26.792913,505.24,2,0,Kolkata,Bengaluru,1,tablet,0,2,1.01,0
T14943,M110,2026-08-08T01:10:47.792922,27643.03,1,1,Pune,Delhi,1,desktop,1,1,1.38,1
T14944,M122,2026-09-02T11:19:17.792930,657.95,11,0,Kolkata,Jaipur,1,desktop,0,1,1.32,0
T14945,M119,2026-08-18T00:16:00.792937,5391.68,0,1,Kolkata,Mumbai,1,tablet,0,3,0.67,1
T14946,M115,2026-08-08T04:42:25.792947,7161.8,4,0,Chennai,Mumbai,1,desktop,1,3,0.9,1
T14947,M115,2026-07-25T04:45:46.792956,11510.31,4,0,Delhi,Delhi,0,mobile,0,1,1.44,0
T14948,M133,2026-09-05T07:13:11.792964,1922.78,7,0,Bengaluru,Hyderabad,1,desktop,0,1,0.64,0
T14949,M126,2026-08-19T07:03:13.792972,2171.82,7,1,Hyderabad,Hyderabad,0,desktop,0,1,0.72,0
T14950,M123,2026-08-20T15:16:36.792980,4320.43,15,0,Chennai,Hyderabad,1,tablet,0,1,0.54,0
T14951,M124,2026-08-20T03:22:21.792988,417.51,3,0,Mumbai,Pune,1,tablet,0,1,0.84,0
T14952,M112,2026-09-05T01:02:38.792996,841.04,1,0,Bengaluru,Kolkata,1,tablet,0,1,0.56,0
T14953,M119,2026-08-04T05:14:53.793004,7451.84,5,1,Pune,Mumbai,1,mobile,0,1,0.93,0
T14954,M125,2026-08-08T20:05:45.793011,547.76,20,1,Mumbai,Kolkata,1,desktop,0,1,1.1,0
T14955,M108,2026-07-30T22:38:47.793020,791.7,22,1,Chennai,Bengaluru,1,mobile,0,1,0.53,0
T14956,M104,2026-08-19T20:44:15.793027,21739.73,20,0,Bhubaneswar,Ahmedabad,1,mobile,0,2,1.09,0
T14957,M121,2026-08-20T17:13:17.793037,21350.15,17,0,Delhi,Chennai,1,tablet,0,1,1.07,0
T14958,M135,2026-08-11T07:22:55.793045,4711.02,7,0,Jaipur,Kolkata,1,tablet,1,3,1.57,0
T14959,M100,2026-08-26T17:44:06.793054,732.35,17,0,Chennai,Pune,1,desktop,0,1,1.46,0
T14960,M110,2026-08-05T22:27:47.793062,20289.04,22,1,Mumbai,Mumbai,0,mobile,0,1,1.01,0
T14961,M138,2026-07-31T07:22:42.793070,613.24,7,1,Bengaluru,Chennai,1,tablet,0,1,1.23,0
T14962,M131,2026-08-19T12:36:22.793078,882.13,12,0,Bengaluru,Bhubaneswar,1,desktop,0,5,1.76,0
T14963,M126,2026-07-31T21:56:05.793087,4576.81,21,1,Jaipur,Chennai,1,desktop,0,2,1.53,0
T14964,M134,2026-08-28T13:49:41.793095,5328.9,13,0,Ahmedabad,Bhubaneswar,1,desktop,0,1,1.78,0
T14965,M135,2026-08-01T04:15:22.793103,17979.88,4,0,Bhubaneswar,Mumbai,1,desktop,1,1,5.99,1
T14966,M108,2026-08-15T13:02:45.793111,2747.85,13,0,Pune,Kolkata,1,desktop,0,2,1.83,0
T14967,M112,2026-08-12T19:59:45.793120,1080.76,19,0,Bengaluru,Chennai,1,desktop,0,2,0.72,0
T14968,M128,2026-09-02T23:32:56.793129,10375.95,23,1,Chennai,Hyderabad,1,tablet,0,1,0.52,0
T14969,M110,2026-07-31T00:55:02.793137,22803.71,0,1,Bengaluru,Jaipur,1,mobile,0,1,1.14,0
T14970,M132,2026-08-07T18:57:18.793144,553.15,18,0,Mumbai,Kolkata,1,mobile,0,1,1.11,0
T14971,M118,2026-09-05T14:56:40.793153,606.97,14,0,Mumbai,Delhi,1,desktop,0,1,1.21,0
T14972,M110,2026-07-31T23:57:07.793162,16086.01,23,1,Kolkata,Ahmedabad,1,tablet,0,1,0.8,0
T14973,M114,2026-08-19T22:03:07.793170,437.68,22,1,Pune,Mumbai,1,desktop,0,1,0.88,1
T14974,M112,2026-08-01T12:52:26.793178,1084.85,12,0,Hyderabad,Pune,1,tablet,0,2,0.72,0
T14975,M114,2026-08-02T01:13:55.793186,326.77,1,1,Ahmedabad,Jaipur,1,tablet,0,4,0.65,1
T14976,M139,2026-07-24T01:00:09.793194,953.04,1,1,Chennai,Pune,1,tablet,0,1,0.64,0
T14977,M111,2026-08-08T18:10:40.793203,31436.64,18,0,Ahmedabad,Bengaluru,1,mobile,0,1,1.57,0
T14978,M100,2026-08-15T09:26:00.793211,709.12,9,0,Jaipur,Kolkata,1,tablet,0,2,1.42,0
T14979,M129,2026-08-05T19:59:56.793219,505.89,19,0,Pune,Bengaluru,1,tablet,0,1,1.01,0
T14980,M123,2026-08-23T08:49:09.793227,5773.62,8,1,Kolkata,Bhubaneswar,1,mobile,0,1,0.72,0
T14981,M100,2026-08-28T05:16:44.793235,629.32,5,1,Bengaluru,Pune,1,tablet,0,1,1.26,0
T14982,M107,2026-08-28T04:56:51.793243,291.89,4,1,Pune,Kolkata,1,mobile,1,1,0.58,0
T14983,M126,2026-08-13T15:04:31.793251,796.61,15,0,Jaipur,Mumbai,1,tablet,0,4,0.27,0
T14984,M120,2026-08-19T14:03:43.793259,1871.84,14,0,Kolkata,Chennai,1,mobile,0,2,0.62,0
T14985,M112,2026-08-26T17:00:29.793267,1897.52,17,0,Kolkata,Pune,1,desktop,0,3,1.27,0
T14986,M126,2026-08-22T18:22:20.793275,6273.06,18,0,Mumbai,Hyderabad,1,desktop,0,1,2.09,0
T14987,M117,2026-08-01T05:14:27.793285,2234.62,5,0,Mumbai,Bhubaneswar,1,mobile,0,1,1.49,0
T14988,M115,2026-08-23T13:44:25.793292,11759.17,13,0,Pune,Hyderabad,1,tablet,0,4,1.47,0
T14989,M110,2026-08-09T15:15:03.793301,14064.89,15,0,Kolkata,Chennai,1,tablet,0,1,0.7,0
T14990,M127,2026-08-13T06:28:35.793308,13049.02,6,0,Bengaluru,Jaipur,1,desktop,1,1,0.65,0
T14991,M101,2026-08-14T07:58:30.793317,1554.91,7,1,Mumbai,Delhi,1,tablet,0,1,0.52,1
T14992,M118,2026-08-17T09:58:04.793324,525.82,9,0,Chennai,Bengaluru,1,mobile,0,1,1.05,0
T14993,M137,2026-08-23T16:29:50.793333,10220.03,16,0,Bhubaneswar,Delhi,1,mobile,0,1,3.41,0
T14994,M110,2026-08-25T21:45:54.793341,21091.19,21,0,Chennai,Bhubaneswar,1,mobile,0,8,1.05,0
T14995,M101,2026-08-26T14:26:12.793349,3431.87,14,0,Chennai,Mumbai,1,desktop,0,1,1.14,0
T14996,M117,2026-08-25T05:57:01.793357,1732.14,5,0,Pune,Mumbai,1,mobile,0,1,1.15,0
T14997,M135,2026-08-07T08:32:46.793366,19569.52,8,0,Kolkata,Ahmedabad,1,desktop,0,1,6.52,0
T14998,M114,2026-08-08T18:24:36.793375,4102.42,18,0,Chennai,Bengaluru,1,desktop,0,1,8.2,0
T14999,M114,2026-08-18T04:48:33.793384,430.95,4,1,Delhi,Pune,1,mobile,1,1,0.86,1
T15000,M130,2026-09-02T01:32:32.793392,1836.96,1,0,Hyderabad,Chennai,1,mobile,0,1,1.22,0
T15001,M120,2026-07-23T11:56:14.793400,3465.55,11,0,Ahmedabad,Bengaluru,1,desktop,0,1,1.16,0
T15002,M131,2026-08-01T16:53:47.793408,421.37,16,0,Ahmedabad,Bengaluru,1,desktop,0,2,0.84,0
T15003,M120,2026-08-31T11:48:39.793416,3002.19,11,0,Bengaluru,Chennai,1,mobile,0,1,1.0,0
T15004,M139,2026-08-12T19:03:17.793424,1355.92,19,1,Hyderabad,Hyderabad,0,desktop,0,1,0.9,0
T15005,M137,2026-08-27T16:35:00.793432,2440.97,16,0,Bhubaneswar,Hyderabad,1,mobile,0,2,0.81,0
T15006,M117,2026-08-29T11:56:09.793440,2521.57,11,0,Jaipur,Delhi,1,mobile,1,2,1.68,0
T15007,M107,2026-08-30T09:46:21.793450,632.16,9,0,Bengaluru,Jaipur,1,tablet,1,1,1.26,0
T15008,M121,2026-08-26T10:59:04.793458,5449.45,10,0,Pune,Chennai,1,tablet,0,1,0.27,0
T15009,M109,2026-08-11T15:51:46.793466,10616.87,15,0,Bengaluru,Ahmedabad,1,mobile,0,1,0.53,0
T15010,M125,2026-09-01T18:17:32.793475,350.78,18,0,Delhi,Mumbai,1,desktop,0,1,0.7,0
T15011,M108,2026-08-25T22:00:22.793483,1685.94,22,1,Bengaluru,Chennai,1,mobile,0,1,1.12,0
T15012,M139,2026-08-17T01:44:47.793491,1560.97,1,1,Delhi,Mumbai,1,desktop,0,1,1.04,0
T15013,M103,2026-08-16T10:12:24.793499,696.29,10,0,Hyderabad,Pune,1,mobile,1,2,1.39,0
T15014,M106,2026-08-09T05:56:48.793507,379.72,5,1,Hyderabad,Kolkata,1,desktop,0,1,0.76,0
T15015,M101,2026-07-26T23:44:21.793515,3212.59,23,1,Bengaluru,Bhubaneswar,1,desktop,0,2,1.07,0
T15016,M125,2026-07-25T19:18:42.793523,689.18,19,1,Bhubaneswar,Kolkata,1,mobile,1,5,1.38,1
T15017,M117,2026-07-23T01:43:01.793532,977.78,1,0,Bhubaneswar,Mumbai,1,tablet,0,1,0.65,0
T15018,M130,2026-08-10T23:26:29.793540,1836.12,23,0,Jaipur,Kolkata,1,mobile,0,3,1.22,0
T15019,M138,2026-08-23T10:58:26.793548,416.63,10,0,Mumbai,Kolkata,1,desktop,0,2,0.83,0
T15020,M100,2026-08-30T10:35:56.793556,460.35,10,0,Mumbai,Mumbai,0,desktop,0,2,0.92,0
T15021,M135,2026-08-02T13:55:12.793564,16428.18,13,0,Bengaluru,Pune,1,mobile,0,1,5.48,0
T15022,M102,2026-08-09T01:18:33.793574,3034.81,1,1,Chennai,Chennai,0,mobile,0,1,2.02,0
T15023,M108,2026-08-04T16:10:38.793583,1340.69,16,0,Delhi,Kolkata,1,mobile,0,1,0.89,0
T15024,M137,2026-08-21T14:31:31.793594,4267.71,14,0,Delhi,Jaipur,1,mobile,1,2,1.42,0
T15025,M134,2026-08-02T05:02:37.793602,2747.21,5,1,Jaipur,Chennai,1,tablet,0,1,0.92,1
T15026,M128,2026-08-13T11:17:19.793611,17247.13,11,0,Delhi,Ahmedabad,1,desktop,0,1,0.86,0
T15027,M102,2026-08-05T12:56:52.793620,2617.26,12,0,Ahmedabad,Pune,1,tablet,0,3,1.74,0
T15028,M128,2026-08-09T04:43:27.793628,12728.13,4,1,Bengaluru,Bhubaneswar,1,desktop,0,1,0.64,0
T15029,M125,2026-07-24T17:29:05.793637,266.77,17,0,Bhubaneswar,Mumbai,1,mobile,0,1,0.53,0
T15030,M123,2026-09-03T19:58:28.793644,1759.94,19,1,Pune,Delhi,1,desktop,0,1,0.22,1
T15031,M131,2026-08-05T19:12:49.793653,800.03,19,0,Bengaluru,Ahmedabad,1,mobile,0,1,1.6,0
T15032,M102,2026-08-29T00:14:18.793660,1563.36,0,1,Delhi,Mumbai,1,mobile,0,1,1.04,0
T15033,M100,2026-08-16T09:34:43.793668,459.47,9,0,Hyderabad,Chennai,1,mobile,0,2,0.92,0
T15034,M139,2026-07-24T04:26:48.793676,1008.88,4,1,Jaipur,Pune,1,mobile,0,3,0.67,0
T15035,M131,2026-09-03T17:07:56.793685,414.24,17,0,Chennai,Chennai,0,tablet,0,1,0.83,0
T15036,M125,2026-08-26T19:46:25.793692,949.9,19,1,Bengaluru,Ahmedabad,1,tablet,0,2,1.9,0
T15037,M101,2026-08-08T12:29:05.793702,4373.1,12,0,Mumbai,Bengaluru,1,tablet,0,1,1.46,0
T15038,M119,2026-09-02T07:46:57.793710,8840.76,7,1,Bengaluru,Delhi,1,tablet,0,1,1.11,0
T15039,M125,2026-09-04T20:08:03.793718,319.98,20,1,Bhubaneswar,Bhubaneswar,0,mobile,0,2,0.64,0
T15040,M117,2026-08-09T02:13:57.793726,1800.74,2,0,Mumbai,Bengaluru,1,mobile,0,1,1.2,0
T15041,M119,2026-08-06T17:35:26.793734,12065.47,17,0,Hyderabad,Ahmedabad,1,mobile,0,1,1.51,0
T15042,M103,2026-08-16T20:25:42.793742,412.97,20,1,Ahmedabad,Bhubaneswar,1,desktop,0,1,0.83,0
T15043,M113,2026-08-23T17:40:38.793750,26400.02,17,0,Bhubaneswar,Mumbai,1,mobile,1,1,1.32,0
T15044,M131,2026-08-18T01:42:22.793758,668.73,1,1,Chennai,Kolkata,1,tablet,0,4,1.34,0
T15045,M110,2026-07-28T09:32:44.793766,17171.23,9,0,Kolkata,Ahmedabad,1,desktop,0,2,0.86,0
T15046,M126,2026-07-25T03:19:31.793774,3992.88,3,1,Pune,Jaipur,1,tablet,0,1,1.33,0
T15047,M108,2026-08-27T16:11:32.793783,1809.07,16,0,Kolkata,Pune,1,tablet,0,1,1.21,0
T15048,M121,2026-08-04T03:42:13.793791,14751.65,3,0,Chennai,Chennai,0,tablet,0,1,0.74,0
T15049,M135,2026-08-11T09:08:12.793799,444.07,9,0,Hyderabad,Chennai,1,desktop,1,5,0.15,0
T15050,M101,2026-08-17T09:20:35.793807,3675.79,9,0,Kolkata,Mumbai,1,mobile,0,1,1.23,0
T15051,M114,2026-07-31T21:22:10.793815,605.51,21,0,Hyderabad,Delhi,1,desktop,0,1,1.21,0
T15052,M129,2026-09-04T07:05:21.793823,50,7,1,Chennai,Jaipur,1,tablet,0,1,0.1,0
T15053,M122,2026-07-26T00:10:08.793830,138.28,0,1,Hyderabad,Hyderabad,0,desktop,0,2,0.28,0
T15054,M109,2026-08-21T06:13:36.793839,33186.34,6,1,Delhi,Jaipur,1,mobile,0,1,1.66,0
T15055,M119,2026-08-23T13:48:32.793847,7727.47,13,0,Chennai,Bengaluru,1,desktop,0,1,0.97,0
T15056,M133,2026-09-01T23:19:03.793855,4493.62,23,0,Mumbai,Mumbai,0,desktop,0,1,1.5,0
T15057,M121,2026-07-23T00:28:59.793864,182490.35,0,0,Pune,Ahmedabad,1,tablet,0,1,9.12,0
T15058,M114,2026-08-11T01:02:59.793873,586.38,1,1,Delhi,Chennai,1,mobile,0,5,1.17,0
T15059,M122,2026-08-29T02:29:05.793882,393.73,2,1,Kolkata,Hyderabad,1,mobile,0,1,0.79,0
T15060,M117,2026-08-16T16:01:03.793889,2282.71,16,0,Chennai,Hyderabad,1,desktop,0,1,1.52,0
T15061,M110,2026-08-25T17:59:04.793898,10318.69,17,0,Pune,Ahmedabad,1,desktop,0,1,0.52,0
T15062,M125,2026-07-24T10:08:59.793905,760.85,10,0,Bhubaneswar,Kolkata,1,desktop,0,1,1.52,0
T15063,M137,2026-07-30T12:29:10.793913,3860.74,12,0,Jaipur,Hyderabad,1,tablet,0,1,1.29,0
T15064,M108,2026-08-13T15:33:17.793921,665.47,15,0,Ahmedabad,Ahmedabad,0,desktop,0,1,0.44,0
T15065,M119,2026-08-14T20:40:11.793929,7429.6,20,0,Chennai,Pune,1,mobile,0,3,0.93,0
T15066,M100,2026-08-29T20:02:52.793937,700.71,20,0,Pune,Kolkata,1,desktop,0,1,1.4,0
T15067,M130,2026-08-09T13:29:47.793946,2123.04,13,0,Ahmedabad,Pune,1,desktop,0,1,1.42,0
T15068,M119,2026-08-20T08:22:46.793954,5451.86,8,1,Bhubaneswar,Hyderabad,1,tablet,0,1,0.68,0
T15069,M125,2026-08-23T20:54:50.793962,321.87,20,1,Bengaluru,Bengaluru,0,tablet,0,1,0.64,0
T15070,M121,2026-08-04T11:16:20.793971,27030.41,11,0,Jaipur,Hyderabad,1,tablet,0,1,1.35,0
T15071,M100,2026-07-26T07:05:53.793979,345.91,7,1,Ahmedabad,Kolkata,1,tablet,0,3,0.69,0
T15072,M117,2026-09-02T15:00:21.793986,1546.98,15,0,Bengaluru,Jaipur,1,desktop,1,1,1.03,0
T15073,M133,2026-08-03T07:39:53.793994,4492.87,7,0,Chennai,Hyderabad,1,mobile,0,1,1.5,0
T15074,M129,2026-09-04T14:43:54.794003,447.73,14,0,Bengaluru,Chennai,1,mobile,1,1,0.9,0
T15075,M134,2026-08-29T02:41:02.794013,14104.05,2,1,Jaipur,Jaipur,0,desktop,1,2,4.7,1
T15076,M135,2026-08-22T21:06:33.794022,1922.7,21,0,Hyderabad,Chennai,1,tablet,0,1,0.64,0
T15077,M129,2026-07-28T00:30:08.794031,327.5,0,1,Ahmedabad,Jaipur,1,desktop,0,1,0.66,0
T15078,M121,2026-09-04T03:50:42.794039,7268.79,3,0,Delhi,Ahmedabad,1,mobile,0,1,0.36,0
T15079,M133,2026-08-27T01:34:06.794047,4269.31,1,0,Delhi,Chennai,1,mobile,1,1,1.42,1
T15080,M136,2026-08-25T12:41:08.794055,1834.87,12,0,Delhi,Kolkata,1,mobile,0,1,1.22,0
T15081,M134,2026-08-17T08:48:50.794063,1993.97,8,1,Kolkata,Ahmedabad,1,desktop,0,1,0.66,0
T15082,M111,2026-08-07T03:19:48.794071,50,3,0,Bengaluru,Chennai,1,desktop,1,1,0.0,0
T15083,M127,2026-08-13T08:23:27.794079,227543.81,8,0,Delhi,Kolkata,1,desktop,0,1,11.38,0
T15084,M122,2026-08-14T08:02:05.794088,360.83,8,1,Bengaluru,Hyderabad,1,desktop,0,8,0.72,0
T15085,M101,2026-08-30T02:33:47.794097,2312.01,2,1,Chennai,Delhi,1,mobile,0,2,0.77,0
T15086,M108,2026-08-05T20:57:28.794104,294.72,20,1,Delhi,Pune,1,desktop,0,1,0.2,0
T15087,M104,2026-08-19T01:11:05.794116,22201.47,1,1,Bhubaneswar,Pune,1,mobile,0,1,1.11,1
T15088,M128,2026-08-31T22:28:25.794124,28712.79,22,1,Bhubaneswar,Hyderabad,1,mobile,0,1,1.44,0
T15089,M119,2026-08-07T04:08:17.794132,8574.68,4,1,Hyderabad,Hyderabad,0,desktop,0,3,1.07,0
T15090,M100,2026-09-02T12:14:17.794140,532.06,12,0,Bengaluru,Delhi,1,mobile,0,1,1.06,0
T15091,M125,2026-08-13T21:25:55.794149,686.46,21,1,Bhubaneswar,Delhi,1,desktop,0,1,1.37,0
T15092,M136,2026-08-29T00:43:02.794157,7302.77,0,1,Ahmedabad,Mumbai,1,desktop,0,1,4.87,0
T15093,M135,2026-08-01T12:21:44.794165,1951.88,12,0,Delhi,Chennai,1,mobile,0,1,0.65,0
T15094,M112,2026-08-30T03:05:35.794173,962.39,3,0,Hyderabad,Kolkata,1,tablet,0,1,0.64,0
T15095,M119,2026-08-24T11:18:30.794182,10193.9,11,0,Chennai,Bhubaneswar,1,tablet,0,3,1.27,0
T15096,M112,2026-08-28T11:28:01.794189,1917.1,11,0,Hyderabad,Bhubaneswar,1,mobile,0,1,1.28,0
T15097,M101,2026-08-05T07:54:41.794199,3914.32,7,1,Bhubaneswar,Chennai,1,mobile,1,1,1.3,1
T15098,M105,2026-08-21T19:24:03.794207,23016.27,19,0,Hyderabad,Pune,1,mobile,0,1,1.15,0
T15099,M110,2026-07-25T21:25:04.794215,14473.0,21,0,Hyderabad,Jaipur,1,desktop,0,1,0.72,0
T15100,M101,2026-08-02T10:54:40.794222,1081.51,10,0,Hyderabad,Bhubaneswar,1,tablet,1,3,0.36,0
T15101,M100,2026-08-29T21:44:15.794231,476.65,21,0,Pune,Bhubaneswar,1,desktop,0,4,0.95,0
T15102,M127,2026-08-19T02:51:43.794239,22827.64,2,0,Kolkata,Jaipur,1,mobile,0,4,1.14,0
T15103,M101,2026-07-23T06:56:39.794247,2966.93,6,1,Pune,Chennai,1,desktop,0,1,0.99,0
T15104,M112,2026-07-28T17:52:07.794255,2052.3,17,0,Hyderabad,Kolkata,1,mobile,0,3,1.37,0
T15105,M106,2026-08-27T16:33:53.794263,109.45,16,0,Delhi,Pune,1,desktop,0,1,0.22,0
T15106,M139,2026-07-29T07:19:20.794271,607.28,7,1,Delhi,Bhubaneswar,1,desktop,1,2,0.4,1
T15107,M103,2026-08-21T05:29:33.794281,341.42,5,1,Hyderabad,Kolkata,1,desktop,0,1,0.68,0
T15108,M136,2026-07-29T05:54:02.794291,2643.09,5,1,Bhubaneswar,Chennai,1,tablet,0,1,1.76,0
T15109,M136,2026-07-24T07:36:06.794299,1630.33,7,1,Delhi,Kolkata,1,tablet,0,1,1.09,0
T15110,M113,2026-08-28T00:10:10.794308,10319.74,0,0,Bhubaneswar,Chennai,1,desktop,1,1,0.52,0
T15111,M138,2026-08-15T22:04:17.794316,640.36,22,1,Mumbai,Mumbai,0,tablet,1,1,1.28,0
T15112,M121,2026-08-01T18:31:09.794324,27697.28,18,0,Pune,Hyderabad,1,mobile,0,2,1.38,0
T15113,M111,2026-08-06T22:57:14.794332,50,22,0,Jaipur,Jaipur,0,tablet,0,3,0.0,0
T15114,M134,2026-07-23T20:07:06.794340,3666.77,20,0,Mumbai,Chennai,1,desktop,1,1,1.22,0
T15115,M122,2026-07-27T17:07:32.794348,372.59,17,0,Bhubaneswar,Hyderabad,1,mobile,0,2,0.75,0
T15116,M128,2026-08-28T17:26:29.794356,25267.38,17,0,Delhi,Bhubaneswar,1,mobile,0,1,1.26,0
T15117,M115,2026-08-16T21:35:47.794366,360.62,21,0,Bhubaneswar,Delhi,1,tablet,0,1,0.05,0
T15118,M101,2026-08-22T07:21:37.794373,5320.12,7,1,Jaipur,Pune,1,tablet,1,1,1.77,1
T15119,M102,2026-08-04T16:04:28.794381,223.13,16,0,Hyderabad,Bhubaneswar,1,desktop,0,1,0.15,0
T15120,M132,2026-08-24T20:26:32.794389,357.93,20,0,Jaipur,Pune,1,desktop,0,1,0.72,0
T15121,M134,2026-07-25T04:19:42.794397,1650.92,4,1,Mumbai,Hyderabad,1,desktop,0,1,0.55,0
T15122,M123,2026-08-18T18:40:02.794405,8819.08,18,0,Chennai,Jaipur,1,desktop,0,1,1.1,0
T15123,M129,2026-08-18T18:00:51.794413,301.19,18,0,Hyderabad,Chennai,1,mobile,0,2,0.6,0
T15124,M117,2026-07-23T16:24:40.794421,1081.77,16,0,Hyderabad,Kolkata,1,mobile,0,1,0.72,0
T15125,M117,2026-08-16T23:28:31.794430,2397.26,23,0,Chennai,Delhi,1,tablet,1,3,1.6,0
T15126,M112,2026-08-24T07:05:43.794438,14220.84,7,0,Chennai,Pune,1,mobile,1,1,9.48,1
T15127,M124,2026-07-30T02:01:40.794448,955.49,2,0,Pune,Kolkata,1,mobile,0,1,1.91,0
T15128,M136,2026-08-18T07:21:35.794456,1296.7,7,1,Bhubaneswar,Hyderabad,1,tablet,0,1,0.86,0
T15129,M106,2026-08-16T01:58:34.794464,524.18,1,1,Delhi,Delhi,0,mobile,0,3,1.05,0
T15130,M110,2026-08-04T03:38:53.794472,20001.88,3,1,Pune,Bengaluru,1,tablet,0,1,1.0,0
T15131,M126,2026-08-26T16:04:55.794480,2666.94,16,0,Jaipur,Delhi,1,tablet,0,2,0.89,0
T15132,M110,2026-08-26T10:33:10.794488,175309.82,10,0,Bhubaneswar,Kolkata,1,desktop,0,5,8.77,0
T15133,M129,2026-09-04T22:59:52.794496,1029.83,22,1,Hyderabad,Jaipur,1,tablet,1,1,2.06,1
T15134,M132,2026-08-06T21:58:59.794504,620.42,21,0,Bengaluru,Bengaluru,0,tablet,0,1,1.24,0
T15135,M103,2026-08-07T05:22:57.794512,586.85,5,1,Jaipur,Bhubaneswar,1,tablet,0,1,1.17,0
T15136,M139,2026-08-29T01:06:23.794520,2297.39,1,1,Jaipur,Delhi,1,desktop,0,1,1.53,0
T15137,M128,2026-08-15T20:49:51.794532,12632.71,20,0,Mumbai,Jaipur,1,desktop,0,1,0.63,0
T15138,M103,2026-09-01T09:56:25.794541,744.66,9,1,Pune,Ahmedabad,1,tablet,0,1,1.49,1
T15139,M123,2026-08-08T11:25:47.794550,6390.9,11,0,Jaipur,Chennai,1,tablet,1,1,0.8,0
T15140,M139,2026-08-12T14:00:01.794559,1468.32,14,0,Delhi,Ahmedabad,1,mobile,0,1,0.98,0
T15141,M133,2026-08-15T06:30:39.794568,4683.91,6,0,Bengaluru,Bhubaneswar,1,tablet,0,1,1.56,0
T15142,M139,2026-07-26T16:25:42.794577,1087.63,16,0,Pune,Delhi,1,tablet,0,1,0.73,0
T15143,M119,2026-08-22T08:07:03.794585,5217.36,8,1,Ahmedabad,Jaipur,1,mobile,0,5,0.65,0
T15144,M124,2026-07-29T15:38:00.794593,474.58,15,0,Bengaluru,Chennai,1,mobile,0,1,0.95,0
T15145,M104,2026-08-05T15:59:38.794601,14348.0,15,0,Chennai,Bengaluru,1,mobile,0,1,0.72,0
T15146,M101,2026-09-02T04:18:19.794609,1776.54,4,1,Bengaluru,Ahmedabad,1,desktop,0,1,0.59,0
T15147,M119,2026-08-19T08:09:56.794618,11417.5,8,1,Bhubaneswar,Ahmedabad,1,tablet,1,1,1.43,1
T15148,M111,2026-08-09T01:22:12.794627,11226.7,1,0,Chennai,Delhi,1,mobile,0,1,0.56,0
T15149,M127,2026-08-30T03:51:38.794635,26137.6,3,0,Bhubaneswar,Kolkata,1,desktop,0,1,1.31,0
T15150,M113,2026-08-19T09:45:58.794643,74085.33,9,0,Delhi,Bhubaneswar,1,desktop,0,1,3.7,0
T15151,M122,2026-08-22T19:37:33.794654,524.52,19,1,Mumbai,Delhi,1,mobile,0,1,1.05,0
T15152,M100,2026-08-27T12:54:01.794662,479.07,12,0,Bhubaneswar,Hyderabad,1,mobile,1,1,0.96,0
T15153,M135,2026-07-27T03:39:46.794670,3616.96,3,0,Hyderabad,Hyderabad,0,mobile,1,1,1.21,0
T15154,M125,2026-08-27T20:23:15.794678,767.48,20,1,Chennai,Kolkata,1,tablet,0,1,1.53,0
T15155,M133,2026-08-31T04:07:44.794686,1122.88,4,0,Pune,Delhi,1,mobile,0,1,0.37,0
T15156,M108,2026-08-03T15:16:35.794694,348.52,15,0,Pune,Pune,0,tablet,0,1,0.23,0
T15157,M113,2026-08-11T13:34:12.794704,11191.86,13,0,Chennai,Pune,1,tablet,1,1,0.56,0
T15158,M137,2026-09-02T06:54:33.794711,3122.67,6,1,Jaipur,Ahmedabad,1,desktop,0,3,1.04,0
T15159,M129,2026-08-22T10:23:31.794720,572.92,10,0,Ahmedabad,Jaipur,1,desktop,0,1,1.15,0
T15160,M131,2026-09-01T01:20:38.794727,484.36,1,1,Chennai,Chennai,0,mobile,0,1,0.97,0
T15161,M127,2026-07-25T12:34:15.794735,29520.8,12,0,Jaipur,Kolkata,1,tablet,0,1,1.48,0
T15162,M126,2026-07-26T06:51:07.794743,1057.21,6,1,Hyderabad,Chennai,1,desktop,0,1,0.35,0
T15163,M133,2026-08-27T22:57:29.794751,2678.74,22,0,Bengaluru,Ahmedabad,1,mobile,0,1,0.89,0
T15164,M106,2026-08-23T02:08:19.794759,141.32,2,1,Pune,Kolkata,1,desktop,0,1,0.28,0
T15165,M121,2026-08-05T10:51:40.794767,18508.54,10,0,Pune,Pune,0,tablet,0,1,0.93,0
T15166,M129,2026-08-21T04:09:53.794774,514.91,4,1,Mumbai,Chennai,1,tablet,0,1,1.03,0
T15167,M101,2026-07-26T10:47:46.794784,2583.65,10,0,Delhi,Chennai,1,mobile,0,1,0.86,0
T15168,M111,2026-07-28T06:08:43.794792,13246.85,6,0,Kolkata,Ahmedabad,1,tablet,0,1,0.66,0
T15169,M110,2026-08-07T20:13:06.794800,12010.65,20,0,Delhi,Ahmedabad,1,desktop,0,1,0.6,0
T15170,M109,2026-09-05T19:17:28.794808,15967.59,19,0,Chennai,Hyderabad,1,desktop,0,1,0.8,0
T15171,M109,2026-07-24T03:22:43.794816,14443.77,3,1,Mumbai,Chennai,1,mobile,0,1,0.72,0
T15172,M102,2026-08-14T04:57:12.794824,1787.69,4,1,Delhi,Chennai,1,tablet,0,1,1.19,0
T15173,M114,2026-08-13T07:24:47.794832,655.24,7,1,Mumbai,Mumbai,0,tablet,0,1,1.31,0
T15174,M136,2026-08-08T14:48:29.794839,617.02,14,0,Bengaluru,Mumbai,1,desktop,0,2,0.41,0
T15175,M125,2026-09-04T08:54:11.794847,744.35,8,1,Delhi,Pune,1,tablet,0,1,1.49,0
T15176,M113,2026-08-11T06:14:43.794857,19995.07,6,0,Mumbai,Mumbai,0,tablet,0,1,1.0,0
T15177,M125,2026-08-28T05:48:48.794867,3300.15,5,1,Kolkata,Bengaluru,1,mobile,0,4,6.6,1
T15178,M129,2026-08-07T06:51:16.794876,637.76,6,1,Bengaluru,Bhubaneswar,1,desktop,0,1,1.28,0
T15179,M105,2026-08-05T03:05:05.794884,25483.23,3,0,Hyderabad,Chennai,1,mobile,0,1,1.27,0
T15180,M118,2026-08-02T12:36:35.794892,767.54,12,0,Ahmedabad,Bengaluru,1,mobile,0,1,1.54,0
T15181,M138,2026-09-03T05:51:36.794900,644.18,5,1,Jaipur,Bhubaneswar,1,mobile,0,2,1.29,0
T15182,M134,2026-08-27T07:32:27.794908,2602.93,7,1,Ahmedabad,Jaipur,1,desktop,1,4,0.87,1
T15183,M133,2026-07-25T18:37:19.794916,3298.11,18,0,Delhi,Hyderabad,1,mobile,0,1,1.1,0
T15184,M109,2026-08-02T01:59:43.794924,12519.1,1,1,Bengaluru,Hyderabad,1,desktop,0,1,0.63,0
T15185,M133,2026-08-30T22:04:03.794932,24754.41,22,0,Bengaluru,Chennai,1,desktop,0,1,8.25,0
T15186,M126,2026-07-24T16:09:44.794940,2896.13,16,0,Bengaluru,Kolkata,1,mobile,0,1,0.97,0
T15187,M119,2026-07-29T07:01:27.794950,9517.14,7,1,Hyderabad,Hyderabad,0,tablet,0,1,1.19,0
T15188,M119,2026-08-24T12:48:03.794958,4144.46,12,0,Mumbai,Chennai,1,desktop,0,1,0.52,0
T15189,M139,2026-09-02T14:37:42.794966,2171.41,14,0,Pune,Chennai,1,desktop,0,1,1.45,0
T15190,M116,2026-08-01T14:57:47.794974,595.61,14,0,Kolkata,Ahmedabad,1,mobile,0,1,0.2,0
T15191,M110,2026-08-03T12:41:53.794982,21081.13,12,0,Bengaluru,Chennai,1,desktop,0,1,1.05,0
T15192,M125,2026-07-23T10:59:44.794991,407.55,10,0,Delhi,Delhi,0,tablet,1,1,0.82,0
T15193,M125,2026-08-27T12:41:55.794999,825.01,12,0,Bengaluru,Kolkata,1,desktop,0,1,1.65,0
T15194,M131,2026-08-16T16:27:19.795007,434.71,16,0,Bengaluru,Ahmedabad,1,mobile,0,2,0.87,0
T15195,M118,2026-07-29T18:27:55.795015,607.63,18,0,Bengaluru,Bhubaneswar,1,mobile,0,3,1.22,0
T15196,M135,2026-08-13T12:01:32.795023,1846.81,12,0,Kolkata,Delhi,1,desktop,0,1,0.62,0
T15197,M116,2026-09-02T21:04:10.795033,5086.79,21,0,Pune,Jaipur,1,tablet,1,5,1.7,0
T15198,M100,2026-08-16T05:56:08.795041,379.95,5,1,Chennai,Mumbai,1,tablet,0,1,0.76,0
T15199,M132,2026-08-02T13:57:09.795049,428.69,13,0,Delhi,Pune,1,tablet,1,1,0.86,0
T15200,M125,2026-08-10T13:29:43.795057,473.09,13,0,Ahmedabad,Bhubaneswar,1,desktop,0,1,0.95,0
T15201,M111,2026-08-31T09:20:36.795065,18622.31,9,0,Pune,Mumbai,1,tablet,0,1,0.93,0
T15202,M117,2026-08-14T19:47:05.795073,2084.48,19,0,Hyderabad,Hyderabad,0,desktop,0,2,1.39,0
T15203,M113,2026-08-31T01:04:57.795082,12080.94,1,0,Ahmedabad,Bengaluru,1,desktop,0,2,0.6,0
T15204,M109,2026-08-25T06:09:39.795090,9267.93,6,1,Chennai,Bhubaneswar,1,desktop,0,1,0.46,0
T15205,M108,2026-08-21T15:22:05.795098,2027.71,15,0,Hyderabad,Kolkata,1,tablet,1,1,1.35,0
T15206,M119,2026-07-24T10:29:42.795106,7147.2,10,0,Delhi,Bhubaneswar,1,desktop,0,1,0.89,0
T15207,M126,2026-09-05T15:52:26.795115,2330.83,15,0,Jaipur,Mumbai,1,tablet,0,2,0.78,0
T15208,M134,2026-08-19T05:46:12.795123,2846.62,5,1,Hyderabad,Kolkata,1,tablet,0,1,0.95,0
T15209,M119,2026-08-07T23:28:24.795131,5534.99,23,1,Bengaluru,Ahmedabad,1,desktop,0,1,0.69,0
T15210,M108,2026-08-25T11:07:53.795139,1230.91,11,0,Bengaluru,Delhi,1,desktop,0,8,0.82,0
T15211,M106,2026-08-11T00:55:21.795147,200.16,0,1,Bhubaneswar,Hyderabad,1,mobile,1,1,0.4,0
T15212,M106,2026-07-27T03:14:00.795155,443.64,3,1,Delhi,Kolkata,1,mobile,0,1,0.89,1
T15213,M137,2026-08-30T00:22:19.795162,1846.24,0,1,Delhi,Hyderabad,1,mobile,0,1,0.62,0
T15214,M121,2026-09-01T04:25:16.795172,4969.74,4,0,Kolkata,Kolkata,0,tablet,1,1,0.25,0
T15215,M105,2026-08-16T20:21:55.795180,23430.21,20,0,Bengaluru,Mumbai,1,desktop,0,1,1.17,0
T15216,M105,2026-08-18T01:50:38.795188,19336.15,1,0,Mumbai,Kolkata,1,mobile,0,1,0.97,0
T15217,M121,2026-09-04T23:02:10.795198,28053.75,23,0,Kolkata,Ahmedabad,1,tablet,0,3,1.4,0
T15218,M139,2026-08-22T00:35:38.795206,2233.49,0,1,Bhubaneswar,Kolkata,1,desktop,0,1,1.49,0
T15219,M108,2026-08-01T13:41:04.795214,1204.39,13,0,Chennai,Bhubaneswar,1,tablet,0,1,0.8,0
T15220,M118,2026-08-03T09:00:29.795221,481.86,9,0,Chennai,Bengaluru,1,desktop,1,1,0.96,0
T15221,M112,2026-07-28T19:11:30.795229,1517.56,19,0,Ahmedabad,Chennai,1,tablet,0,3,1.01,0
T15222,M111,2026-08-24T23:44:22.795237,13351.62,23,0,Bhubaneswar,Ahmedabad,1,mobile,0,5,0.67,0
T15223,M136,2026-07-24T08:43:12.795245,2986.22,8,1,Chennai,Ahmedabad,1,mobile,0,1,1.99,0
T15224,M111,2026-08-20T16:16:23.795253,28975.59,16,0,Pune,Mumbai,1,tablet,0,2,1.45,0
T15225,M101,2026-08-06T11:29:07.795261,2346.86,11,0,Pune,Delhi,1,mobile,0,1,0.78,0
T15226,M118,2026-08-02T22:08:43.795269,697.27,22,1,Delhi,Kolkata,1,mobile,0,3,1.39,0
T15227,M128,2026-08-22T11:43:38.795279,23440.49,11,0,Pune,Chennai,1,mobile,0,1,1.17,0
T15228,M110,2026-08-07T16:52:32.795289,17005.13,16,0,Bhubaneswar,Bengaluru,1,tablet,0,1,0.85,0
T15229,M108,2026-08-19T15:26:45.795299,2153.45,15,0,Bhubaneswar,Chennai,1,desktop,0,2,1.44,0
T15230,M132,2026-08-06T17:33:58.795307,442.72,17,0,Bhubaneswar,Delhi,1,tablet,0,1,0.89,0
T15231,M111,2026-08-09T21:53:15.795315,23300.73,21,0,Bhubaneswar,Bhubaneswar,0,mobile,0,1,1.17,0
T15232,M126,2026-08-08T10:25:41.795323,3679.6,10,0,Kolkata,Delhi,1,mobile,0,1,1.23,0
T15233,M105,2026-08-12T22:02:24.795331,23283.61,22,0,Mumbai,Pune,1,desktop,0,1,1.16,0
T15234,M115,2026-08-10T13:30:24.795339,6362.11,13,0,Ahmedabad,Mumbai,1,desktop,1,1,0.8,0
T15235,M115,2026-08-31T01:12:45.795347,8316.5,1,0,Delhi,Ahmedabad,1,tablet,0,2,1.04,0
T15236,M124,2026-08-22T04:14:29.795355,513.52,4,0,Ahmedabad,Bengaluru,1,mobile,0,1,1.03,0
T15237,M112,2026-07-26T03:44:40.795365,1172.43,3,0,Delhi,Kolkata,1,desktop,1,1,0.78,0
T15238,M135,2026-08-10T16:30:18.795373,2488.35,16,0,Delhi,Bhubaneswar,1,mobile,0,1,0.83,0
T15239,M128,2026-08-08T05:57:25.795381,11345.24,5,1,Mumbai,Chennai,1,desktop,0,2,0.57,0
T15240,M114,2026-08-18T06:41:44.795389,744.12,6,1,Hyderabad,Bhubaneswar,1,desktop,0,1,1.49,0
T15241,M122,2026-08-13T08:26:43.795397,144.05,8,1,Bhubaneswar,Mumbai,1,tablet,0,1,0.29,0
T15242,M103,2026-08-21T22:05:20.795404,420.45,22,1,Mumbai,Hyderabad,1,tablet,0,1,0.84,0
T15243,M133,2026-08-01T00:33:23.795412,3634.59,0,0,Hyderabad,Bengaluru,1,tablet,0,1,1.21,0
T15244,M119,2026-08-01T19:55:51.795420,11623.1,19,0,Pune,Bhubaneswar,1,tablet,0,1,1.45,0
T15245,M129,2026-08-11T20:39:40.795428,399.43,20,0,Pune,Jaipur,1,desktop,0,2,0.8,0
T15246,M121,2026-08-26T14:04:08.795436,5638.44,14,0,Kolkata,Hyderabad,1,desktop,0,1,0.28,0
T15247,M129,2026-08-31T10:18:12.795445,50,10,0,Kolkata,Pune,1,mobile,0,4,0.1,0
T15248,M122,2026-08-01T11:18:30.795453,140.95,11,0,Kolkata,Bhubaneswar,1,tablet,0,1,0.28,0
T15249,M138,2026-08-04T18:59:49.795462,219.7,18,0,Hyderabad,Mumbai,1,tablet,0,1,0.44,0
T15250,M121,2026-08-07T18:46:05.795470,17798.97,18,0,Hyderabad,Bhubaneswar,1,desktop,0,3,0.89,0
T15251,M107,2026-08-04T18:34:36.795478,348.71,18,0,Delhi,Pune,1,desktop,1,1,0.7,0
T15252,M137,2026-08-11T11:26:28.795486,1840.84,11,0,Bengaluru,Jaipur,1,desktop,0,1,0.61,0
T15253,M123,2026-07-30T16:54:49.795494,8739.81,16,0,Ahmedabad,Ahmedabad,0,mobile,0,1,1.09,0
T15254,M124,2026-08-31T11:36:11.795502,544.74,11,0,Ahmedabad,Bhubaneswar,1,tablet,0,1,1.09,0
T15255,M137,2026-07-24T08:36:27.795511,2171.66,8,1,Pune,Delhi,1,tablet,0,3,0.72,0
T15256,M114,2026-08-05T14:35:41.795519,695.05,14,0,Mumbai,Chennai,1,mobile,0,2,1.39,0
T15257,M109,2026-08-19T08:25:46.795528,17498.01,8,1,Mumbai,Bhubaneswar,1,mobile,0,2,0.87,0
T15258,M139,2026-07-24T08:51:54.795536,2295.61,8,1,Delhi,Delhi,0,desktop,1,1,1.53,1
T15259,M128,2026-07-31T13:25:10.795544,20291.53,13,0,Mumbai,Pune,1,desktop,0,1,1.01,0
T15260,M139,2026-07-24T08:19:21.795552,1476.51,8,1,Ahmedabad,Chennai,1,desktop,0,1,0.98,0
T15261,M124,2026-08-03T05:58:18.795560,1007.74,5,0,Hyderabad,Jaipur,1,tablet,1,3,2.02,1
T15262,M121,2026-07-26T04:56:24.795568,17883.01,4,0,Jaipur,Hyderabad,1,mobile,0,1,0.89,0
T15263,M107,2026-08-12T11:44:38.795576,474.8,11,0,Kolkata,Chennai,1,tablet,0,3,0.95,0
T15264,M112,2026-08-09T18:23:03.795584,1001.46,18,0,Chennai,Delhi,1,desktop,0,1,0.67,0
T15265,M112,2026-08-01T21:20:57.795592,906.37,21,0,Hyderabad,Mumbai,1,tablet,1,2,0.6,0
T15266,M109,2026-09-01T09:06:42.795600,31086.49,9,0,Delhi,Kolkata,1,tablet,0,1,1.55,0
T15267,M110,2026-08-02T15:49:03.795611,18319.23,15,0,Kolkata,Ahmedabad,1,tablet,0,1,0.92,0
T15268,M101,2026-08-18T09:38:15.795619,3892.84,9,0,Hyderabad,Jaipur,1,tablet,0,1,1.3,0
T15269,M130,2026-09-05T03:50:01.795627,1762.13,3,0,Pune,Ahmedabad,1,tablet,0,3,1.17,0
T15270,M119,2026-08-05T02:52:33.795636,4268.31,2,1,Hyderabad,Pune,1,desktop,0,3,0.53,0
T15271,M125,2026-08-04T01:55:17.795644,135.75,1,1,Bhubaneswar,Kolkata,1,mobile,0,1,0.27,0
T15272,M132,2026-08-26T02:08:37.795651,478.21,2,0,Delhi,Ahmedabad,1,tablet,0,1,0.96,0
T15273,M138,2026-07-25T03:31:12.795659,778.51,3,1,Mumbai,Hyderabad,1,tablet,0,1,1.56,0
T15274,M124,2026-08-21T21:09:30.795667,509.7,21,0,Delhi,Mumbai,1,desktop,0,3,1.02,0
T15275,M133,2026-07-31T22:32:18.795675,4092.36,22,0,Pune,Hyderabad,1,desktop,0,1,1.36,0
T15276,M119,2026-08-19T23:27:01.795683,5020.28,23,1,Bengaluru,Hyderabad,1,tablet,0,1,0.63,0
T15277,M111,2026-07-24T07:30:43.795694,26225.66,7,0,Delhi,Pune,1,tablet,0,1,1.31,0
T15278,M119,2026-08-15T20:11:28.795705,7765.25,20,0,Pune,Delhi,1,tablet,0,2,0.97,0
T15279,M100,2026-08-01T03:44:40.795713,490.08,3,1,Bengaluru,Delhi,1,tablet,0,1,0.98,0
T15280,M103,2026-07-29T11:51:37.795720,414.98,11,0,Bhubaneswar,Jaipur,1,mobile,0,1,0.83,0
T15281,M111,2026-07-23T07:03:59.795728,25045.11,7,0,Delhi,Mumbai,1,mobile,0,1,1.25,0
T15282,M103,2026-07-30T06:46:24.795736,847.4,6,1,Bhubaneswar,Pune,1,desktop,0,1,1.69,1
T15283,M109,2026-08-12T22:19:20.795745,11070.81,22,1,Mumbai,Mumbai,0,desktop,0,2,0.55,0
T15284,M113,2026-08-02T01:57:38.795753,15753.4,1,0,Delhi,Ahmedabad,1,desktop,0,1,0.79,0
T15285,M111,2026-07-28T17:22:21.795761,6364.95,17,0,Ahmedabad,Chennai,1,desktop,1,1,0.32,0
T15286,M123,2026-08-20T00:10:28.795769,10285.46,0,1,Bhubaneswar,Pune,1,desktop,0,4,1.29,0
T15287,M110,2026-08-21T00:26:13.795778,15306.75,0,1,Pune,Bhubaneswar,1,mobile,0,1,0.77,0
T15288,M119,2026-07-26T15:16:50.795786,8016.67,15,0,Ahmedabad,Kolkata,1,mobile,0,2,1.0,0
T15289,M111,2026-08-08T22:14:24.795794,10601.76,22,0,Chennai,Jaipur,1,desktop,1,1,0.53,1
T15290,M127,2026-08-12T06:26:52.795802,5187.6,6,0,Ahmedabad,Ahmedabad,0,tablet,0,1,0.26,0
T15291,M123,2026-09-01T08:44:06.795810,4568.11,8,1,Ahmedabad,Bhubaneswar,1,tablet,0,2,0.57,0
T15292,M121,2026-07-26T05:25:06.795818,244561.27,5,0,Pune,Kolkata,1,tablet,0,1,12.23,0
T15293,M116,2026-08-10T08:05:24.795827,3932.04,8,1,Ahmedabad,Bhubaneswar,1,desktop,0,1,1.31,0
T15294,M119,2026-08-25T10:07:32.795835,3108.71,10,0,Kolkata,Hyderabad,1,tablet,0,2,0.39,0
T15295,M123,2026-07-24T12:41:22.795843,11675.91,12,0,Delhi,Kolkata,1,mobile,0,2,1.46,0
T15296,M110,2026-07-24T07:57:34.795851,16996.72,7,1,Delhi,Bengaluru,1,mobile,0,1,0.85,0
T15297,M118,2026-08-04T21:04:36.795860,409.94,21,0,Kolkata,Bengaluru,1,desktop,0,1,0.82,0
T15298,M118,2026-08-16T19:44:05.795868,239.68,19,0,Delhi,Pune,1,tablet,0,1,0.48,0
T15299,M117,2026-08-09T22:32:06.795876,1679.54,22,0,Jaipur,Bhubaneswar,1,mobile,0,2,1.12,0
T15300,M114,2026-08-08T02:01:17.795884,205.92,2,1,Bhubaneswar,Bhubaneswar,0,mobile,0,1,0.41,0
T15301,M138,2026-08-26T13:41:53.795892,499.59,13,0,Bengaluru,Jaipur,1,tablet,0,1,1.0,0
T15302,M100,2026-08-19T17:27:41.795900,474.15,17,0,Chennai,Bhubaneswar,1,desktop,0,1,0.95,0
T15303,M138,2026-08-12T12:56:52.795908,430.92,12,0,Kolkata,Mumbai,1,tablet,0,1,0.86,0
T15304,M103,2026-08-07T06:13:45.795916,421.11,6,1,Pune,Bhubaneswar,1,desktop,0,1,0.84,0
T15305,M117,2026-07-25T23:33:53.795924,10025.55,23,0,Bhubaneswar,Ahmedabad,1,desktop,0,2,6.68,1
T15306,M118,2026-08-09T08:26:49.795932,371.17,8,1,Chennai,Bengaluru,1,mobile,1,1,0.74,1
T15307,M132,2026-08-01T01:37:56.795942,405.87,1,0,Kolkata,Pune,1,desktop,0,1,0.81,0
T15308,M111,2026-08-07T17:47:24.795950,14041.26,17,0,Pune,Delhi,1,tablet,0,1,0.7,0
T15309,M128,2026-08-28T20:15:03.795958,31010.35,20,0,Mumbai,Ahmedabad,1,tablet,0,8,1.55,0
T15310,M125,2026-07-27T11:46:31.795966,676.01,11,0,Hyderabad,Pune,1,mobile,0,1,1.35,0
T15311,M135,2026-08-01T22:37:07.795975,2312.8,22,0,Bhubaneswar,Pune,1,desktop,0,1,0.77,0
T15312,M131,2026-08-14T11:15:35.795983,475.03,11,0,Bengaluru,Bengaluru,0,desktop,0,1,0.95,0
T15313,M124,2026-08-19T08:09:17.795990,193.58,8,0,Chennai,Bhubaneswar,1,mobile,0,1,0.39,0
T15314,M111,2026-08-16T03:13:57.795998,18588.97,3,0,Hyderabad,Pune,1,mobile,0,1,0.93,0
T15315,M116,2026-08-09T17:34:05.796006,3108.32,17,0,Kolkata,Bhubaneswar,1,mobile,0,1,1.04,0
T15316,M116,2026-08-21T03:54:01.796014,2943.72,3,1,Kolkata,Hyderabad,1,mobile,0,1,0.98,0
T15317,M117,2026-08-20T17:49:44.796024,1893.82,17,0,Hyderabad,Jaipur,1,tablet,0,1,1.26,0
T15318,M100,2026-07-28T11:27:08.796031,420.15,11,0,Delhi,Delhi,0,tablet,0,1,0.84,0
T15319,M110,2026-08-02T02:40:37.796040,18708.33,2,1,Chennai,Hyderabad,1,mobile,0,1,0.94,0
T15320,M129,2026-09-03T15:05:09.796048,504.83,15,0,Ahmedabad,Bhubaneswar,1,desktop,0,1,1.01,0
T15321,M139,2026-08-23T08:18:22.796056,9345.94,8,1,Delhi,Hyderabad,1,tablet,0,4,6.23,1
T15322,M132,2026-07-29T20:54:35.796064,528.02,20,0,Chennai,Hyderabad,1,desktop,0,1,1.06,0
T15323,M135,2026-07-27T18:05:14.796072,3363.52,18,0,Chennai,Bhubaneswar,1,desktop,0,1,1.12,0
T15324,M118,2026-07-29T20:20:46.796080,410.66,20,0,Mumbai,Mumbai,0,tablet,0,2,0.82,0
T15325,M110,2026-07-29T10:53:08.796088,13631.77,10,0,Delhi,Ahmedabad,1,mobile,0,2,0.68,0
T15326,M114,2026-09-02T08:16:34.796096,437.3,8,1,Chennai,Hyderabad,1,desktop,1,1,0.87,1
T15327,M121,2026-08-27T20:38:01.796105,17434.17,20,0,Bhubaneswar,Bengaluru,1,desktop,0,2,0.87,0
T15328,M114,2026-08-03T22:19:40.796113,713.77,22,1,Jaipur,Bengaluru,1,mobile,0,1,1.43,0
T15329,M109,2026-08-21T18:13:42.796122,15419.74,18,0,Ahmedabad,Bhubaneswar,1,desktop,1,1,0.77,0
T15330,M105,2026-07-27T11:28:10.796130,13407.76,11,0,Kolkata,Bengaluru,1,mobile,1,1,0.67,0
T15331,M117,2026-07-23T11:17:06.796140,1933.82,11,0,Kolkata,Kolkata,0,desktop,0,2,1.29,0
T15332,M113,2026-08-10T20:52:14.796147,26025.23,20,0,Hyderabad,Pune,1,mobile,0,1,1.3,0
T15333,M116,2026-09-05T20:21:22.796155,4283.65,20,0,Jaipur,Bhubaneswar,1,desktop,0,1,1.43,0
T15334,M133,2026-08-05T20:12:01.796163,1409.9,20,0,Pune,Chennai,1,tablet,0,3,0.47,0
T15335,M128,2026-07-29T19:50:37.796171,19417.66,19,0,Ahmedabad,Bengaluru,1,tablet,0,3,0.97,0
T15336,M119,2026-07-29T02:04:32.796179,6493.2,2,1,Hyderabad,Bhubaneswar,1,desktop,1,1,0.81,1
T15337,M120,2026-07-27T21:20:48.796189,1820.67,21,0,Chennai,Chennai,0,desktop,0,1,0.61,0
T15338,M133,2026-07-26T07:16:58.796197,3586.95,7,0,Bengaluru,Jaipur,1,tablet,0,1,1.2,0
T15339,M120,2026-09-02T23:07:12.796205,9023.9,23,0,Hyderabad,Mumbai,1,desktop,0,1,3.01,0
T15340,M118,2026-07-30T12:41:08.796213,919.67,12,0,Kolkata,Bhubaneswar,1,tablet,0,4,1.84,0
T15341,M139,2026-08-02T09:53:30.796221,2155.92,9,1,Ahmedabad,Bengaluru,1,tablet,0,2,1.44,0
T15342,M123,2026-08-04T04:39:16.796230,8981.25,4,1,Pune,Mumbai,1,tablet,0,1,1.12,0
T15343,M106,2026-08-01T00:32:59.796239,397.55,0,1,Bengaluru,Bengaluru,0,mobile,1,5,0.8,1
T15344,M102,2026-08-13T13:44:06.796246,1433.34,13,0,Hyderabad,Ahmedabad,1,mobile,0,4,0.96,0
T15345,M110,2026-08-03T09:17:34.796255,22887.79,9,0,Bhubaneswar,Jaipur,1,tablet,1,1,1.14,1
T15346,M113,2026-08-02T23:14:30.796263,24534.2,23,0,Jaipur,Pune,1,tablet,0,1,1.23,0
T15347,M134,2026-09-04T07:41:24.796276,2807.23,7,1,Bengaluru,Kolkata,1,mobile,0,1,0.94,0
T15348,M123,2026-09-03T15:55:56.796284,8917.63,15,0,Jaipur,Bhubaneswar,1,tablet,0,1,1.11,0
T15349,M105,2026-08-17T14:41:45.796293,21668.83,14,0,Delhi,Bhubaneswar,1,tablet,0,1,1.08,0
T15350,M135,2026-08-03T09:46:03.796301,13456.68,9,0,Hyderabad,Bhubaneswar,1,tablet,1,1,4.49,0
T15351,M119,2026-08-01T11:32:05.796309,13432.35,11,0,Bhubaneswar,Ahmedabad,1,tablet,0,1,1.68,0
T15352,M100,2026-08-05T02:49:32.796317,933.17,2,1,Hyderabad,Bengaluru,1,desktop,0,1,1.87,1
T15353,M102,2026-09-03T00:39:16.796325,16967.58,0,1,Ahmedabad,Hyderabad,1,mobile,0,1,11.31,1
T15354,M114,2026-07-23T04:13:36.796334,339.98,4,1,Bengaluru,Chennai,1,desktop,0,1,0.68,0
T15355,M101,2026-09-05T18:55:48.796342,1535.13,18,0,Bengaluru,Delhi,1,mobile,0,1,0.51,0
T15356,M137,2026-08-12T22:44:13.796350,35405.91,22,1,Delhi,Bhubaneswar,1,tablet,0,2,11.8,1
T15357,M110,2026-08-05T15:10:07.796361,10754.67,15,0,Bhubaneswar,Pune,1,mobile,0,8,0.54,0
T15358,M104,2026-08-09T06:10:36.796369,30805.3,6,1,Delhi,Bhubaneswar,1,desktop,0,1,1.54,0
T15359,M125,2026-08-09T09:13:23.796377,840.88,9,1,Mumbai,Delhi,1,tablet,0,1,1.68,0
T15360,M101,2026-08-28T11:16:37.796385,3795.91,11,0,Bengaluru,Hyderabad,1,mobile,0,1,1.27,0
T15361,M105,2026-07-24T04:20:55.796393,26746.11,4,0,Mumbai,Hyderabad,1,desktop,0,3,1.34,0
T15362,M119,2026-08-03T14:26:09.796402,1639.9,14,0,Hyderabad,Jaipur,1,desktop,0,3,0.2,0
T15363,M105,2026-08-28T03:53:20.796410,10517.37,3,0,Chennai,Pune,1,tablet,0,1,0.53,0
T15364,M111,2026-07-28T04:38:40.796418,26644.39,4,0,Hyderabad,Kolkata,1,mobile,0,5,1.33,0
T15365,M107,2026-07-27T12:35:07.796426,821.19,12,0,Jaipur,Mumbai,1,tablet,1,3,1.64,1
T15366,M103,2026-07-30T11:29:31.796434,1311.87,11,0,Ahmedabad,Chennai,1,tablet,0,2,2.62,0
T15367,M109,2026-08-19T22:36:26.796444,23966.39,22,1,Chennai,Kolkata,1,desktop,0,4,1.2,1
T15368,M131,2026-08-10T05:56:27.796452,513.73,5,1,Chennai,Pune,1,desktop,1,3,1.03,0
T15369,M124,2026-08-08T09:58:46.796460,578.81,9,0,Chennai,Bengaluru,1,mobile,1,1,1.16,0
T15370,M127,2026-08-13T22:17:46.796468,28869.87,22,0,Kolkata,Ahmedabad,1,desktop,0,1,1.44,0
T15371,M100,2026-08-05T11:06:16.796476,254.52,11,0,Pune,Bengaluru,1,mobile,0,1,0.51,0
T15372,M123,2026-08-20T23:47:18.796484,8492.62,23,1,Pune,Chennai,1,tablet,0,1,1.06,0
T15373,M130,2026-07-27T00:37:34.796492,1042.87,0,0,Kolkata,Mumbai,1,tablet,0,1,0.7,0
T15374,M132,2026-08-22T04:54:33.796500,50,4,0,Kolkata,Mumbai,1,mobile,0,1,0.1,0
T15375,M136,2026-08-21T06:19:30.796508,1628.79,6,1,Delhi,Delhi,0,tablet,1,1,1.09,0
T15376,M111,2026-08-04T08:58:31.796516,27386.32,8,0,Chennai,Hyderabad,1,tablet,1,1,1.37,0
T15377,M133,2026-08-12T04:20:59.796526,3033.64,4,0,Mumbai,Jaipur,1,tablet,0,1,1.01,0
T15378,M122,2026-08-16T09:26:09.796534,200.1,9,1,Pune,Chennai,1,tablet,0,1,0.4,0
T15379,M136,2026-08-19T10:15:09.796542,341.74,10,0,Ahmedabad,Chennai,1,mobile,0,1,0.23,0
T15380,M137,2026-08-23T10:44:51.796552,4934.79,10,0,Hyderabad,Kolkata,1,tablet,0,1,1.64,0
T15381,M116,2026-08-20T09:35:52.796560,2798.82,9,0,Jaipur,Pune,1,mobile,1,2,0.93,0
T15382,M127,2026-09-05T00:59:58.796567,25871.98,0,0,Hyderabad,Mumbai,1,tablet,0,1,1.29,0
T15383,M125,2026-08-13T07:21:54.796575,67.35,7,1,Bhubaneswar,Chennai,1,desktop,0,1,0.13,0
T15384,M114,2026-08-24T23:16:20.796583,597.51,23,1,Ahmedabad,Delhi,1,tablet,0,2,1.2,0
T15385,M129,2026-08-08T07:30:20.796591,434.27,7,1,Ahmedabad,Delhi,1,mobile,0,3,0.87,1
T15386,M139,2026-08-30T10:31:55.796599,941.51,10,0,Pune,Delhi,1,tablet,0,2,0.63,0
T15387,M113,2026-08-31T12:56:05.796609,28116.49,12,0,Bhubaneswar,Hyderabad,1,desktop,0,1,1.41,0
T15388,M118,2026-08-07T03:01:52.796617,556.05,3,1,Bhubaneswar,Ahmedabad,1,mobile,0,2,1.11,0
T15389,M104,2026-08-23T22:09:42.796625,14009.38,22,1,Kolkata,Ahmedabad,1,desktop,0,1,0.7,0
T15390,M114,2026-07-30T10:51:57.796632,412.71,10,0,Bhubaneswar,Chennai,1,mobile,0,1,0.83,0
T15391,M112,2026-09-03T22:29:30.796640,2628.54,22,0,Ahmedabad,Mumbai,1,tablet,0,1,1.75,0
T15392,M129,2026-08-20T16:26:03.796649,709.55,16,0,Hyderabad,Ahmedabad,1,mobile,0,5,1.42,0
T15393,M136,2026-08-30T13:38:23.796657,1735.62,13,0,Pune,Bhubaneswar,1,mobile,0,1,1.16,0
T15394,M102,2026-07-23T18:42:08.796665,2338.82,18,0,Ahmedabad,Ahmedabad,0,desktop,0,1,1.56,0
T15395,M104,2026-08-16T22:13:37.796673,17828.32,22,1,Pune,Kolkata,1,desktop,0,2,0.89,0
T15396,M106,2026-07-23T03:33:59.796683,320.64,3,1,Ahmedabad,Mumbai,1,mobile,0,1,0.64,0
T15397,M109,2026-08-28T09:57:25.796693,18787.46,9,0,Delhi,Bengaluru,1,tablet,0,1,0.94,0
T15398,M139,2026-07-25T00:32:39.796701,11483.39,0,1,Delhi,Jaipur,1,mobile,0,2,7.66,1
T15399,M137,2026-07-28T10:10:30.796710,32864.57,10,0,Ahmedabad,Kolkata,1,tablet,0,1,10.95,0
T15400,M107,2026-08-05T15:54:08.796719,438.61,15,0,Kolkata,Hyderabad,1,mobile,0,1,0.88,0
T15401,M136,2026-08-10T11:51:12.796727,1339.94,11,0,Bengaluru,Bhubaneswar,1,desktop,0,1,0.89,0
T15402,M109,2026-07-28T06:16:02.796735,300000,6,1,Pune,Chennai,1,desktop,0,2,15.0,1
T15403,M102,2026-07-30T14:46:30.796744,1970.59,14,0,Bengaluru,Delhi,1,tablet,0,1,1.31,0
T15404,M116,2026-08-22T21:23:32.796753,1936.5,21,0,Pune,Bhubaneswar,1,desktop,1,1,0.65,0
T15405,M116,2026-08-23T14:05:35.796761,2832.42,14,0,Kolkata,Hyderabad,1,mobile,0,4,0.94,0
T15406,M129,2026-08-22T13:03:14.796771,398.81,13,0,Delhi,Hyderabad,1,mobile,0,1,0.8,0
T15407,M113,2026-08-21T21:02:21.796781,28553.29,21,0,Bengaluru,Mumbai,1,mobile,0,1,1.43,0
T15408,M129,2026-08-05T14:06:38.796789,353.82,14,0,Ahmedabad,Jaipur,1,mobile,0,1,0.71,0
T15409,M119,2026-08-21T16:59:38.796797,14222.57,16,0,Mumbai,Bhubaneswar,1,desktop,1,1,1.78,0
T15410,M127,2026-07-31T11:15:51.796805,18151.74,11,0,Bhubaneswar,Kolkata,1,tablet,0,1,0.91,0
T15411,M102,2026-08-04T11:14:53.796813,1437.24,11,0,Ahmedabad,Delhi,1,desktop,1,1,0.96,0
T15412,M116,2026-09-01T07:20:54.796821,4680.46,7,1,Chennai,Kolkata,1,desktop,0,1,1.56,0
T15413,M128,2026-07-28T09:25:40.796829,17870.21,9,0,Chennai,Bengaluru,1,desktop,0,1,0.89,0
T15414,M111,2026-08-17T06:57:14.796837,27513.88,6,0,Bengaluru,Ahmedabad,1,desktop,0,1,1.38,0
T15415,M134,2026-08-22T15:38:16.796846,2273.97,15,0,Ahmedabad,Chennai,1,tablet,0,2,0.76,0
T15416,M119,2026-08-08T15:08:47.796853,4794.18,15,0,Mumbai,Mumbai,0,mobile,0,1,0.6,0
T15417,M126,2026-08-07T20:02:05.796863,1751.44,20,1,Bhubaneswar,Chennai,1,desktop,0,3,0.58,1
T15418,M111,2026-08-02T10:23:06.796871,23960.64,10,0,Pune,Hyderabad,1,mobile,0,1,1.2,0
T15419,M108,2026-08-29T13:47:59.796880,1843.19,13,0,Bhubaneswar,Kolkata,1,desktop,0,2,1.23,0
T15420,M109,2026-08-24T06:02:38.796888,34066.37,6,1,Bhubaneswar,Jaipur,1,mobile,0,1,1.7,0
T15421,M125,2026-07-26T13:06:48.796896,511.71,13,0,Delhi,Pune,1,tablet,1,1,1.02,0
T15422,M119,2026-09-03T13:10:09.796904,14176.21,13,0,Jaipur,Delhi,1,tablet,0,1,1.77,0
T15423,M115,2026-08-21T13:58:55.796912,11873.21,13,0,Jaipur,Delhi,1,mobile,0,1,1.48,0
T15424,M125,2026-08-08T09:27:23.796919,835.49,9,1,Bhubaneswar,Ahmedabad,1,tablet,0,1,1.67,0
T15425,M138,2026-08-28T13:20:51.796927,584.01,13,0,Bengaluru,Delhi,1,desktop,0,1,1.17,0
T15426,M105,2026-07-26T00:10:32.796936,30320.71,0,0,Hyderabad,Mumbai,1,mobile,0,1,1.52,0
T15427,M100,2026-08-24T20:57:08.796945,549.94,20,0,Kolkata,Bhubaneswar,1,desktop,0,1,1.1,0
T15428,M135,2026-07-23T09:43:38.796953,3740.31,9,0,Hyderabad,Bengaluru,1,desktop,0,2,1.25,0
T15429,M106,2026-07-27T05:59:56.796961,288.99,5,1,Delhi,Mumbai,1,desktop,1,1,0.58,1
T15430,M130,2026-07-26T19:08:03.796969,1422.29,19,0,Bengaluru,Kolkata,1,tablet,0,3,0.95,0
T15431,M124,2026-08-24T12:42:45.796978,655.19,12,0,Chennai,Kolkata,1,mobile,0,1,1.31,0
T15432,M132,2026-09-03T07:50:50.796988,494.79,7,0,Bengaluru,Jaipur,1,tablet,0,1,0.99,0
T15433,M103,2026-08-09T06:17:42.796998,293.61,6,1,Ahmedabad,Chennai,1,mobile,0,1,0.59,0
T15434,M121,2026-07-29T11:26:06.797006,25610.55,11,0,Bengaluru,Chennai,1,desktop,0,2,1.28,0
T15435,M137,2026-08-18T08:40:25.797014,199.57,8,1,Chennai,Pune,1,desktop,0,1,0.07,0
T15436,M117,2026-07-30T08:10:06.797022,1559.43,8,0,Bhubaneswar,Bhubaneswar,0,desktop,0,1,1.04,0
T15437,M128,2026-08-17T13:30:12.797032,20764.24,13,0,Chennai,Pune,1,mobile,0,1,1.04,0
T15438,M122,2026-08-13T08:39:11.797040,427.51,8,1,Bengaluru,Kolkata,1,tablet,0,1,0.86,0
T15439,M121,2026-08-30T21:16:20.797048,10367.77,21,0,Mumbai,Mumbai,0,tablet,1,1,0.52,0
T15440,M122,2026-08-01T11:22:38.797056,171.38,11,0,Pune,Kolkata,1,tablet,0,1,0.34,0
T15441,M113,2026-07-28T02:43:44.797064,11085.26,2,0,Pune,Bengaluru,1,desktop,0,1,0.55,0
T15442,M102,2026-07-28T23:07:14.797072,1548.76,23,1,Delhi,Ahmedabad,1,desktop,0,1,1.03,0
T15443,M135,2026-08-01T12:17:25.797080,3527.14,12,0,Chennai,Bhubaneswar,1,tablet,0,1,1.18,0
T15444,M137,2026-08-06T23:50:26.797088,2426.24,23,1,Ahmedabad,Delhi,1,desktop,0,4,0.81,1
T15445,M138,2026-08-02T11:10:07.797096,735.17,11,0,Jaipur,Bhubaneswar,1,mobile,1,3,1.47,1
T15446,M117,2026-08-18T03:13:03.797104,2326.59,3,0,Kolkata,Bengaluru,1,tablet,0,3,1.55,0
T15447,M117,2026-08-01T15:46:35.797113,872.06,15,0,Hyderabad,Delhi,1,desktop,0,1,0.58,0
T15448,M139,2026-07-29T20:18:33.797123,2072.76,20,1,Ahmedabad,Jaipur,1,desktop,0,1,1.38,0
T15449,M106,2026-08-07T06:12:31.797132,415.0,6,1,Ahmedabad,Bengaluru,1,mobile,0,1,0.83,1
T15450,M122,2026-07-24T17:53:38.797140,590.15,17,0,Bengaluru,Jaipur,1,desktop,0,4,1.18,0
T15451,M136,2026-09-02T19:11:20.797148,984.41,19,1,Delhi,Kolkata,1,desktop,0,2,0.66,0
T15452,M105,2026-07-27T05:20:17.797156,14284.36,5,0,Pune,Chennai,1,mobile,0,1,0.71,0
T15453,M133,2026-07-24T23:54:13.797164,4826.67,23,0,Mumbai,Hyderabad,1,desktop,0,1,1.61,0
T15454,M107,2026-08-18T16:26:17.797172,444.03,16,0,Delhi,Kolkata,1,desktop,0,1,0.89,0
T15455,M128,2026-08-27T15:45:37.797181,24370.79,15,0,Bhubaneswar,Jaipur,1,desktop,0,1,1.22,0
T15456,M120,2026-08-05T03:28:23.797189,15343.23,3,0,Chennai,Pune,1,tablet,1,2,5.11,1
T15457,M130,2026-09-05T16:00:15.797199,2632.1,16,0,Chennai,Kolkata,1,tablet,0,2,1.75,0
T15458,M113,2026-07-27T16:55:11.797208,15641.53,16,0,Pune,Hyderabad,1,mobile,0,2,0.78,0
T15459,M122,2026-08-14T11:37:19.797217,577.74,11,0,Kolkata,Kolkata,0,mobile,0,1,1.16,0
T15460,M121,2026-07-24T02:51:46.797226,50,2,0,Mumbai,Kolkata,1,tablet,0,1,0.0,0
T15461,M123,2026-08-26T13:08:58.797234,10582.45,13,0,Delhi,Mumbai,1,desktop,0,1,1.32,0
T15462,M113,2026-07-29T14:11:14.797242,3381.09,14,0,Delhi,Chennai,1,mobile,0,1,0.17,0
T15463,M116,2026-08-01T11:34:02.797250,5184.08,11,0,Jaipur,Chennai,1,tablet,0,2,1.73,0
T15464,M124,2026-07-25T10:09:07.797258,912.96,10,0,Bengaluru,Mumbai,1,tablet,0,1,1.83,0
T15465,M135,2026-07-28T21:39:07.797267,3110.97,21,0,Bhubaneswar,Bengaluru,1,desktop,0,1,1.04,0
T15466,M114,2026-08-19T03:07:09.797275,551.18,3,1,Ahmedabad,Bhubaneswar,1,mobile,0,1,1.1,0
T15467,M133,2026-07-26T14:01:29.797284,2522.82,14,0,Pune,Ahmedabad,1,desktop,0,2,0.84,0
T15468,M133,2026-08-12T21:59:56.797292,2578.24,21,0,Bengaluru,Bengaluru,0,desktop,0,1,0.86,0
T15469,M108,2026-08-25T07:11:34.797302,614.43,7,1,Hyderabad,Bengaluru,1,tablet,0,1,0.41,0
T15470,M127,2026-08-08T08:25:42.797310,20886.83,8,0,Hyderabad,Delhi,1,mobile,0,1,1.04,0
T15471,M118,2026-08-19T15:08:57.797318,421.16,15,0,Hyderabad,Pune,1,mobile,0,2,0.84,0
T15472,M127,2026-08-30T19:59:23.797326,25931.43,19,0,Hyderabad,Ahmedabad,1,desktop,0,1,1.3,0
T15473,M108,2026-08-07T13:11:44.797334,2483.03,13,0,Kolkata,Pune,1,mobile,0,1,1.66,0
T15474,M130,2026-07-27T15:13:39.797341,1549.49,15,0,Kolkata,Bengaluru,1,tablet,0,1,1.03,0
T15475,M118,2026-07-28T21:20:20.797349,348.55,21,0,Pune,Mumbai,1,mobile,0,1,0.7,0
T15476,M119,2026-08-20T18:24:37.797357,4079.2,18,0,Pune,Ahmedabad,1,desktop,0,1,0.51,0
T15477,M119,2026-08-26T09:40:55.797366,10291.64,9,0,Bengaluru,Delhi,1,tablet,1,2,1.29,0
T15478,M139,2026-08-19T01:35:47.797374,1347.29,1,1,Pune,Pune,0,tablet,0,1,0.9,0
T15479,M102,2026-09-04T16:13:11.797382,1260.96,16,0,Mumbai,Hyderabad,1,mobile,0,1,0.84,0
T15480,M124,2026-08-10T02:51:42.797390,794.61,2,0,Kolkata,Bhubaneswar,1,tablet,0,3,1.59,0
T15481,M131,2026-08-30T07:17:16.797398,603.75,7,1,Ahmedabad,Ahmedabad,0,mobile,0,1,1.21,0
T15482,M115,2026-08-23T02:51:41.797408,9939.57,2,0,Hyderabad,Chennai,1,mobile,0,1,1.24,0
T15483,M108,2026-08-21T15:31:24.797416,418.93,15,0,Bhubaneswar,Ahmedabad,1,desktop,0,2,0.28,0
T15484,M102,2026-09-03T13:13:41.797424,4510.86,13,0,Bhubaneswar,Hyderabad,1,mobile,0,5,3.01,0
T15485,M129,2026-08-04T09:58:18.797433,611.96,9,0,Delhi,Mumbai,1,tablet,0,3,1.22,0
T15486,M137,2026-08-14T18:21:52.797440,4629.69,18,0,Jaipur,Bengaluru,1,tablet,0,1,1.54,0
T15487,M117,2026-07-24T16:46:47.797450,923.56,16,0,Hyderabad,Pune,1,tablet,0,2,0.62,0
T15488,M107,2026-09-05T15:06:20.797458,598.45,15,0,Bengaluru,Mumbai,1,mobile,0,1,1.2,0
T15489,M118,2026-09-04T17:42:02.797466,410.73,17,0,Pune,Delhi,1,tablet,0,4,0.82,0
T15490,M131,2026-08-26T18:10:10.797474,731.74,18,0,Jaipur,Chennai,1,desktop,0,3,1.46,0
T15491,M139,2026-08-27T13:10:40.797482,1033.65,13,0,Ahmedabad,Bhubaneswar,1,desktop,0,1,0.69,0
T15492,M129,2026-09-05T12:37:37.797490,873.66,12,0,Bhubaneswar,Mumbai,1,desktop,1,1,1.75,0
T15493,M114,2026-08-22T23:50:34.797498,408.88,23,1,Pune,Delhi,1,mobile,0,1,0.82,0
T15494,M113,2026-07-29T10:38:08.797506,20892.47,10,0,Kolkata,Jaipur,1,desktop,0,1,1.04,0
T15495,M133,2026-08-06T15:16:16.797514,1216.65,15,0,Mumbai,Hyderabad,1,mobile,1,4,0.41,0
T15496,M114,2026-07-25T09:42:12.797522,820.98,9,0,Delhi,Chennai,1,mobile,0,1,1.64,0
T15497,M106,2026-08-31T03:29:23.797531,191.79,3,1,Pune,Bengaluru,1,tablet,0,1,0.38,0
T15498,M115,2026-08-26T13:20:14.797539,13340.89,13,0,Delhi,Mumbai,1,tablet,1,1,1.67,0
T15499,M136,2026-07-30T23:33:27.797548,1433.88,23,1,Bhubaneswar,Ahmedabad,1,mobile,0,1,0.96,0
T15500,M127,2026-08-18T08:08:41.797556,17140.45,8,0,Bhubaneswar,Ahmedabad,1,desktop,0,1,0.86,0
T15501,M112,2026-08-08T06:25:10.797564,1578.4,6,0,Pune,Kolkata,1,mobile,0,8,1.05,1
T15502,M107,2026-08-08T17:06:40.797571,473.72,17,0,Hyderabad,Chennai,1,tablet,0,2,0.95,0
T15503,M123,2026-08-03T21:16:30.797580,540.33,21,1,Delhi,Bengaluru,1,mobile,0,1,0.07,0
T15504,M102,2026-08-07T03:05:16.797588,2495.58,3,1,Chennai,Delhi,1,tablet,0,1,1.66,0
T15505,M111,2026-09-03T22:15:48.797596,24105.0,22,0,Ahmedabad,Hyderabad,1,mobile,0,1,1.21,0
T15506,M119,2026-07-26T00:44:29.797604,6819.23,0,1,Jaipur,Bhubaneswar,1,desktop,0,3,0.85,1
T15507,M130,2026-08-30T00:50:06.797613,2312.18,0,0,Bhubaneswar,Chennai,1,tablet,1,1,1.54,0
T15508,M106,2026-07-24T16:39:04.797622,593.72,16,0,Chennai,Jaipur,1,mobile,0,1,1.19,0
T15509,M130,2026-08-29T04:59:12.797630,857.45,4,0,Mumbai,Ahmedabad,1,tablet,0,1,0.57,0
T15510,M117,2026-08-25T08:42:40.797637,2618.2,8,0,Bhubaneswar,Kolkata,1,mobile,0,1,1.75,0
T15511,M120,2026-07-27T11:03:46.797645,3891.43,11,0,Kolkata,Bengaluru,1,desktop,0,1,1.3,0
T15512,M127,2026-08-07T08:26:56.797653,28803.52,8,0,Jaipur,Kolkata,1,mobile,1,2,1.44,0
T15513,M132,2026-08-10T01:15:09.797661,389.62,1,0,Ahmedabad,Ahmedabad,0,mobile,1,1,0.78,0
T15514,M104,2026-08-19T21:58:56.797669,2376.3,21,0,Bhubaneswar,Delhi,1,desktop,0,1,0.12,0
T15515,M131,2026-08-22T21:52:53.797677,901.19,21,0,Ahmedabad,Bhubaneswar,1,desktop,0,2,1.8,0
T15516,M111,2026-08-13T11:17:49.797685,4489.58,11,0,Mumbai,Mumbai,0,mobile,0,1,0.22,0
T15517,M102,2026-08-12T09:11:14.797695,1457.79,9,0,Chennai,Kolkata,1,desktop,0,2,0.97,0
T15518,M134,2026-08-12T02:51:26.797703,1121.05,2,1,Bhubaneswar,Jaipur,1,desktop,0,1,0.37,0
T15519,M111,2026-07-23T08:46:53.797711,16547.94,8,0,Bhubaneswar,Bengaluru,1,mobile,1,1,0.83,0
T15520,M130,2026-07-24T05:39:55.797719,1256.01,5,0,Ahmedabad,Jaipur,1,desktop,0,2,0.84,0
T15521,M124,2026-09-04T01:01:33.797727,390.72,1,0,Mumbai,Bhubaneswar,1,mobile,1,1,0.78,0
T15522,M101,2026-09-05T05:12:45.797735,2149.11,5,1,Pune,Ahmedabad,1,desktop,0,1,0.72,0
T15523,M125,2026-08-06T20:12:35.797743,495.3,20,1,Pune,Mumbai,1,tablet,1,1,0.99,1
T15524,M128,2026-08-03T06:34:56.797753,31195.95,6,1,Kolkata,Kolkata,0,mobile,0,1,1.56,0
T15525,M127,2026-07-23T02:38:37.797761,27926.04,2,0,Jaipur,Bengaluru,1,tablet,0,4,1.4,0
T15526,M103,2026-07-25T08:50:19.797768,607.3,8,1,Jaipur,Kolkata,1,desktop,0,1,1.21,0
T15527,M138,2026-08-21T06:20:58.797778,637.42,6,1,Bhubaneswar,Ahmedabad,1,tablet,1,1,1.27,1
T15528,M114,2026-08-28T16:25:59.797795,595.99,16,0,Hyderabad,Hyderabad,0,tablet,0,1,1.19,0
T15529,M135,2026-08-26T22:20:09.797805,1038.16,22,0,Jaipur,Bhubaneswar,1,tablet,0,1,0.35,0
T15530,M113,2026-08-19T01:05:14.797813,25861.5,1,0,Kolkata,Pune,1,mobile,0,2,1.29,0
T15531,M138,2026-09-01T11:15:31.797821,345.03,11,0,Bhubaneswar,Hyderabad,1,desktop,0,1,0.69,0
T15532,M123,2026-07-29T10:50:13.797833,129511.17,10,0,Chennai,Bhubaneswar,1,desktop,0,1,16.19,0
T15533,M118,2026-07-31T13:26:55.797853,678.66,13,0,Bhubaneswar,Pune,1,mobile,0,1,1.36,0
T15534,M109,2026-08-11T19:32:01.797861,15548.43,19,0,Mumbai,Ahmedabad,1,desktop,0,1,0.78,0
T15535,M134,2026-09-02T10:03:11.797869,1907.8,10,0,Ahmedabad,Hyderabad,1,tablet,0,1,0.64,0
T15536,M138,2026-07-25T04:42:10.797878,334.37,4,1,Kolkata,Jaipur,1,tablet,0,3,0.67,0
T15537,M113,2026-08-25T14:12:50.797891,28124.07,14,0,Mumbai,Kolkata,1,mobile,0,5,1.41,0
T15538,M115,2026-08-03T17:17:56.797899,13339.08,17,0,Ahmedabad,Hyderabad,1,desktop,0,1,1.67,0
T15539,M138,2026-07-28T09:09:35.797908,968.05,9,1,Kolkata,Kolkata,0,mobile,0,1,1.94,0
T15540,M115,2026-08-09T16:16:29.797916,9999.45,16,0,Hyderabad,Bhubaneswar,1,tablet,0,1,1.25,0
T15541,M133,2026-08-07T15:53:28.797924,20590.33,15,0,Jaipur,Chennai,1,mobile,0,1,6.86,0
T15542,M100,2026-07-24T07:16:34.797936,178.51,7,1,Kolkata,Kolkata,0,tablet,0,4,0.36,0
T15543,M117,2026-08-23T07:07:52.797945,978.1,7,0,Pune,Mumbai,1,desktop,0,1,0.65,0
T15544,M132,2026-08-28T16:03:34.797953,360.76,16,0,Ahmedabad,Pune,1,desktop,0,1,0.72,0
T15545,M115,2026-08-10T12:30:59.797961,8466.22,12,0,Bhubaneswar,Bhubaneswar,0,desktop,0,1,1.06,0
T15546,M136,2026-08-21T08:54:35.797969,1064.97,8,1,Bengaluru,Kolkata,1,desktop,0,3,0.71,0
T15547,M120,2026-08-03T17:42:09.797978,2000.43,17,0,Mumbai,Mumbai,0,mobile,0,1,0.67,0
T15548,M103,2026-09-02T13:11:25.797986,719.72,13,0,Bhubaneswar,Ahmedabad,1,tablet,0,1,1.44,0
T15549,M102,2026-09-04T13:01:10.797994,553.57,13,0,Chennai,Pune,1,mobile,0,3,0.37,0
T15550,M100,2026-07-28T16:08:00.798002,718.34,16,0,Bengaluru,Mumbai,1,desktop,0,1,1.44,0
T15551,M139,2026-09-02T16:13:30.798016,1195.01,16,0,Bhubaneswar,Delhi,1,desktop,1,1,0.8,0
T15552,M136,2026-08-02T15:00:15.798024,2349.8,15,0,Bengaluru,Chennai,1,desktop,1,1,1.57,0
T15553,M113,2026-07-31T19:15:36.798032,7409.32,19,0,Chennai,Jaipur,1,tablet,0,1,0.37,0
T15554,M136,2026-08-19T21:14:57.798040,1322.3,21,1,Bhubaneswar,Bhubaneswar,0,mobile,0,1,0.88,0
T15555,M120,2026-08-13T01:23:25.798048,3361.62,1,0,Bhubaneswar,Mumbai,1,desktop,0,1,1.12,0
T15556,M127,2026-08-21T00:12:51.798056,17998.55,0,0,Hyderabad,Kolkata,1,mobile,0,1,0.9,0
T15557,M131,2026-08-06T03:09:11.798066,5682.54,3,1,Delhi,Delhi,0,desktop,1,2,11.37,1
T15558,M136,2026-08-30T13:49:45.798074,586.65,13,0,Chennai,Pune,1,mobile,1,1,0.39,0
T15559,M137,2026-08-21T05:45:35.798082,1652.93,5,1,Bhubaneswar,Kolkata,1,mobile,1,1,0.55,0
T15560,M111,2026-08-18T19:30:13.798090,18261.54,19,0,Pune,Mumbai,1,desktop,0,1,0.91,0
T15561,M106,2026-08-19T17:00:43.798098,684.1,17,0,Kolkata,Mumbai,1,desktop,0,2,1.37,0
T15562,M133,2026-08-19T12:42:09.798107,2174.73,12,0,Delhi,Jaipur,1,desktop,0,1,0.72,0
T15563,M134,2026-09-01T06:47:06.798115,3446.71,6,1,Chennai,Ahmedabad,1,mobile,0,1,1.15,0
T15564,M103,2026-08-25T08:36:03.798123,646.28,8,1,Jaipur,Ahmedabad,1,mobile,0,1,1.29,0
T15565,M103,2026-09-01T11:06:43.798131,455.4,11,0,Mumbai,Bhubaneswar,1,tablet,0,8,0.91,0
T15566,M106,2026-08-09T12:03:33.798139,590.34,12,0,Hyderabad,Pune,1,mobile,0,1,1.18,0
T15567,M127,2026-09-01T14:11:56.798148,20239.05,14,0,Pune,Mumbai,1,desktop,0,1,1.01,0
T15568,M123,2026-08-25T18:58:14.798156,5237.24,18,0,Bhubaneswar,Hyderabad,1,desktop,1,1,0.65,0
T15569,M138,2026-08-06T23:05:30.798165,546.93,23,1,Hyderabad,Ahmedabad,1,mobile,0,3,1.09,0
T15570,M112,2026-08-07T19:09:32.798173,1670.13,19,0,Bhubaneswar,Kolkata,1,mobile,0,1,1.11,0
T15571,M117,2026-08-16T02:57:06.798181,1317.88,2,0,Chennai,Bengaluru,1,desktop,0,1,0.88,0
T15572,M104,2026-08-31T11:29:17.798189,18288.23,11,0,Kolkata,Bengaluru,1,mobile,0,1,0.91,0
T15573,M135,2026-07-28T06:52:20.798197,2718.37,6,0,Hyderabad,Mumbai,1,tablet,0,3,0.91,0
T15574,M116,2026-08-09T22:52:30.798205,3901.51,22,1,Mumbai,Hyderabad,1,desktop,0,1,1.3,0
T15575,M111,2026-08-16T23:47:15.798213,19173.01,23,0,Bengaluru,Pune,1,desktop,1,1,0.96,0
T15576,M125,2026-08-12T02:03:54.798221,503.44,2,1,Pune,Jaipur,1,mobile,0,1,1.01,1
T15577,M136,2026-08-23T21:57:08.798231,1342.35,21,1,Hyderabad,Jaipur,1,mobile,0,1,0.89,0
T15578,M103,2026-09-05T07:21:55.798239,645.1,7,1,Jaipur,Pune,1,desktop,0,1,1.29,0
T15579,M130,2026-08-14T00:51:29.798247,1786.06,0,0,Chennai,Bhubaneswar,1,tablet,0,3,1.19,0
T15580,M133,2026-09-03T06:57:59.798255,3388.54,6,0,Delhi,Chennai,1,desktop,0,1,1.13,0
T15581,M138,2026-08-08T13:14:22.798263,326.89,13,0,Ahmedabad,Delhi,1,mobile,0,1,0.65,0
T15582,M126,2026-09-01T22:26:59.798271,3758.73,22,1,Jaipur,Pune,1,desktop,0,3,1.25,0
T15583,M125,2026-08-02T15:55:22.798279,655.83,15,0,Ahmedabad,Kolkata,1,desktop,0,1,1.31,0
T15584,M138,2026-07-25T04:52:10.798288,570.47,4,1,Bengaluru,Hyderabad,1,tablet,0,1,1.14,0
T15585,M127,2026-08-05T01:38:52.798296,25028.2,1,0,Chennai,Bhubaneswar,1,tablet,0,1,1.25,0
T15586,M124,2026-09-04T00:38:32.798304,629.02,0,0,Pune,Jaipur,1,mobile,0,1,1.26,0
T15587,M123,2026-07-26T23:24:44.798314,11260.55,23,1,Delhi,Hyderabad,1,desktop,0,1,1.41,1
T15588,M100,2026-07-30T22:42:16.798323,335.35,22,1,Chennai,Ahmedabad,1,tablet,0,2,0.67,0
T15589,M114,2026-08-29T08:42:10.798336,515.41,8,1,Delhi,Ahmedabad,1,desktop,0,1,1.03,1
T15590,M135,2026-07-30T18:46:17.798345,3811.85,18,0,Jaipur,Chennai,1,tablet,0,1,1.27,0
T15591,M120,2026-08-25T18:57:08.798353,2248.36,18,0,Ahmedabad,Chennai,1,mobile,0,1,0.75,0
T15592,M128,2026-08-01T11:20:52.798361,16468.37,11,0,Delhi,Ahmedabad,1,desktop,0,1,0.82,0
T15593,M103,2026-08-10T16:12:02.798369,426.88,16,0,Hyderabad,Chennai,1,desktop,0,1,0.85,0
T15594,M138,2026-08-07T08:15:58.798376,488.35,8,1,Bengaluru,Chennai,1,mobile,0,1,0.98,1
T15595,M115,2026-08-07T02:27:48.798384,10767.79,2,0,Mumbai,Delhi,1,desktop,0,2,1.35,0
T15596,M124,2026-08-04T05:18:28.798392,421.77,5,0,Hyderabad,Hyderabad,0,desktop,0,1,0.84,0
T15597,M106,2026-08-31T18:00:07.798403,437.86,18,0,Bhubaneswar,Delhi,1,desktop,0,1,0.88,0
T15598,M119,2026-07-26T17:02:16.798411,5854.86,17,0,Kolkata,Jaipur,1,desktop,0,1,0.73,0
T15599,M104,2026-08-22T12:58:33.798419,27313.17,12,0,Delhi,Mumbai,1,tablet,0,1,1.37,0
T15600,M106,2026-08-23T21:14:44.798427,916.96,21,0,Bhubaneswar,Pune,1,mobile,1,1,1.83,0
T15601,M120,2026-08-17T19:52:37.798435,2308.08,19,0,Jaipur,Ahmedabad,1,mobile,0,1,0.77,0
T15602,M111,2026-08-20T20:45:14.798442,9869.24,20,0,Jaipur,Mumbai,1,tablet,1,1,0.49,0
T15603,M104,2026-08-10T13:35:01.798450,27956.24,13,0,Chennai,Jaipur,1,mobile,0,3,1.4,0
T15604,M101,2026-08-31T22:52:28.798458,2748.54,22,1,Chennai,Kolkata,1,desktop,0,1,0.92,0
T15605,M100,2026-08-10T07:48:22.798466,471.71,7,1,Chennai,Pune,1,tablet,0,2,0.94,0
T15606,M132,2026-07-27T01:15:08.798474,620.79,1,0,Mumbai,Bengaluru,1,desktop,0,1,1.24,0
T15607,M108,2026-08-31T04:55:16.798484,918.03,4,1,Bengaluru,Bengaluru,0,mobile,0,2,0.61,0
T15608,M120,2026-07-25T20:49:54.798492,2939.78,20,0,Kolkata,Mumbai,1,desktop,0,1,0.98,0
T15609,M113,2026-08-07T21:12:54.798500,25441.83,21,0,Bengaluru,Kolkata,1,tablet,0,3,1.27,0
T15610,M122,2026-09-02T19:11:17.798508,627.69,19,1,Hyderabad,Chennai,1,desktop,0,1,1.26,0
T15611,M139,2026-08-20T12:10:37.798516,2962.06,12,0,Bengaluru,Kolkata,1,mobile,0,1,1.97,0
T15612,M139,2026-08-19T06:11:14.798523,1021.82,6,1,Mumbai,Pune,1,mobile,0,1,0.68,0
T15613,M124,2026-08-06T02:47:36.798532,346.21,2,0,Delhi,Bhubaneswar,1,tablet,0,3,0.69,0
T15614,M126,2026-08-07T01:31:28.798539,2338.14,1,1,Bengaluru,Pune,1,desktop,0,3,0.78,0
T15615,M126,2026-07-29T03:57:32.798547,50,3,1,Bhubaneswar,Bengaluru,1,mobile,0,1,0.02,0
T15616,M129,2026-08-21T13:35:19.798555,610.23,13,0,Pune,Bhubaneswar,1,desktop,1,1,1.22,0
T15617,M109,2026-08-07T19:39:45.798566,17324.92,19,0,Ahmedabad,Chennai,1,desktop,0,1,0.87,0
T15618,M129,2026-08-09T05:50:01.798574,360.54,5,1,Jaipur,Bhubaneswar,1,tablet,0,1,0.72,0
T15619,M127,2026-08-15T19:13:08.798582,24153.04,19,0,Pune,Ahmedabad,1,mobile,0,1,1.21,0
T15620,M108,2026-08-22T10:46:59.798590,1885.53,10,0,Jaipur,Ahmedabad,1,desktop,0,2,1.26,0
T15621,M116,2026-07-31T15:49:51.798598,3371.07,15,0,Chennai,Jaipur,1,mobile,0,2,1.12,0
T15622,M121,2026-08-28T14:52:56.798606,21406.02,14,0,Hyderabad,Bhubaneswar,1,desktop,1,3,1.07,0
T15623,M108,2026-08-09T13:34:49.798614,1016.27,13,0,Chennai,Hyderabad,1,mobile,0,1,0.68,0
T15624,M115,2026-08-28T16:04:01.798622,3586.62,16,0,Ahmedabad,Hyderabad,1,tablet,0,5,0.45,0
T15625,M101,2026-08-30T03:52:55.798630,5621.6,3,1,Jaipur,Bhubaneswar,1,tablet,0,1,1.87,1
T15626,M116,2026-08-14T19:38:26.798638,3905.44,19,0,Kolkata,Delhi,1,mobile,0,1,1.3,0
T15627,M113,2026-08-31T18:17:55.798650,113095.71,18,0,Delhi,Bengaluru,1,mobile,1,1,5.65,0
T15628,M106,2026-09-02T17:57:54.798659,604.08,17,0,Hyderabad,Bengaluru,1,tablet,0,1,1.21,0
T15629,M108,2026-07-30T23:11:35.798667,754.6,23,1,Hyderabad,Bengaluru,1,desktop,0,2,0.5,0
T15630,M116,2026-08-07T11:57:40.798675,3397.07,11,0,Mumbai,Chennai,1,desktop,0,1,1.13,0
T15631,M128,2026-08-15T23:03:04.798683,28684.64,23,1,Mumbai,Delhi,1,tablet,0,1,1.43,0
T15632,M113,2026-07-31T15:53:50.798691,14042.06,15,0,Bengaluru,Kolkata,1,mobile,0,1,0.7,0
T15633,M102,2026-08-02T01:41:55.798699,1735.81,1,1,Kolkata,Bhubaneswar,1,tablet,0,1,1.16,1
T15634,M121,2026-08-13T13:36:01.798706,27646.28,13,0,Jaipur,Delhi,1,desktop,0,1,1.38,0
T15635,M135,2026-08-27T09:49:20.798715,3657.69,9,0,Bengaluru,Kolkata,1,mobile,1,3,1.22,0
T15636,M118,2026-07-24T01:19:00.798725,6498.12,1,1,Bhubaneswar,Jaipur,1,desktop,1,1,13.0,1
T15637,M123,2026-07-23T14:18:22.798736,7666.36,14,0,Jaipur,Kolkata,1,desktop,1,4,0.96,0
T15638,M138,2026-08-19T11:28:58.798745,549.72,11,0,Bhubaneswar,Delhi,1,tablet,0,1,1.1,0
T15639,M129,2026-08-05T05:43:10.798754,738.78,5,1,Bengaluru,Hyderabad,1,tablet,0,1,1.48,0
T15640,M109,2026-08-06T00:35:39.798762,26096.57,0,1,Pune,Jaipur,1,desktop,1,3,1.3,1
T15641,M113,2026-08-08T04:02:54.798770,23925.37,4,0,Bengaluru,Ahmedabad,1,mobile,0,1,1.2,0
T15642,M125,2026-08-11T19:37:17.798778,729.61,19,1,Jaipur,Pune,1,tablet,0,2,1.46,0
T15643,M124,2026-07-30T20:02:16.798787,445.32,20,0,Mumbai,Kolkata,1,desktop,0,3,0.89,0
T15644,M139,2026-08-04T06:38:04.798795,1723.93,6,1,Kolkata,Pune,1,tablet,0,2,1.15,0
T15645,M121,2026-08-09T03:51:05.798803,15446.8,3,0,Delhi,Mumbai,1,mobile,1,1,0.77,0
T15646,M129,2026-08-08T00:54:08.798811,447.84,0,1,Jaipur,Bhubaneswar,1,desktop,0,1,0.9,0
T15647,M121,2026-09-03T02:41:06.798821,18965.27,2,0,Hyderabad,Chennai,1,mobile,0,1,0.95,0
T15648,M121,2026-07-31T02:26:54.798828,19749.05,2,0,Jaipur,Kolkata,1,mobile,0,1,0.99,0
T15649,M139,2026-09-04T10:59:37.798837,1135.61,10,0,Jaipur,Mumbai,1,tablet,0,1,0.76,0
T15650,M139,2026-08-20T09:04:53.798844,1731.16,9,1,Delhi,Chennai,1,mobile,0,1,1.15,0
T15651,M105,2026-08-26T04:03:38.798853,22732.26,4,0,Chennai,Ahmedabad,1,tablet,0,1,1.14,0
T15652,M125,2026-09-05T02:42:53.798862,539.84,2,1,Bengaluru,Bengaluru,0,desktop,0,1,1.08,0
T15653,M114,2026-08-25T22:36:53.798871,703.11,22,1,Bengaluru,Chennai,1,desktop,1,1,1.41,1
T15654,M118,2026-07-29T03:10:31.798879,494.54,3,1,Chennai,Chennai,0,mobile,0,1,0.99,0
T15655,M125,2026-08-17T14:52:27.798888,748.09,14,0,Bengaluru,Ahmedabad,1,desktop,0,1,1.5,0
T15656,M135,2026-08-23T10:12:40.798896,2312.08,10,0,Kolkata,Kolkata,0,mobile,1,4,0.77,0
T15657,M134,2026-07-24T21:23:02.798908,2781.6,21,0,Ahmedabad,Mumbai,1,mobile,0,1,0.93,0
T15658,M100,2026-08-21T11:27:59.798920,361.67,11,0,Delhi,Pune,1,tablet,0,1,0.72,0
T15659,M115,2026-07-28T16:27:44.798928,8952.44,16,0,Bengaluru,Pune,1,mobile,0,1,1.12,0
T15660,M124,2026-07-25T11:43:20.798936,396.46,11,0,Ahmedabad,Pune,1,tablet,0,1,0.79,0
T15661,M105,2026-08-15T21:25:16.798947,30779.39,21,0,Delhi,Pune,1,mobile,0,1,1.54,0
T15662,M111,2026-08-08T08:02:33.798957,29979.94,8,0,Chennai,Ahmedabad,1,desktop,0,3,1.5,0
T15663,M115,2026-07-26T09:17:45.798966,6732.46,9,0,Pune,Delhi,1,tablet,0,1,0.84,0
T15664,M134,2026-08-28T10:16:03.798974,3250.15,10,0,Kolkata,Hyderabad,1,mobile,1,1,1.08,0
T15665,M139,2026-07-24T09:59:59.798982,1007.73,9,1,Chennai,Bhubaneswar,1,mobile,0,1,0.67,0
T15666,M121,2026-08-01T12:08:22.798990,27948.68,12,0,Delhi,Hyderabad,1,desktop,1,1,1.4,0
T15667,M121,2026-07-27T01:02:56.799000,10251.12,1,0,Chennai,Pune,1,mobile,0,1,0.51,0
T15668,M108,2026-09-03T18:39:00.799008,1309.49,18,0,Pune,Bengaluru,1,tablet,0,1,0.87,0
T15669,M116,2026-08-20T22:17:38.799016,3746.25,22,1,Pune,Ahmedabad,1,desktop,0,1,1.25,0
T15670,M122,2026-07-31T13:11:09.799024,6407.13,13,0,Chennai,Mumbai,1,desktop,0,1,12.81,1
T15671,M104,2026-08-07T16:39:49.799033,27453.03,16,0,Bengaluru,Chennai,1,desktop,0,5,1.37,0
T15672,M128,2026-09-04T04:41:42.799041,18082.35,4,1,Ahmedabad,Mumbai,1,mobile,0,1,0.9,0
T15673,M101,2026-08-24T19:07:09.799049,3493.31,19,0,Kolkata,Bhubaneswar,1,tablet,0,1,1.16,0
T15674,M119,2026-07-31T02:31:21.799057,6203.03,2,1,Kolkata,Chennai,1,tablet,0,1,0.78,0
T15675,M126,2026-08-16T17:36:31.799065,3153.03,17,0,Ahmedabad,Bhubaneswar,1,desktop,0,1,1.05,0
T15676,M111,2026-08-10T17:59:22.799073,13246.07,17,0,Delhi,Hyderabad,1,mobile,0,1,0.66,0
T15677,M135,2026-07-29T12:53:51.799083,2303.49,12,0,Ahmedabad,Mumbai,1,mobile,0,1,0.77,0
T15678,M107,2026-08-21T06:22:38.799091,430.13,6,1,Chennai,Bhubaneswar,1,mobile,0,3,0.86,0
T15679,M129,2026-08-09T05:02:23.799099,468.89,5,1,Delhi,Kolkata,1,tablet,0,1,0.94,0
T15680,M120,2026-08-25T12:55:48.799107,3171.52,12,0,Bengaluru,Bengaluru,0,tablet,0,1,1.06,0
T15681,M119,2026-08-29T19:01:27.799116,8631.48,19,0,Mumbai,Bhubaneswar,1,desktop,0,1,1.08,0
T15682,M110,2026-08-22T02:54:27.799123,23427.19,2,1,Ahmedabad,Jaipur,1,tablet,0,1,1.17,0
T15683,M102,2026-08-12T13:16:59.799131,1259.64,13,0,Hyderabad,Mumbai,1,tablet,0,3,0.84,0
T15684,M130,2026-08-27T18:07:46.799139,2003.83,18,0,Delhi,Delhi,0,mobile,0,1,1.34,0
T15685,M108,2026-09-04T20:58:57.799147,671.38,20,1,Jaipur,Pune,1,tablet,0,1,0.45,0
T15686,M106,2026-08-25T16:38:13.799157,396.77,16,0,Mumbai,Ahmedabad,1,mobile,0,1,0.79,0
T15687,M123,2026-08-27T17:16:23.799166,4042.87,17,0,Hyderabad,Hyderabad,0,tablet,0,1,0.51,0
T15688,M107,2026-08-03T16:41:45.799174,65.29,16,0,Ahmedabad,Hyderabad,1,tablet,0,2,0.13,0
T15689,M135,2026-08-14T16:48:08.799182,342.94,16,0,Ahmedabad,Jaipur,1,mobile,0,1,0.11,0
T15690,M118,2026-07-31T20:14:43.799190,734.48,20,0,Kolkata,Pune,1,mobile,0,1,1.47,0
T15691,M124,2026-08-08T10:32:22.799198,750.44,10,0,Hyderabad,Mumbai,1,desktop,0,1,1.5,0
T15692,M119,2026-08-24T19:19:29.799206,5240.95,19,0,Bhubaneswar,Bhubaneswar,0,tablet,0,1,0.66,0
T15693,M103,2026-07-31T09:33:54.799214,154.91,9,1,Jaipur,Delhi,1,mobile,0,1,0.31,0
T15694,M115,2026-09-05T18:06:50.799221,5438.55,18,0,Delhi,Bhubaneswar,1,tablet,0,1,0.68,0
T15695,M128,2026-08-20T16:13:36.799229,11540.07,16,0,Hyderabad,Mumbai,1,tablet,0,1,0.58,0
T15696,M117,2026-08-19T17:35:55.799237,1691.25,17,0,Hyderabad,Bengaluru,1,desktop,0,1,1.13,0
T15697,M135,2026-09-04T01:02:21.799247,2900.45,1,0,Mumbai,Bengaluru,1,tablet,1,1,0.97,0
T15698,M107,2026-08-30T15:25:27.799255,518.08,15,0,Hyderabad,Kolkata,1,mobile,0,1,1.04,0
T15699,M121,2026-09-02T22:33:52.799263,16675.35,22,0,Kolkata,Hyderabad,1,mobile,0,1,0.83,0
T15700,M120,2026-08-15T10:16:39.799271,20118.59,10,0,Bengaluru,Bengaluru,0,desktop,0,3,6.71,0
T15701,M120,2026-07-29T05:39:45.799280,2026.7,5,0,Jaipur,Hyderabad,1,tablet,0,1,0.68,0
T15702,M131,2026-08-17T02:10:30.799290,820.94,2,1,Chennai,Kolkata,1,desktop,0,2,1.64,0
T15703,M112,2026-07-31T06:34:22.799298,1977.48,6,0,Bhubaneswar,Mumbai,1,mobile,1,2,1.32,1
T15704,M106,2026-08-08T10:06:15.799306,107.62,10,0,Pune,Delhi,1,mobile,0,1,0.22,0
T15705,M103,2026-07-27T13:01:37.799314,446.88,13,0,Mumbai,Bengaluru,1,mobile,0,2,0.89,0
T15706,M137,2026-08-11T06:35:03.799322,15782.59,6,1,Mumbai,Jaipur,1,mobile,0,2,5.26,1
T15707,M114,2026-08-31T09:59:31.799332,485.94,9,0,Ahmedabad,Kolkata,1,desktop,0,1,0.97,0
T15708,M137,2026-07-31T17:36:00.799340,514.33,17,0,Chennai,Ahmedabad,1,tablet,0,2,0.17,0
T15709,M134,2026-07-26T17:10:36.799349,3585.81,17,0,Hyderabad,Jaipur,1,mobile,0,1,1.2,0
T15710,M102,2026-08-08T21:20:55.799357,1594.45,21,0,Chennai,Ahmedabad,1,mobile,1,8,1.06,1
T15711,M111,2026-08-17T02:19:50.799365,19799.23,2,0,Delhi,Hyderabad,1,mobile,0,2,0.99,0
T15712,M111,2026-08-07T02:11:39.799373,9156.31,2,0,Chennai,Hyderabad,1,mobile,0,1,0.46,0
T15713,M129,2026-08-17T20:14:10.799381,214.68,20,0,Chennai,Bengaluru,1,desktop,0,1,0.43,0
T15714,M101,2026-08-28T22:06:54.799389,3520.82,22,1,Jaipur,Bhubaneswar,1,mobile,0,1,1.17,0
T15715,M106,2026-08-22T00:21:12.799399,511.68,0,1,Delhi,Hyderabad,1,tablet,0,1,1.02,0
T15716,M124,2026-07-26T09:58:45.799407,304.22,9,0,Kolkata,Kolkata,0,tablet,1,2,0.61,0
T15717,M134,2026-08-24T17:32:03.799417,3173.15,17,0,Mumbai,Bhubaneswar,1,tablet,0,1,1.06,0
T15718,M104,2026-08-16T20:11:36.799425,26258.85,20,0,Bengaluru,Hyderabad,1,desktop,0,1,1.31,0
T15719,M128,2026-07-29T21:27:24.799433,24892.45,21,0,Chennai,Ahmedabad,1,desktop,0,1,1.24,0
T15720,M126,2026-09-02T10:08:56.799441,4033.87,10,0,Bhubaneswar,Delhi,1,desktop,0,1,1.34,0
T15721,M118,2026-07-28T07:23:34.799450,988.51,7,1,Bengaluru,Hyderabad,1,mobile,0,3,1.98,0
T15722,M124,2026-08-12T13:11:16.799458,744.12,13,0,Ahmedabad,Bengaluru,1,mobile,0,1,1.49,0
T15723,M136,2026-08-02T10:49:51.799466,1447.71,10,0,Jaipur,Chennai,1,tablet,0,2,0.97,0
T15724,M119,2026-08-15T08:41:55.799476,14202.31,8,1,Ahmedabad,Delhi,1,mobile,0,2,1.78,1
T15725,M124,2026-09-02T14:12:08.799484,597.96,14,0,Chennai,Delhi,1,tablet,0,1,1.2,0
T15726,M106,2026-08-08T06:18:09.799492,157.25,6,1,Delhi,Delhi,0,mobile,0,1,0.31,0
T15727,M101,2026-08-25T14:43:20.799502,3550.31,14,0,Jaipur,Bhubaneswar,1,mobile,0,2,1.18,0
T15728,M137,2026-08-31T05:33:24.799510,4146.76,5,1,Pune,Pune,0,mobile,0,1,1.38,0
T15729,M115,2026-08-01T02:17:29.799518,15160.82,2,0,Bhubaneswar,Jaipur,1,tablet,0,1,1.9,0
T15730,M104,2026-08-16T10:58:47.799526,7730.75,10,0,Jaipur,Hyderabad,1,mobile,0,2,0.39,0
T15731,M110,2026-08-20T18:18:27.799535,25668.87,18,0,Ahmedabad,Jaipur,1,desktop,0,1,1.28,0
T15732,M100,2026-07-26T03:00:12.799542,466.71,3,1,Bhubaneswar,Hyderabad,1,mobile,0,1,0.93,0
T15733,M131,2026-08-31T11:17:26.799550,363.37,11,0,Pune,Jaipur,1,desktop,1,2,0.73,0
T15734,M101,2026-07-28T03:20:26.799558,3274.51,3,1,Pune,Mumbai,1,mobile,0,2,1.09,0
T15735,M138,2026-07-25T05:54:35.799567,462.97,5,1,Bhubaneswar,Mumbai,1,mobile,0,1,0.93,0
T15736,M100,2026-08-05T03:48:38.799574,344.8,3,1,Bhubaneswar,Bhubaneswar,0,mobile,0,1,0.69,0
T15737,M117,2026-08-17T18:01:47.799586,1880.72,18,0,Hyderabad,Kolkata,1,mobile,1,1,1.25,0
T15738,M126,2026-08-25T23:54:35.799594,4027.41,23,1,Ahmedabad,Delhi,1,desktop,0,3,1.34,0
T15739,M126,2026-08-26T17:49:58.799602,5790.37,17,0,Bhubaneswar,Chennai,1,tablet,0,2,1.93,0
T15740,M122,2026-09-02T11:29:27.799610,465.55,11,0,Jaipur,Jaipur,0,tablet,0,1,0.93,0
T15741,M108,2026-08-04T12:11:06.799618,2240.82,12,0,Bengaluru,Ahmedabad,1,desktop,0,1,1.49,0
T15742,M130,2026-08-08T09:25:04.799626,1657.9,9,0,Chennai,Chennai,0,tablet,0,1,1.11,0
T15743,M134,2026-08-17T20:37:37.799634,2856.26,20,0,Kolkata,Ahmedabad,1,tablet,0,4,0.95,0
T15744,M106,2026-08-02T22:47:45.799641,574.3,22,1,Jaipur,Ahmedabad,1,mobile,0,1,1.15,0
T15745,M119,2026-09-03T12:01:47.799649,6980.1,12,0,Delhi,Hyderabad,1,desktop,0,2,0.87,0
T15746,M119,2026-08-02T06:33:29.799657,1667.99,6,1,Delhi,Chennai,1,mobile,0,1,0.21,0
T15747,M127,2026-08-25T08:35:42.799667,14623.92,8,0,Pune,Ahmedabad,1,mobile,0,1,0.73,0
T15748,M114,2026-08-03T06:48:03.799675,4493.39,6,1,Chennai,Chennai,0,desktop,0,1,8.99,1
T15749,M111,2026-09-01T12:45:43.799684,23453.91,12,0,Mumbai,Bhubaneswar,1,desktop,0,1,1.17,0
T15750,M106,2026-08-15T15:24:06.799692,191.55,15,0,Ahmedabad,Bhubaneswar,1,mobile,0,1,0.38,0
T15751,M136,2026-08-21T15:28:31.799700,1734.52,15,0,Jaipur,Chennai,1,desktop,0,1,1.16,0
T15752,M136,2026-08-10T01:28:25.799709,2238.9,1,1,Pune,Kolkata,1,tablet,0,4,1.49,1
T15753,M108,2026-07-26T08:08:40.799717,2177.48,8,1,Bhubaneswar,Mumbai,1,mobile,0,1,1.45,0
T15754,M137,2026-08-26T02:49:43.799725,2855.65,2,1,Chennai,Chennai,0,desktop,0,1,0.95,0
T15755,M124,2026-08-24T23:57:48.799733,536.16,23,0,Pune,Ahmedabad,1,mobile,0,1,1.07,0
T15756,M111,2026-07-24T01:07:54.799741,24518.16,1,0,Bengaluru,Jaipur,1,mobile,0,1,1.23,0
T15757,M101,2026-07-28T16:43:50.799751,4125.93,16,0,Ahmedabad,Kolkata,1,tablet,1,2,1.38,0
T15758,M111,2026-07-23T05:24:12.799759,17362.2,5,0,Chennai,Jaipur,1,tablet,0,1,0.87,0
T15759,M129,2026-09-04T06:05:07.799767,376.82,6,1,Pune,Kolkata,1,desktop,1,1,0.75,1
T15760,M124,2026-09-03T00:00:49.799775,370.15,0,0,Delhi,Chennai,1,tablet,0,1,0.74,0
T15761,M138,2026-08-16T16:00:09.799783,462.02,16,0,Mumbai,Ahmedabad,1,desktop,1,1,0.92,1
T15762,M127,2026-08-30T11:54:36.799791,15928.4,11,0,Jaipur,Pune,1,desktop,0,2,0.8,0
T15763,M137,2026-07-31T16:54:58.799799,3904.59,16,0,Ahmedabad,Bhubaneswar,1,mobile,0,1,1.3,0
T15764,M139,2026-08-24T10:34:30.799806,969.33,10,0,Bengaluru,Bengaluru,0,tablet,1,1,0.65,0
T15765,M106,2026-07-27T04:33:36.799814,430.61,4,1,Ahmedabad,Jaipur,1,desktop,1,1,0.86,0
T15766,M118,2026-08-19T04:00:07.799822,741.81,4,1,Ahmedabad,Kolkata,1,mobile,0,1,1.48,0
T15767,M101,2026-08-01T08:58:20.799831,1977.34,8,1,Jaipur,Ahmedabad,1,mobile,1,1,0.66,1
T15768,M103,2026-09-03T11:06:55.799839,289.9,11,0,Kolkata,Ahmedabad,1,tablet,0,2,0.58,0
T15769,M100,2026-08-08T00:52:24.799847,633.68,0,1,Mumbai,Pune,1,desktop,0,1,1.27,0
T15770,M104,2026-08-11T15:57:02.799856,23482.56,15,0,Jaipur,Kolkata,1,desktop,0,2,1.17,0
T15771,M104,2026-08-06T05:15:19.799864,33300.38,5,1,Hyderabad,Jaipur,1,mobile,0,1,1.67,1
T15772,M139,2026-07-25T06:26:20.799872,391.18,6,1,Jaipur,Kolkata,1,desktop,1,2,0.26,1
T15773,M126,2026-08-31T04:55:17.799880,2553.14,4,1,Delhi,Ahmedabad,1,mobile,0,2,0.85,0
T15774,M139,2026-08-12T03:03:24.799887,1222.16,3,1,Pune,Pune,0,tablet,0,3,0.81,0
T15775,M108,2026-08-04T18:10:25.799895,1565.57,18,0,Pune,Pune,0,mobile,1,1,1.04,0
T15776,M131,2026-08-19T05:41:11.799903,160.35,5,1,Pune,Delhi,1,desktop,0,1,0.32,1
T15777,M111,2026-07-30T17:10:32.799912,24194.74,17,0,Ahmedabad,Delhi,1,mobile,0,1,1.21,0
T15778,M109,2026-07-26T23:38:38.799920,19776.55,23,1,Jaipur,Chennai,1,desktop,0,5,0.99,1
T15779,M123,2026-08-13T16:11:01.799930,3664.5,16,0,Hyderabad,Chennai,1,tablet,0,1,0.46,0
T15780,M138,2026-07-26T07:21:56.799938,743.09,7,1,Delhi,Jaipur,1,tablet,0,1,1.49,1
T15781,M116,2026-08-22T06:26:21.799946,6567.81,6,1,Pune,Bhubaneswar,1,tablet,0,1,2.19,0
T15782,M133,2026-08-31T10:59:42.799953,3019.91,10,0,Ahmedabad,Pune,1,tablet,0,1,1.01,0
T15783,M106,2026-09-04T17:12:11.799961,364.08,17,0,Ahmedabad,Mumbai,1,tablet,1,1,0.73,0
T15784,M139,2026-08-17T11:43:36.799969,1371.34,11,0,Mumbai,Bhubaneswar,1,mobile,1,1,0.91,0
T15785,M119,2026-08-14T16:19:36.799977,12065.49,16,0,Mumbai,Kolkata,1,mobile,0,3,1.51,0
T15786,M121,2026-08-16T08:42:53.799986,34327.46,8,0,Ahmedabad,Bengaluru,1,desktop,0,1,1.72,0
T15787,M115,2026-07-26T23:27:40.799995,3595.28,23,0,Jaipur,Chennai,1,mobile,0,1,0.45,0
T15788,M129,2026-08-06T19:59:02.800008,239.05,19,0,Bhubaneswar,Jaipur,1,mobile,0,1,0.48,0
T15789,M104,2026-08-08T13:22:00.800021,13746.3,13,0,Bengaluru,Jaipur,1,desktop,0,1,0.69,0
T15790,M120,2026-08-06T02:26:17.800030,4021.1,2,0,Bengaluru,Hyderabad,1,desktop,0,1,1.34,0
T15791,M128,2026-08-16T04:11:49.800038,9305.61,4,1,Delhi,Bhubaneswar,1,mobile,0,2,0.47,0
T15792,M127,2026-07-24T06:46:21.800046,13496.48,6,0,Jaipur,Chennai,1,mobile,0,1,0.67,0
T15793,M134,2026-08-07T00:28:59.800054,3149.42,0,1,Hyderabad,Delhi,1,mobile,1,2,1.05,0
T15794,M114,2026-08-18T10:29:24.800062,830.41,10,0,Hyderabad,Ahmedabad,1,tablet,1,1,1.66,0
T15795,M122,2026-08-18T14:14:40.800070,348.79,14,0,Bengaluru,Delhi,1,tablet,0,1,0.7,0
T15796,M138,2026-08-21T17:43:32.800078,400.77,17,0,Delhi,Bengaluru,1,tablet,0,1,0.8,0
T15797,M123,2026-08-16T07:59:00.800088,8878.52,7,1,Jaipur,Hyderabad,1,tablet,0,1,1.11,0
T15798,M134,2026-07-28T19:00:46.800096,2932.23,19,0,Pune,Ahmedabad,1,mobile,0,1,0.98,0
T15799,M131,2026-09-01T08:42:02.800104,603.89,8,1,Bengaluru,Chennai,1,desktop,0,3,1.21,0
T15800,M130,2026-08-07T19:28:39.800112,623.93,19,0,Hyderabad,Delhi,1,desktop,0,2,0.42,0
T15801,M133,2026-09-01T11:16:32.800120,453.39,11,0,Delhi,Mumbai,1,mobile,0,1,0.15,0
T15802,M138,2026-08-27T04:43:37.800127,634.72,4,1,Chennai,Kolkata,1,tablet,0,1,1.27,0
T15803,M100,2026-08-30T20:14:09.800135,105.54,20,0,Hyderabad,Pune,1,tablet,0,1,0.21,0
T15804,M124,2026-08-01T05:38:13.800143,370.97,5,0,Mumbai,Bengaluru,1,desktop,0,1,0.74,0
T15805,M111,2026-07-28T08:28:32.800151,8802.71,8,0,Bengaluru,Hyderabad,1,tablet,0,2,0.44,0
T15806,M133,2026-09-01T20:27:14.800159,1671.3,20,0,Kolkata,Chennai,1,tablet,0,4,0.56,0
T15807,M120,2026-08-20T02:09:47.800168,2592.59,2,0,Mumbai,Delhi,1,tablet,0,2,0.86,0
T15808,M114,2026-08-28T03:55:37.800177,334.6,3,1,Bengaluru,Hyderabad,1,tablet,0,1,0.67,0
T15809,M104,2026-09-02T20:09:08.800185,9266.0,20,0,Jaipur,Ahmedabad,1,mobile,1,1,0.46,0
T15810,M108,2026-07-31T16:05:43.800192,1640.23,16,0,Bengaluru,Mumbai,1,tablet,0,1,1.09,0
T15811,M103,2026-08-17T16:17:21.800200,548.43,16,0,Mumbai,Chennai,1,desktop,0,1,1.1,0
T15812,M100,2026-09-02T23:00:06.800208,688.67,23,1,Chennai,Ahmedabad,1,desktop,0,3,1.38,0
T15813,M107,2026-09-04T21:41:24.800216,623.36,21,0,Bhubaneswar,Mumbai,1,desktop,0,1,1.25,0
T15814,M133,2026-08-22T13:19:18.800224,2839.94,13,0,Mumbai,Bengaluru,1,desktop,0,4,0.95,0
T15815,M115,2026-09-01T05:49:57.800232,4979.97,5,0,Mumbai,Bengaluru,1,tablet,1,1,0.62,0
T15816,M112,2026-07-29T03:21:03.800240,1447.12,3,0,Pune,Bengaluru,1,desktop,0,3,0.96,0
T15817,M138,2026-08-31T11:45:47.800249,149.99,11,0,Pune,Kolkata,1,desktop,0,1,0.3,0
T15818,M116,2026-08-11T23:30:21.800258,866.37,23,1,Jaipur,Chennai,1,mobile,1,1,0.29,1
T15819,M107,2026-08-02T06:28:49.800266,190.34,6,1,Ahmedabad,Chennai,1,mobile,0,1,0.38,0
T15820,M101,2026-08-28T18:50:52.800273,1589.51,18,0,Bengaluru,Bengaluru,0,desktop,1,2,0.53,0
T15821,M114,2026-08-02T19:51:02.800282,537.68,19,0,Bengaluru,Bengaluru,0,mobile,0,2,1.08,0
T15822,M121,2026-08-05T09:17:49.800290,26860.77,9,0,Jaipur,Kolkata,1,desktop,0,1,1.34,0
T15823,M101,2026-09-04T01:26:51.800298,3949.61,1,1,Delhi,Delhi,0,tablet,0,3,1.32,0
T15824,M131,2026-08-21T12:37:33.800306,503.79,12,0,Hyderabad,Chennai,1,tablet,0,1,1.01,0
T15825,M125,2026-08-20T13:50:59.800314,220.61,13,0,Kolkata,Hyderabad,1,mobile,1,4,0.44,0
T15826,M122,2026-08-24T19:29:01.800321,214.55,19,1,Pune,Ahmedabad,1,desktop,0,1,0.43,0
T15827,M107,2026-08-16T16:47:20.800331,453.5,16,0,Hyderabad,Jaipur,1,mobile,0,4,0.91,0
T15828,M134,2026-08-05T15:02:20.800339,2816.76,15,0,Pune,Mumbai,1,mobile,0,1,0.94,0
T15829,M132,2026-08-09T19:14:00.800346,695.88,19,0,Chennai,Delhi,1,tablet,0,4,1.39,0
T15830,M125,2026-08-27T21:47:31.800354,3376.72,21,1,Ahmedabad,Hyderabad,1,mobile,0,2,6.75,0
T15831,M103,2026-08-12T11:44:23.800363,673.62,11,0,Kolkata,Mumbai,1,desktop,0,1,1.35,0
T15832,M105,2026-07-31T21:59:33.800371,14257.37,21,0,Jaipur,Bengaluru,1,desktop,0,1,0.71,0
T15833,M126,2026-09-02T05:19:28.800379,3147.65,5,1,Bhubaneswar,Bhubaneswar,0,tablet,0,1,1.05,0
T15834,M119,2026-07-28T14:45:00.800387,3573.77,14,0,Bhubaneswar,Pune,1,desktop,0,1,0.45,0
T15835,M135,2026-08-01T01:31:13.800395,2943.3,1,0,Bengaluru,Delhi,1,tablet,0,1,0.98,0
T15836,M119,2026-08-02T15:23:21.800403,31681.28,15,0,Hyderabad,Hyderabad,0,tablet,0,1,3.96,0
T15837,M108,2026-08-16T08:12:04.800413,2336.48,8,1,Kolkata,Bhubaneswar,1,mobile,0,1,1.56,0
T15838,M120,2026-08-23T09:21:42.800421,1993.05,9,0,Pune,Chennai,1,tablet,1,4,0.66,0
T15839,M110,2026-07-31T08:49:39.800429,259416.82,8,1,Bhubaneswar,Bhubaneswar,0,tablet,0,1,12.97,0
T15840,M115,2026-07-25T15:15:46.800440,13725.73,15,0,Mumbai,Jaipur,1,desktop,0,1,1.72,0
T15841,M116,2026-08-28T03:11:38.800450,3146.52,3,1,Delhi,Mumbai,1,tablet,0,1,1.05,0
T15842,M135,2026-09-05T09:38:27.800458,408.04,9,0,Bengaluru,Ahmedabad,1,tablet,1,5,0.14,1
T15843,M128,2026-08-16T13:25:08.800468,14822.61,13,0,Chennai,Mumbai,1,desktop,0,1,0.74,0
T15844,M108,2026-08-16T08:36:26.800476,2173.17,8,1,Ahmedabad,Delhi,1,desktop,0,1,1.45,0
T15845,M118,2026-07-25T02:26:03.800485,621.52,2,1,Ahmedabad,Hyderabad,1,desktop,0,1,1.24,0
T15846,M116,2026-07-28T02:41:54.800493,1368.22,2,1,Jaipur,Mumbai,1,mobile,0,2,0.46,0
T15847,M105,2026-08-03T01:02:41.800503,21812.42,1,0,Bengaluru,Delhi,1,desktop,0,2,1.09,0
T15848,M100,2026-07-26T20:38:40.800511,808.57,20,0,Bhubaneswar,Bengaluru,1,mobile,0,1,1.62,0
T15849,M104,2026-08-20T03:48:28.800520,28236.22,3,1,Ahmedabad,Bengaluru,1,desktop,0,1,1.41,0
T15850,M118,2026-08-07T15:18:39.800528,326.64,15,0,Chennai,Kolkata,1,tablet,0,1,0.65,0
T15851,M134,2026-08-28T03:01:54.800536,4009.04,3,1,Hyderabad,Kolkata,1,desktop,0,1,1.34,0
T15852,M102,2026-08-22T13:15:33.800545,1773.87,13,0,Delhi,Bhubaneswar,1,mobile,0,1,1.18,0
T15853,M132,2026-08-30T06:17:40.800554,478.2,6,0,Jaipur,Bengaluru,1,tablet,0,1,0.96,0
T15854,M134,2026-08-22T19:41:40.800561,3519.81,19,0,Delhi,Bengaluru,1,desktop,0,1,1.17,0
T15855,M124,2026-08-27T09:54:37.800569,250.97,9,0,Bhubaneswar,Bengaluru,1,tablet,0,2,0.5,0
T15856,M101,2026-08-24T18:18:53.800577,4159.16,18,0,Kolkata,Pune,1,desktop,0,3,1.39,0
T15857,M127,2026-08-10T00:13:45.800587,7586.63,0,0,Ahmedabad,Ahmedabad,0,tablet,0,4,0.38,0
T15858,M131,2026-08-13T01:04:47.800595,194.99,1,1,Jaipur,Mumbai,1,mobile,0,3,0.39,0
T15859,M126,2026-08-17T10:51:40.800603,3203.21,10,0,Hyderabad,Ahmedabad,1,mobile,0,2,1.07,0
T15860,M129,2026-08-29T11:37:39.800611,482.03,11,0,Bengaluru,Kolkata,1,desktop,0,1,0.96,0
T15861,M103,2026-08-13T16:18:33.800619,586.69,16,0,Jaipur,Pune,1,desktop,0,2,1.17,0
T15862,M123,2026-07-30T12:51:57.800627,11097.86,12,0,Hyderabad,Bengaluru,1,mobile,0,1,1.39,0
T15863,M128,2026-08-25T00:34:08.800635,24344.07,0,1,Bengaluru,Jaipur,1,tablet,1,3,1.22,1
T15864,M110,2026-08-20T13:21:43.800643,15911.94,13,0,Ahmedabad,Kolkata,1,tablet,0,2,0.8,0
T15865,M113,2026-08-16T04:12:23.800651,13856.4,4,0,Mumbai,Ahmedabad,1,tablet,0,2,0.69,0
T15866,M138,2026-08-30T00:52:44.800659,469.19,0,1,Delhi,Pune,1,tablet,0,1,0.94,0
T15867,M105,2026-08-19T07:41:47.800668,11775.61,7,0,Chennai,Ahmedabad,1,mobile,1,1,0.59,0
T15868,M125,2026-08-15T16:21:00.800676,721.76,16,0,Bengaluru,Chennai,1,tablet,0,1,1.44,0
T15869,M115,2026-08-04T10:10:38.800684,11505.91,10,0,Pune,Mumbai,1,tablet,0,1,1.44,0
T15870,M125,2026-08-14T02:05:34.800692,512.82,2,1,Bengaluru,Jaipur,1,tablet,0,1,1.03,0
T15871,M109,2026-09-02T02:49:36.800700,21063.75,2,1,Kolkata,Kolkata,0,desktop,0,1,1.05,0
T15872,M132,2026-08-14T13:40:18.800710,571.3,13,0,Pune,Bhubaneswar,1,tablet,0,2,1.14,0
T15873,M130,2026-08-31T07:29:10.800718,1697.78,7,0,Jaipur,Bhubaneswar,1,tablet,1,4,1.13,0
T15874,M105,2026-08-03T18:05:35.800725,28061.19,18,0,Mumbai,Pune,1,mobile,0,1,1.4,0
T15875,M105,2026-08-14T23:40:45.800733,26223.32,23,0,Delhi,Ahmedabad,1,tablet,0,1,1.31,0
T15876,M122,2026-08-09T16:08:25.800741,473.79,16,0,Hyderabad,Hyderabad,0,desktop,0,1,0.95,0
T15877,M119,2026-08-28T04:57:00.800751,9289.72,4,1,Pune,Kolkata,1,desktop,0,1,1.16,0
T15878,M114,2026-08-16T20:56:31.800759,353.99,20,0,Mumbai,Mumbai,0,desktop,0,4,0.71,0
T15879,M120,2026-09-02T02:52:08.800767,3540.12,2,0,Delhi,Bhubaneswar,1,mobile,0,1,1.18,0
T15880,M101,2026-08-31T04:06:00.800775,1997.33,4,1,Ahmedabad,Ahmedabad,0,tablet,0,1,0.67,0
T15881,M104,2026-08-06T23:44:20.800783,25332.3,23,1,Bengaluru,Chennai,1,desktop,0,1,1.27,0
T15882,M104,2026-08-25T05:58:21.800791,22393.42,5,1,Bhubaneswar,Mumbai,1,tablet,1,1,1.12,1
T15883,M104,2026-09-01T10:51:45.800799,14957.01,10,0,Mumbai,Kolkata,1,mobile,0,1,0.75,0
T15884,M125,2026-08-09T15:52:45.800807,853.13,15,0,Ahmedabad,Delhi,1,mobile,0,1,1.71,0
T15885,M111,2026-08-12T19:55:37.800815,30037.38,19,0,Chennai,Hyderabad,1,tablet,0,1,1.5,0
T15886,M139,2026-08-19T05:18:49.800822,2379.88,5,1,Pune,Mumbai,1,tablet,0,1,1.59,0
T15887,M136,2026-08-24T19:33:41.800832,2122.61,19,1,Bengaluru,Hyderabad,1,desktop,0,1,1.42,0
T15888,M135,2026-08-12T19:02:02.800840,1719.68,19,0,Bhubaneswar,Bengaluru,1,tablet,0,1,0.57,0
T15889,M132,2026-08-29T08:06:01.800848,753.67,8,0,Hyderabad,Mumbai,1,mobile,1,1,1.51,0
T15890,M107,2026-08-16T20:42:52.800858,607.7,20,0,Bengaluru,Chennai,1,desktop,0,1,1.22,0
T15891,M128,2026-08-11T09:48:41.800866,37626.46,9,0,Bhubaneswar,Kolkata,1,mobile,0,1,1.88,0
T15892,M109,2026-08-21T17:55:34.800874,35249.82,17,0,Pune,Bhubaneswar,1,mobile,0,1,1.76,0
T15893,M123,2026-08-03T23:51:07.800882,5967.96,23,1,Bengaluru,Jaipur,1,desktop,0,2,0.75,1
T15894,M101,2026-08-29T10:34:21.800891,2607.77,10,0,Mumbai,Bhubaneswar,1,desktop,0,1,0.87,0
T15895,M105,2026-08-28T16:39:14.800899,38241.34,16,0,Jaipur,Bengaluru,1,tablet,0,1,1.91,0
T15896,M108,2026-08-06T01:56:13.800906,1333.18,1,1,Delhi,Kolkata,1,mobile,0,1,0.89,0
T15897,M133,2026-08-12T22:21:12.800916,4473.7,22,0,Chennai,Ahmedabad,1,mobile,0,1,1.49,0
T15898,M108,2026-07-29T16:46:46.800924,1483.67,16,0,Jaipur,Hyderabad,1,desktop,0,1,0.99,0
T15899,M106,2026-08-06T05:52:43.800932,893.76,5,1,Bengaluru,Jaipur,1,desktop,0,4,1.79,0
T15900,M139,2026-07-23T08:27:07.800940,1384.41,8,1,Ahmedabad,Kolkata,1,desktop,0,1,0.92,0
T15901,M129,2026-08-20T10:47:47.800947,720.55,10,0,Mumbai,Kolkata,1,tablet,0,1,1.44,0
T15902,M137,2026-08-03T23:15:11.800955,2360.0,23,1,Jaipur,Hyderabad,1,desktop,0,2,0.79,1
T15903,M123,2026-08-07T11:45:30.800963,6134.81,11,0,Jaipur,Bhubaneswar,1,desktop,1,1,0.77,0
T15904,M108,2026-08-26T19:09:50.800971,1206.86,19,1,Ahmedabad,Mumbai,1,desktop,0,1,0.8,0
T15905,M106,2026-08-26T06:15:12.800979,472.45,6,1,Bengaluru,Bengaluru,0,mobile,0,1,0.94,0
T15906,M107,2026-08-04T13:36:47.800986,375.45,13,0,Bengaluru,Chennai,1,tablet,1,1,0.75,0
T15907,M122,2026-07-31T08:04:29.800996,393.45,8,1,Hyderabad,Mumbai,1,desktop,0,2,0.79,0
T15908,M135,2026-09-02T12:20:08.801005,3713.36,12,0,Jaipur,Mumbai,1,tablet,1,1,1.24,0
T15909,M102,2026-08-20T03:51:58.801014,1608.67,3,1,Pune,Bengaluru,1,tablet,0,1,1.07,0
T15910,M117,2026-08-29T05:46:35.801022,2025.66,5,0,Ahmedabad,Bhubaneswar,1,mobile,0,1,1.35,0
T15911,M137,2026-07-29T08:04:49.801030,4341.29,8,1,Bhubaneswar,Mumbai,1,mobile,0,1,1.45,0
T15912,M110,2026-07-31T05:08:11.801038,9816.2,5,1,Pune,Ahmedabad,1,tablet,0,5,0.49,0
T15913,M133,2026-08-04T00:18:51.801046,3200.85,0,0,Bhubaneswar,Chennai,1,mobile,0,1,1.07,0
T15914,M110,2026-08-06T12:55:00.801054,20719.02,12,0,Ahmedabad,Mumbai,1,mobile,0,1,1.04,0
T15915,M106,2026-08-30T04:41:16.801062,505.74,4,1,Kolkata,Jaipur,1,desktop,0,1,1.01,0
T15916,M135,2026-08-30T15:26:21.801072,1085.26,15,0,Mumbai,Jaipur,1,desktop,0,1,0.36,0
T15917,M108,2026-08-23T08:34:49.801081,929.48,8,1,Kolkata,Kolkata,0,mobile,0,1,0.62,0
T15918,M129,2026-08-25T11:16:02.801089,459.87,11,0,Ahmedabad,Delhi,1,desktop,1,8,0.92,0
T15919,M118,2026-09-01T10:06:37.801097,657.3,10,0,Ahmedabad,Hyderabad,1,desktop,0,1,1.31,0
T15920,M101,2026-08-28T15:15:05.801105,3823.8,15,0,Jaipur,Chennai,1,tablet,0,1,1.27,0
T15921,M108,2026-08-19T09:20:27.801113,1822.31,9,1,Ahmedabad,Jaipur,1,tablet,0,1,1.21,0
T15922,M111,2026-08-31T06:52:51.801121,26550.88,6,0,Pune,Bhubaneswar,1,tablet,0,2,1.33,0
T15923,M137,2026-08-06T15:40:42.801129,999.45,15,0,Ahmedabad,Mumbai,1,mobile,0,1,0.33,0
T15924,M103,2026-08-03T06:18:34.801137,406.03,6,1,Pune,Bhubaneswar,1,mobile,1,1,0.81,0
T15925,M117,2026-07-23T12:37:17.801145,1813.75,12,0,Delhi,Pune,1,desktop,0,1,1.21,0
T15926,M127,2026-08-12T09:40:37.801152,20277.33,9,0,Chennai,Hyderabad,1,tablet,0,1,1.01,0
T15927,M119,2026-07-30T01:38:29.801161,15365.46,1,1,Delhi,Delhi,0,tablet,0,1,1.92,0
T15928,M139,2026-08-04T10:58:54.801170,458.56,10,0,Kolkata,Pune,1,tablet,0,1,0.31,0
T15929,M125,2026-08-23T17:59:11.801178,256.32,17,0,Chennai,Jaipur,1,mobile,0,1,0.51,0
T15930,M116,2026-07-24T02:49:29.801185,4979.28,2,1,Bhubaneswar,Jaipur,1,mobile,0,3,1.66,0
T15931,M126,2026-08-04T00:45:36.801193,2890.66,0,1,Bengaluru,Chennai,1,desktop,0,1,0.96,0
T15932,M136,2026-08-31T22:42:14.801201,1475.42,22,1,Jaipur,Delhi,1,tablet,0,1,0.98,0
T15933,M120,2026-07-26T03:35:56.801209,2511.49,3,0,Bhubaneswar,Delhi,1,desktop,0,1,0.84,0
T15934,M102,2026-09-04T07:38:39.801217,1237.88,7,1,Chennai,Jaipur,1,tablet,1,1,0.83,1
T15935,M117,2026-07-25T09:21:47.801225,1177.16,9,0,Bhubaneswar,Delhi,1,mobile,0,4,0.78,0
T15936,M139,2026-08-18T06:02:02.801232,2118.99,6,1,Hyderabad,Delhi,1,desktop,1,1,1.41,0
T15937,M124,2026-08-05T23:25:03.801242,7161.73,23,0,Hyderabad,Mumbai,1,desktop,0,1,14.32,0
T15938,M136,2026-07-24T07:20:59.801251,4618.02,7,1,Kolkata,Ahmedabad,1,mobile,0,1,3.08,1
T15939,M123,2026-07-27T17:55:16.801260,53096.56,17,0,Pune,Bhubaneswar,1,mobile,0,2,6.64,0
T15940,M113,2026-08-27T03:41:51.801268,9474.03,3,0,Pune,Jaipur,1,mobile,0,1,0.47,0
T15941,M127,2026-08-10T16:36:32.801278,20080.03,16,0,Pune,Chennai,1,tablet,0,4,1.0,0
T15942,M132,2026-07-28T03:17:36.801286,591.48,3,0,Jaipur,Jaipur,0,tablet,0,1,1.18,0
T15943,M135,2026-09-03T09:08:02.801294,1020.5,9,0,Hyderabad,Bengaluru,1,mobile,0,1,0.34,0
T15944,M113,2026-07-24T02:27:18.801302,6175.51,2,0,Kolkata,Bengaluru,1,mobile,0,4,0.31,0
T15945,M133,2026-08-18T09:55:20.801310,3123.54,9,0,Bhubaneswar,Delhi,1,mobile,0,2,1.04,0
T15946,M123,2026-09-02T07:37:20.801318,8646.36,7,1,Chennai,Chennai,0,mobile,0,1,1.08,0
T15947,M101,2026-07-25T22:59:05.801328,3165.55,22,1,Bengaluru,Pune,1,tablet,0,1,1.06,0
T15948,M111,2026-08-08T10:18:29.801336,19321.92,10,0,Ahmedabad,Bhubaneswar,1,tablet,0,5,0.97,0
T15949,M104,2026-08-04T08:02:29.801344,36285.29,8,1,Bhubaneswar,Mumbai,1,mobile,0,5,1.81,0
T15950,M137,2026-07-24T00:48:45.801352,1592.1,0,1,Bhubaneswar,Kolkata,1,mobile,1,1,0.53,0
T15951,M107,2026-08-12T10:18:18.801360,898.31,10,0,Jaipur,Bhubaneswar,1,desktop,1,2,1.8,1
T15952,M137,2026-09-03T22:42:48.801368,3487.13,22,1,Kolkata,Kolkata,0,tablet,0,1,1.16,0
T15953,M116,2026-08-23T06:25:20.801376,1273.23,6,1,Mumbai,Hyderabad,1,mobile,0,2,0.42,0
T15954,M137,2026-08-15T23:09:15.801384,5699.84,23,1,Jaipur,Delhi,1,mobile,0,8,1.9,1
T15955,M130,2026-08-13T05:42:48.801393,1576.89,5,0,Kolkata,Hyderabad,1,desktop,0,1,1.05,0
T15956,M132,2026-07-25T08:40:04.801402,682.74,8,0,Ahmedabad,Delhi,1,desktop,0,1,1.37,0
T15957,M114,2026-08-09T09:02:45.801416,315.87,9,0,Kolkata,Mumbai,1,mobile,0,1,0.63,0
T15958,M126,2026-08-08T15:47:13.801424,2770.05,15,0,Bengaluru,Kolkata,1,mobile,0,1,0.92,0
T15959,M108,2026-09-01T01:04:58.801432,1692.28,1,1,Mumbai,Delhi,1,tablet,1,5,1.13,1
T15960,M113,2026-08-01T19:26:32.801439,10571.35,19,0,Mumbai,Mumbai,0,mobile,1,1,0.53,0
T15961,M117,2026-09-01T06:49:41.801447,575.08,6,0,Kolkata,Ahmedabad,1,tablet,0,1,0.38,0
T15962,M123,2026-08-02T16:12:45.801455,8595.12,16,0,Chennai,Jaipur,1,mobile,0,1,1.07,0
T15963,M135,2026-09-03T19:09:57.801463,5015.54,19,0,Hyderabad,Delhi,1,tablet,1,1,1.67,1
T15964,M115,2026-08-10T09:00:51.801472,7570.96,9,0,Bhubaneswar,Kolkata,1,desktop,0,1,0.95,0
T15965,M124,2026-08-10T15:11:24.801480,611.11,15,0,Bhubaneswar,Hyderabad,1,tablet,1,1,1.22,0
T15966,M127,2026-08-28T19:07:06.801487,32559.45,19,0,Ahmedabad,Mumbai,1,mobile,1,1,1.63,0
T15967,M121,2026-08-08T07:31:17.801497,18585.24,7,0,Delhi,Bengaluru,1,desktop,0,1,0.93,0
T15968,M112,2026-08-06T02:06:03.801505,2367.11,2,0,Delhi,Bhubaneswar,1,desktop,0,1,1.58,0
T15969,M123,2026-09-03T20:18:39.801513,8443.51,20,1,Kolkata,Kolkata,0,tablet,0,2,1.06,0
T15970,M126,2026-08-13T21:37:11.801523,3278.78,21,1,Bengaluru,Mumbai,1,mobile,0,1,1.09,1
T15971,M117,2026-07-28T22:06:17.801531,1258.41,22,0,Ahmedabad,Pune,1,desktop,1,1,0.84,0
T15972,M111,2026-08-02T02:21:34.801539,22489.13,2,0,Chennai,Bengaluru,1,mobile,1,1,1.12,0
T15973,M124,2026-08-07T02:16:25.801547,497.83,2,0,Hyderabad,Hyderabad,0,tablet,1,2,1.0,0
T15974,M105,2026-08-31T08:47:24.801555,10967.09,8,0,Bengaluru,Delhi,1,mobile,0,1,0.55,0
T15975,M110,2026-08-13T10:41:12.801563,13494.11,10,0,Mumbai,Bhubaneswar,1,tablet,0,1,0.67,0
T15976,M130,2026-08-12T19:34:44.801570,1287.91,19,0,Delhi,Delhi,0,desktop,0,3,0.86,0
T15977,M115,2026-07-26T15:22:04.801580,22811.88,15,0,Delhi,Mumbai,1,tablet,0,2,2.85,0
T15978,M121,2026-08-01T00:26:07.801589,18522.48,0,0,Kolkata,Kolkata,0,tablet,0,2,0.93,0
T15979,M112,2026-08-18T14:37:31.801598,1350.85,14,0,Pune,Hyderabad,1,desktop,0,1,0.9,0
T15980,M133,2026-08-03T03:52:53.801606,4199.15,3,0,Mumbai,Bengaluru,1,desktop,0,2,1.4,0
T15981,M134,2026-08-18T10:03:50.801614,683.37,10,0,Mumbai,Ahmedabad,1,desktop,0,1,0.23,0
T15982,M129,2026-08-14T23:01:17.801622,547.81,23,1,Pune,Bhubaneswar,1,mobile,0,1,1.1,0
T15983,M104,2026-07-31T01:25:34.801630,13316.52,1,1,Chennai,Pune,1,tablet,0,1,0.67,0
T15984,M104,2026-07-26T16:36:07.801638,9282.21,16,0,Ahmedabad,Jaipur,1,tablet,0,4,0.46,0
T15985,M113,2026-08-23T04:50:52.801646,27165.31,4,0,Chennai,Bhubaneswar,1,desktop,0,1,1.36,0
T15986,M119,2026-08-18T00:07:52.801654,7006.59,0,1,Bhubaneswar,Chennai,1,desktop,0,5,0.88,0
T15987,M107,2026-08-22T13:00:44.801664,676.74,13,0,Bengaluru,Bhubaneswar,1,tablet,0,1,1.35,0
T15988,M103,2026-08-15T06:37:53.801672,623.9,6,1,Chennai,Hyderabad,1,tablet,0,1,1.25,0
T15989,M125,2026-07-28T14:05:28.801680,552.89,14,0,Bengaluru,Hyderabad,1,tablet,0,1,1.11,0
T15990,M109,2026-09-04T12:05:27.801688,14697.89,12,0,Hyderabad,Ahmedabad,1,mobile,0,2,0.73,0
T15991,M129,2026-08-13T10:04:06.801696,723.95,10,0,Hyderabad,Mumbai,1,tablet,0,4,1.45,0
T15992,M139,2026-08-21T16:40:46.801705,1427.44,16,0,Bengaluru,Mumbai,1,tablet,1,1,0.95,1
T15993,M136,2026-07-28T14:39:41.801714,1045.03,14,0,Delhi,Bhubaneswar,1,mobile,0,1,0.7,0
T15994,M136,2026-08-31T22:49:38.801723,2493.84,22,1,Pune,Mumbai,1,desktop,0,1,1.66,0
T15995,M120,2026-08-08T11:36:32.801731,13845.68,11,0,Jaipur,Delhi,1,desktop,0,1,4.62,0
T15996,M129,2026-08-16T08:56:11.801739,328.04,8,1,Bengaluru,Delhi,1,desktop,0,4,0.66,0
T15997,M110,2026-08-24T18:07:57.801749,31855.85,18,0,Bengaluru,Chennai,1,mobile,0,2,1.59,0
T15998,M119,2026-08-05T01:21:33.801757,10274.71,1,1,Pune,Delhi,1,tablet,0,2,1.28,0
T15999,M121,2026-08-01T21:00:48.801766,14075.75,21,0,Delhi,Chennai,1,desktop,0,1,0.7,0
T16000,M120,2026-08-07T17:40:08.801774,2544.84,17,0,Bengaluru,Bengaluru,0,mobile,1,3,0.85,0
T16001,M132,2026-08-06T09:44:19.801782,850.55,9,0,Hyderabad,Delhi,1,mobile,1,5,1.7,1
T16002,M115,2026-07-25T16:56:39.801790,4339.25,16,0,Mumbai,Bhubaneswar,1,tablet,1,1,0.54,0
T16003,M102,2026-07-30T23:56:48.801798,1259.32,23,1,Chennai,Delhi,1,desktop,1,1,0.84,1
T16004,M102,2026-08-31T19:17:51.801805,1833.48,19,0,Jaipur,Hyderabad,1,tablet,0,1,1.22,0
T16005,M126,2026-08-13T18:11:05.801813,889.86,18,0,Mumbai,Mumbai,0,tablet,0,4,0.3,0
T16006,M120,2026-08-25T12:38:39.801821,3948.19,12,0,Pune,Bhubaneswar,1,desktop,0,1,1.32,0
T16007,M113,2026-08-09T16:10:28.801831,11562.91,16,0,Hyderabad,Mumbai,1,mobile,0,1,0.58,0
T16008,M112,2026-08-12T22:42:37.801839,1421.15,22,0,Ahmedabad,Mumbai,1,desktop,0,1,0.95,0
T16009,M118,2026-07-24T02:26:45.801847,303.28,2,1,Delhi,Chennai,1,tablet,0,1,0.61,0
T16010,M116,2026-09-05T03:42:52.801854,3951.79,3,1,Ahmedabad,Bengaluru,1,mobile,0,3,1.32,0
T16011,M114,2026-07-30T21:23:18.801862,50,21,0,Jaipur,Pune,1,desktop,0,1,0.1,0
T16012,M138,2026-08-05T20:00:49.801871,509.97,20,1,Hyderabad,Kolkata,1,mobile,0,1,1.02,0
T16013,M118,2026-08-29T22:33:33.801879,468.26,22,1,Hyderabad,Bhubaneswar,1,mobile,0,2,0.94,0
T16014,M135,2026-08-27T11:18:07.801887,2703.24,11,0,Bhubaneswar,Jaipur,1,mobile,0,1,0.9,0
T16015,M111,2026-08-17T17:34:09.801896,12073.76,17,0,Chennai,Hyderabad,1,mobile,0,1,0.6,0
T16016,M127,2026-07-28T00:03:29.801904,35269.76,0,0,Kolkata,Hyderabad,1,tablet,0,1,1.76,0
T16017,M116,2026-08-26T05:42:30.801913,2232.81,5,1,Mumbai,Mumbai,0,tablet,0,3,0.74,0
T16018,M111,2026-08-23T12:54:34.801921,109331.76,12,0,Bhubaneswar,Bhubaneswar,0,mobile,0,1,5.47,0
T16019,M132,2026-09-02T00:03:57.801930,251.98,0,0,Chennai,Jaipur,1,desktop,1,1,0.5,0
T16020,M101,2026-08-27T23:18:48.801938,2405.04,23,1,Chennai,Jaipur,1,desktop,0,1,0.8,0
T16021,M119,2026-08-16T05:41:02.801946,9948.05,5,1,Chennai,Mumbai,1,tablet,0,1,1.24,0
T16022,M129,2026-08-15T16:18:58.801954,633.69,16,0,Delhi,Pune,1,tablet,0,4,1.27,0
T16023,M108,2026-08-20T16:59:14.801962,570.02,16,0,Hyderabad,Ahmedabad,1,tablet,0,2,0.38,0
T16024,M135,2026-08-17T09:43:12.801970,2960.12,9,0,Kolkata,Hyderabad,1,mobile,0,1,0.99,0
T16025,M137,2026-08-07T00:49:13.801978,3195.97,0,1,Bhubaneswar,Delhi,1,desktop,0,1,1.07,1
T16026,M136,2026-08-01T00:28:24.801985,1635.73,0,1,Ahmedabad,Kolkata,1,desktop,0,2,1.09,0
T16027,M121,2026-08-03T17:45:49.801995,3285.36,17,0,Chennai,Kolkata,1,tablet,1,1,0.16,0
T16028,M126,2026-08-01T23:46:45.802003,2776.09,23,1,Kolkata,Delhi,1,tablet,0,5,0.93,1
T16029,M133,2026-08-09T21:46:44.802011,2492.5,21,0,Pune,Bengaluru,1,desktop,0,1,0.83,0
T16030,M131,2026-08-06T14:15:41.802024,380.52,14,0,Hyderabad,Chennai,1,tablet,0,2,0.76,0
T16031,M107,2026-09-02T08:29:56.802032,507.0,8,1,Bengaluru,Jaipur,1,tablet,0,1,1.01,0
T16032,M104,2026-08-05T02:12:35.802040,22986.32,2,1,Mumbai,Delhi,1,tablet,0,1,1.15,0
T16033,M135,2026-07-27T12:26:13.802048,3233.81,12,0,Ahmedabad,Bhubaneswar,1,desktop,0,1,1.08,0
T16034,M108,2026-08-01T03:47:23.802056,1536.71,3,1,Bengaluru,Chennai,1,desktop,0,2,1.02,0
T16035,M130,2026-08-28T09:04:02.802066,15216.0,9,0,Ahmedabad,Mumbai,1,tablet,0,1,10.14,0
T16036,M128,2026-08-05T01:28:12.802075,19085.98,1,1,Pune,Chennai,1,mobile,0,1,0.95,0
T16037,M111,2026-08-10T17:43:18.802085,11836.6,17,0,Delhi,Pune,1,tablet,0,1,0.59,0
T16038,M108,2026-09-05T17:49:44.802093,1946.51,17,0,Bhubaneswar,Ahmedabad,1,mobile,0,1,1.3,0
T16039,M107,2026-08-26T22:51:27.802101,324.65,22,1,Ahmedabad,Mumbai,1,tablet,1,3,0.65,1
T16040,M119,2026-08-28T15:19:43.802109,7681.03,15,0,Pune,Mumbai,1,tablet,1,1,0.96,0
T16041,M112,2026-08-16T22:11:03.802117,945.89,22,0,Pune,Kolkata,1,tablet,0,3,0.63,0
T16042,M135,2026-08-06T17:00:18.802126,2502.49,17,0,Jaipur,Hyderabad,1,desktop,0,1,0.83,0
T16043,M117,2026-08-21T23:45:44.802136,2874.14,23,0,Delhi,Chennai,1,desktop,0,1,1.92,0
T16044,M105,2026-08-08T19:10:08.802147,20907.11,19,0,Kolkata,Mumbai,1,desktop,0,1,1.05,0
T16045,M108,2026-08-04T02:03:14.802156,2193.51,2,1,Bengaluru,Mumbai,1,tablet,0,1,1.46,0
T16046,M130,2026-08-18T00:40:29.802164,2353.94,0,0,Jaipur,Bengaluru,1,tablet,0,1,1.57,0
T16047,M100,2026-08-21T14:03:27.802174,515.33,14,0,Bengaluru,Bengaluru,0,mobile,0,1,1.03,0
T16048,M101,2026-08-01T22:24:25.802182,3293.25,22,1,Hyderabad,Bengaluru,1,tablet,0,3,1.1,0
T16049,M114,2026-08-06T19:06:56.802191,331.2,19,0,Chennai,Delhi,1,desktop,0,2,0.66,0
T16050,M105,2026-08-04T08:04:14.802199,20495.38,8,0,Jaipur,Bengaluru,1,tablet,0,1,1.02,0
T16051,M111,2026-08-16T08:48:11.802207,9414.51,8,0,Chennai,Kolkata,1,desktop,0,1,0.47,0
T16052,M102,2026-08-16T16:01:52.802215,1228.33,16,0,Bengaluru,Delhi,1,mobile,0,1,0.82,0
T16053,M120,2026-08-26T17:37:43.802223,1027.98,17,0,Bengaluru,Delhi,1,desktop,0,1,0.34,0
T16054,M128,2026-07-29T08:41:24.802234,21076.06,8,1,Chennai,Jaipur,1,tablet,0,3,1.05,1
T16055,M116,2026-08-29T11:33:42.802256,3235.38,11,0,Bengaluru,Pune,1,tablet,0,1,1.08,0
T16056,M131,2026-08-04T06:38:35.802280,139.52,6,1,Jaipur,Hyderabad,1,desktop,0,2,0.28,0
T16057,M103,2026-08-28T11:39:50.802313,465.67,11,0,Mumbai,Kolkata,1,tablet,0,1,0.93,0
T16058,M100,2026-08-23T00:21:29.802330,720.34,0,1,Kolkata,Ahmedabad,1,desktop,0,4,1.44,0
T16059,M131,2026-07-27T12:53:00.802347,429.8,12,0,Pune,Ahmedabad,1,mobile,0,1,0.86,0
T16060,M113,2026-08-16T04:57:50.802368,109943.96,4,0,Bhubaneswar,Chennai,1,tablet,0,1,5.5,0
T16061,M129,2026-08-10T10:19:02.802389,234.32,10,0,Bhubaneswar,Bengaluru,1,desktop,1,4,0.47,0
T16062,M102,2026-08-14T09:23:23.802406,1021.57,9,0,Mumbai,Bhubaneswar,1,tablet,0,1,0.68,0
T16063,M129,2026-08-07T21:37:30.802423,375.33,21,0,Ahmedabad,Hyderabad,1,desktop,0,1,0.75,0
T16064,M101,2026-07-26T01:56:53.802442,3803.89,1,1,Kolkata,Ahmedabad,1,desktop,0,3,1.27,0
T16065,M102,2026-09-04T04:37:45.802467,1842.59,4,1,Chennai,Chennai,0,desktop,0,1,1.23,0
T16066,M136,2026-07-25T01:15:55.802484,1654.19,1,1,Kolkata,Ahmedabad,1,tablet,1,1,1.1,1
T16067,M132,2026-07-25T12:44:58.802509,273.34,12,0,Bengaluru,Chennai,1,tablet,0,2,0.55,0
T16068,M100,2026-09-05T15:29:57.802531,638.68,15,0,Jaipur,Ahmedabad,1,mobile,0,2,1.28,0
T16069,M101,2026-08-31T06:17:24.802551,3050.82,6,1,Hyderabad,Mumbai,1,mobile,1,1,1.02,0
T16070,M123,2026-08-05T01:45:31.802567,9643.2,1,1,Hyderabad,Delhi,1,mobile,0,4,1.21,1
T16071,M101,2026-08-30T13:45:01.802580,5161.31,13,0,Jaipur,Jaipur,0,tablet,1,3,1.72,0
T16072,M139,2026-08-18T06:14:44.802590,928.22,6,1,Bhubaneswar,Ahmedabad,1,mobile,0,1,0.62,0
T16073,M130,2026-08-17T11:40:56.802599,12511.55,11,0,Jaipur,Hyderabad,1,tablet,0,1,8.34,0
T16074,M136,2026-07-27T13:29:04.802609,12358.43,13,0,Ahmedabad,Jaipur,1,desktop,1,3,8.24,1
T16075,M134,2026-07-26T01:52:49.802618,2092.6,1,1,Bhubaneswar,Delhi,1,tablet,0,2,0.7,0
T16076,M129,2026-08-23T11:58:40.802627,299.5,11,0,Kolkata,Chennai,1,desktop,0,2,0.6,0
T16077,M122,2026-07-26T23:10:10.802638,4192.42,23,1,Bengaluru,Ahmedabad,1,mobile,1,1,8.38,1
T16078,M106,2026-08-16T11:07:22.802647,495.23,11,0,Jaipur,Chennai,1,mobile,0,3,0.99,0
T16079,M130,2026-09-05T21:00:25.802656,767.58,21,0,Ahmedabad,Pune,1,mobile,0,1,0.51,0
T16080,M131,2026-08-29T18:54:32.802664,1015.59,18,0,Bengaluru,Hyderabad,1,mobile,0,3,2.03,0
T16081,M104,2026-08-27T08:15:27.802673,14662.04,8,1,Hyderabad,Jaipur,1,mobile,0,1,0.73,0
T16082,M137,2026-08-13T07:28:18.802681,3874.58,7,1,Bhubaneswar,Jaipur,1,tablet,0,1,1.29,0
T16083,M119,2026-08-11T02:55:38.802689,10542.22,2,1,Pune,Ahmedabad,1,desktop,0,3,1.32,0
T16084,M134,2026-08-03T06:24:38.802697,2896.04,6,1,Bhubaneswar,Jaipur,1,desktop,0,1,0.97,0
T16085,M125,2026-08-30T06:37:39.802706,788.0,6,1,Bengaluru,Bhubaneswar,1,mobile,0,2,1.58,0
T16086,M101,2026-08-07T19:11:42.802714,35194.62,19,0,Jaipur,Delhi,1,mobile,0,2,11.73,0
T16087,M130,2026-08-18T05:26:38.802730,2622.25,5,0,Delhi,Jaipur,1,mobile,0,2,1.75,0
T16088,M104,2026-08-20T11:30:45.802743,93226.01,11,0,Bengaluru,Pune,1,mobile,0,2,4.66,0
T16089,M139,2026-08-24T17:07:50.802752,1275.13,17,0,Ahmedabad,Chennai,1,tablet,0,1,0.85,0
T16090,M122,2026-08-27T06:12:01.802760,835.39,6,1,Bengaluru,Ahmedabad,1,tablet,0,3,1.67,1
T16091,M118,2026-08-05T17:09:29.802768,431.83,17,0,Ahmedabad,Delhi,1,desktop,0,1,0.86,0
T16092,M124,2026-08-13T19:20:14.802777,261.26,19,0,Mumbai,Kolkata,1,mobile,0,1,0.52,0
T16093,M110,2026-08-01T06:24:52.802785,15619.23,6,1,Delhi,Jaipur,1,mobile,0,1,0.78,0
T16094,M113,2026-09-05T06:19:39.802795,29153.43,6,0,Ahmedabad,Bhubaneswar,1,mobile,0,1,1.46,0
T16095,M111,2026-07-26T23:52:15.802804,21729.64,23,0,Kolkata,Hyderabad,1,desktop,1,2,1.09,0
T16096,M107,2026-08-09T17:27:08.802812,427.67,17,0,Kolkata,Bengaluru,1,mobile,0,2,0.86,0
T16097,M138,2026-08-01T16:33:28.802822,531.66,16,0,Kolkata,Bengaluru,1,tablet,0,3,1.06,0
T16098,M111,2026-08-30T17:00:24.802830,3966.35,17,0,Mumbai,Delhi,1,mobile,0,1,0.2,0
T16099,M116,2026-08-03T21:54:31.802840,2364.57,21,0,Bhubaneswar,Delhi,1,tablet,0,1,0.79,0
T16100,M118,2026-08-15T08:45:22.802848,672.77,8,1,Ahmedabad,Jaipur,1,mobile,1,1,1.35,1
T16101,M138,2026-08-28T04:38:54.802857,396.74,4,1,Bhubaneswar,Bhubaneswar,0,mobile,0,3,0.79,0
T16102,M131,2026-08-12T04:19:26.802864,729.09,4,1,Chennai,Jaipur,1,mobile,0,1,1.46,0
T16103,M124,2026-08-16T00:07:43.802872,301.93,0,0,Delhi,Jaipur,1,desktop,0,2,0.6,0
T16104,M132,2026-08-27T00:40:54.802880,1116.16,0,0,Pune,Hyderabad,1,tablet,1,1,2.23,0
T16105,M123,2026-08-11T13:29:45.802888,6810.22,13,0,Pune,Bhubaneswar,1,mobile,0,1,0.85,0
T16106,M103,2026-09-01T13:24:53.802897,111.54,13,0,Bhubaneswar,Bhubaneswar,0,desktop,1,1,0.22,0
T16107,M130,2026-08-30T02:51:11.802908,1785.22,2,0,Pune,Mumbai,1,mobile,0,3,1.19,0
T16108,M107,2026-08-24T03:11:23.802916,688.73,3,1,Bengaluru,Pune,1,desktop,0,3,1.38,0
T16109,M123,2026-08-07T06:37:35.802925,12534.95,6,1,Hyderabad,Mumbai,1,desktop,0,1,1.57,0
T16110,M127,2026-08-14T18:42:25.802933,24437.83,18,0,Ahmedabad,Ahmedabad,0,tablet,0,1,1.22,0
T16111,M105,2026-08-11T18:07:14.802941,19059.79,18,0,Mumbai,Kolkata,1,desktop,0,1,0.95,0
T16112,M119,2026-07-23T14:58:23.802948,4740.9,14,0,Mumbai,Ahmedabad,1,mobile,0,1,0.59,0
T16113,M107,2026-08-16T05:47:55.802956,333.88,5,1,Jaipur,Mumbai,1,mobile,0,1,0.67,0
T16114,M122,2026-08-06T17:38:38.802964,498.42,17,0,Delhi,Bhubaneswar,1,desktop,0,1,1.0,0
T16115,M133,2026-08-05T14:55:42.802973,4808.58,14,0,Delhi,Chennai,1,tablet,0,1,1.6,0
T16116,M120,2026-08-26T14:38:46.802980,1463.73,14,0,Bhubaneswar,Hyderabad,1,desktop,0,3,0.49,0
T16117,M119,2026-09-03T14:54:54.802990,10916.1,14,0,Jaipur,Kolkata,1,mobile,0,1,1.36,0
T16118,M102,2026-08-08T23:43:03.802998,2808.08,23,1,Chennai,Hyderabad,1,desktop,0,1,1.87,0
T16119,M112,2026-07-26T21:27:18.803007,1355.29,21,0,Kolkata,Delhi,1,mobile,0,1,0.9,0
T16120,M112,2026-09-05T20:40:19.803015,882.82,20,0,Bhubaneswar,Kolkata,1,mobile,0,2,0.59,0
T16121,M134,2026-08-26T12:43:01.803023,1408.47,12,0,Ahmedabad,Pune,1,desktop,0,1,0.47,0
T16122,M137,2026-08-21T04:06:08.803031,1071.52,4,1,Delhi,Kolkata,1,tablet,0,1,0.36,0
T16123,M121,2026-07-26T18:44:03.803039,50,18,0,Jaipur,Jaipur,0,tablet,0,1,0.0,0
T16124,M112,2026-08-30T09:38:31.803047,1787.21,9,0,Jaipur,Pune,1,desktop,0,1,1.19,0
T16125,M129,2026-07-24T03:00:08.803056,705.77,3,1,Jaipur,Pune,1,tablet,0,1,1.41,0
T16126,M119,2026-08-18T05:17:20.803064,9635.45,5,1,Hyderabad,Bengaluru,1,desktop,0,2,1.2,1
T16127,M104,2026-08-27T05:40:41.803074,4617.28,5,1,Kolkata,Pune,1,mobile,0,1,0.23,0
T16128,M122,2026-08-31T15:16:47.803084,684.46,15,0,Bhubaneswar,Bhubaneswar,0,tablet,0,1,1.37,0
T16129,M128,2026-08-31T04:55:14.803093,17292.95,4,1,Mumbai,Mumbai,0,tablet,0,1,0.86,0
T16130,M127,2026-08-26T21:33:16.803101,20473.55,21,0,Kolkata,Mumbai,1,desktop,0,5,1.02,0
T16131,M112,2026-09-02T20:11:47.803109,1017.45,20,0,Ahmedabad,Pune,1,desktop,0,1,0.68,0
T16132,M112,2026-08-27T05:17:07.803117,1638.19,5,0,Bhubaneswar,Hyderabad,1,tablet,1,1,1.09,0
T16133,M136,2026-08-25T06:47:57.803126,1092.52,6,1,Bengaluru,Mumbai,1,desktop,0,1,0.73,0
T16134,M139,2026-08-13T18:17:33.803135,7619.83,18,0,Bengaluru,Jaipur,1,mobile,0,1,5.08,0
T16135,M126,2026-08-11T08:53:10.803146,1966.88,8,1,Delhi,Ahmedabad,1,tablet,0,1,0.66,0
T16136,M116,2026-08-06T23:09:33.803154,2074.13,23,1,Delhi,Kolkata,1,mobile,0,4,0.69,1
T16137,M122,2026-07-23T03:53:52.803164,79.08,3,1,Bhubaneswar,Chennai,1,mobile,0,1,0.16,0
T16138,M136,2026-07-28T15:27:06.803173,1240.54,15,0,Pune,Bhubaneswar,1,mobile,0,5,0.83,0
T16139,M125,2026-08-28T04:08:59.803181,602.49,4,1,Delhi,Kolkata,1,mobile,0,1,1.2,0
T16140,M113,2026-08-17T17:54:04.803189,300000,17,0,Mumbai,Delhi,1,desktop,1,1,15.0,0
T16141,M125,2026-07-23T22:47:08.803199,557.68,22,1,Chennai,Jaipur,1,desktop,0,1,1.12,0
T16142,M100,2026-08-14T02:48:30.803207,123.49,2,1,Bengaluru,Hyderabad,1,mobile,0,1,0.25,0
T16143,M117,2026-08-21T01:09:21.803216,1151.72,1,0,Bengaluru,Delhi,1,desktop,0,1,0.77,0
T16144,M114,2026-08-13T23:02:17.803224,402.42,23,1,Jaipur,Kolkata,1,tablet,0,1,0.8,0
T16145,M112,2026-08-21T13:58:02.803233,1911.37,13,0,Hyderabad,Bengaluru,1,desktop,0,1,1.27,0
T16146,M118,2026-08-25T18:27:00.803242,226.68,18,0,Hyderabad,Pune,1,desktop,0,3,0.45,0
T16147,M104,2026-07-29T20:16:08.803251,9150.81,20,0,Bhubaneswar,Bhubaneswar,0,mobile,0,1,0.46,0
T16148,M122,2026-07-29T06:18:54.803259,319.15,6,1,Pune,Hyderabad,1,mobile,0,1,0.64,0
T16149,M136,2026-08-27T10:45:36.803267,2623.94,10,0,Pune,Bhubaneswar,1,desktop,0,5,1.75,0
T16150,M136,2026-07-27T20:34:46.803275,1479.14,20,1,Mumbai,Bengaluru,1,mobile,0,1,0.99,0
T16151,M130,2026-07-23T01:42:57.803283,1838.72,1,0,Delhi,Hyderabad,1,tablet,0,1,1.23,0
T16152,M108,2026-07-26T05:29:55.803291,2347.11,5,1,Mumbai,Mumbai,0,desktop,0,1,1.56,0
T16153,M109,2026-07-26T22:00:35.803298,120017.04,22,1,Chennai,Jaipur,1,desktop,0,1,6.0,1
T16154,M121,2026-08-26T08:13:25.803307,8583.93,8,0,Bengaluru,Bengaluru,0,mobile,1,1,0.43,0
T16155,M117,2026-08-05T17:45:55.803315,1880.42,17,0,Ahmedabad,Delhi,1,mobile,1,1,1.25,0
T16156,M138,2026-08-27T12:46:53.803323,586.62,12,0,Kolkata,Bhubaneswar,1,mobile,0,1,1.17,0
T16157,M133,2026-08-23T08:35:20.803333,3657.7,8,0,Hyderabad,Pune,1,tablet,1,4,1.22,1
T16158,M112,2026-08-19T06:02:44.803341,971.95,6,0,Pune,Delhi,1,desktop,0,3,0.65,0
T16159,M129,2026-08-15T10:40:50.803349,1761.48,10,0,Hyderabad,Mumbai,1,tablet,0,4,3.52,0
T16160,M115,2026-09-03T14:20:55.803358,9411.05,14,0,Ahmedabad,Chennai,1,mobile,0,1,1.18,0
T16161,M110,2026-09-03T00:53:39.803366,26426.34,0,1,Mumbai,Kolkata,1,mobile,0,1,1.32,0
T16162,M108,2026-09-04T10:59:35.803374,2626.91,10,0,Kolkata,Chennai,1,desktop,1,1,1.75,1
T16163,M115,2026-08-17T17:33:46.803383,6079.95,17,0,Bhubaneswar,Pune,1,tablet,1,1,0.76,0
T16164,M110,2026-07-25T23:40:59.803392,22206.28,23,1,Delhi,Mumbai,1,desktop,0,2,1.11,0
T16165,M102,2026-08-20T08:06:23.803401,2181.55,8,1,Bhubaneswar,Bhubaneswar,0,mobile,0,2,1.45,0
T16166,M126,2026-08-25T19:43:09.803410,4924.41,19,1,Kolkata,Jaipur,1,desktop,0,1,1.64,0
T16167,M119,2026-07-30T12:57:42.803420,8639.57,12,0,Bengaluru,Ahmedabad,1,desktop,0,1,1.08,0
T16168,M127,2026-09-01T20:10:26.803428,20759.08,20,0,Bhubaneswar,Bengaluru,1,desktop,0,1,1.04,0
T16169,M109,2026-08-31T00:12:15.803436,13378.01,0,1,Kolkata,Ahmedabad,1,desktop,0,1,0.67,0
T16170,M111,2026-07-27T08:51:33.803444,17540.54,8,0,Pune,Bengaluru,1,mobile,0,1,0.88,0
T16171,M135,2026-08-13T20:10:40.803455,3189.83,20,0,Chennai,Bengaluru,1,tablet,1,1,1.06,0
T16172,M120,2026-08-14T03:42:33.803463,3962.31,3,0,Bengaluru,Chennai,1,mobile,0,1,1.32,0
T16173,M113,2026-08-10T04:43:32.803471,14064.74,4,0,Hyderabad,Delhi,1,desktop,0,1,0.7,0
T16174,M129,2026-08-01T16:56:07.803479,201.01,16,0,Kolkata,Hyderabad,1,mobile,0,3,0.4,0
T16175,M134,2026-08-09T06:36:50.803488,1047.99,6,1,Ahmedabad,Kolkata,1,desktop,0,1,0.35,0
T16176,M139,2026-08-20T11:26:47.803496,2050.59,11,0,Jaipur,Bhubaneswar,1,desktop,0,1,1.37,0
T16177,M131,2026-08-28T13:20:36.803505,485.75,13,0,Pune,Jaipur,1,mobile,0,3,0.97,0
T16178,M119,2026-08-22T22:35:49.803514,13057.06,22,1,Hyderabad,Kolkata,1,tablet,0,1,1.63,0
T16179,M120,2026-07-24T03:16:34.803522,825.86,3,0,Delhi,Delhi,0,tablet,0,1,0.28,0
T16180,M106,2026-07-25T02:19:39.803530,331.54,2,1,Jaipur,Delhi,1,tablet,0,1,0.66,0
T16181,M124,2026-09-03T23:33:48.803538,506.64,23,0,Pune,Jaipur,1,tablet,0,1,1.01,0
T16182,M132,2026-08-13T06:32:59.803546,634.81,6,0,Delhi,Bengaluru,1,desktop,0,1,1.27,0
T16183,M125,2026-07-31T04:19:34.803554,268.31,4,1,Chennai,Bengaluru,1,mobile,0,1,0.54,0
T16184,M104,2026-08-29T18:17:35.803562,29206.38,18,0,Kolkata,Bhubaneswar,1,mobile,0,1,1.46,0
T16185,M125,2026-09-03T12:47:07.803570,659.66,12,0,Bengaluru,Delhi,1,tablet,0,2,1.32,0
T16186,M137,2026-08-27T15:16:36.803578,3635.88,15,0,Ahmedabad,Delhi,1,mobile,0,4,1.21,0
T16187,M108,2026-08-08T12:02:03.803587,1502.45,12,0,Pune,Bhubaneswar,1,mobile,0,1,1.0,0
T16188,M112,2026-09-02T18:28:10.803595,1247.91,18,0,Mumbai,Pune,1,desktop,1,2,0.83,0
T16189,M105,2026-08-13T11:46:03.803604,30500.99,11,0,Delhi,Mumbai,1,tablet,0,1,1.53,0
T16190,M104,2026-08-30T08:44:38.803612,31069.84,8,1,Ahmedabad,Mumbai,1,tablet,0,1,1.55,0
T16191,M113,2026-08-08T23:21:36.803620,148678.06,23,0,Chennai,Pune,1,tablet,0,1,7.43,0
T16192,M106,2026-07-30T04:57:40.803628,2585.24,4,1,Bhubaneswar,Ahmedabad,1,mobile,0,1,5.17,1
T16193,M101,2026-08-08T14:17:00.803637,5003.43,14,0,Mumbai,Ahmedabad,1,desktop,1,1,1.67,0
T16194,M135,2026-09-01T13:56:30.803645,2234.18,13,0,Chennai,Hyderabad,1,desktop,0,1,0.74,0
T16195,M121,2026-09-04T21:47:00.803653,8837.92,21,0,Hyderabad,Bhubaneswar,1,desktop,0,1,0.44,0
T16196,M108,2026-08-29T21:46:55.803663,2612.98,21,1,Chennai,Pune,1,tablet,0,8,1.74,1
T16197,M103,2026-07-31T13:46:18.803673,552.9,13,0,Ahmedabad,Ahmedabad,0,desktop,0,1,1.11,0
T16198,M103,2026-08-12T13:16:49.803681,519.29,13,0,Bengaluru,Ahmedabad,1,tablet,0,1,1.04,0
T16199,M116,2026-09-04T19:01:14.803689,559.18,19,0,Delhi,Bhubaneswar,1,mobile,0,1,0.19,0
T16200,M104,2026-08-27T13:18:08.803697,27892.44,13,0,Hyderabad,Mumbai,1,desktop,0,1,1.39,0
T16201,M131,2026-07-27T23:36:48.803705,1476.76,23,1,Chennai,Bengaluru,1,desktop,0,1,2.95,0
T16202,M117,2026-07-31T23:41:18.803713,1750.16,23,0,Hyderabad,Chennai,1,tablet,0,3,1.17,0
T16203,M133,2026-08-12T08:26:03.803721,1764.95,8,0,Jaipur,Hyderabad,1,mobile,0,1,0.59,0
T16204,M114,2026-08-08T08:01:19.803729,995.12,8,1,Ahmedabad,Chennai,1,tablet,0,1,1.99,0
T16205,M133,2026-08-04T08:39:34.803738,3494.76,8,0,Delhi,Hyderabad,1,desktop,0,3,1.16,0
T16206,M131,2026-08-27T08:18:16.803745,439.36,8,1,Bengaluru,Mumbai,1,mobile,0,2,0.88,0
T16207,M117,2026-07-29T10:35:37.803757,1807.76,10,0,Mumbai,Hyderabad,1,mobile,0,1,1.21,0
T16208,M135,2026-08-06T15:19:06.803769,1568.12,15,0,Mumbai,Mumbai,0,mobile,0,1,0.52,0
T16209,M134,2026-08-01T14:47:48.803777,4469.52,14,0,Kolkata,Bhubaneswar,1,desktop,0,1,1.49,0
T16210,M132,2026-08-10T05:00:13.803785,445.71,5,0,Bhubaneswar,Bhubaneswar,0,desktop,1,1,0.89,0
T16211,M107,2026-09-01T18:01:43.803793,53.48,18,0,Chennai,Chennai,0,desktop,0,2,0.11,0
T16212,M124,2026-08-16T04:00:46.803803,267.4,4,0,Chennai,Bengaluru,1,tablet,0,1,0.53,0
T16213,M125,2026-07-28T06:32:41.803811,503.91,6,1,Kolkata,Kolkata,0,mobile,0,1,1.01,0
T16214,M102,2026-08-21T06:36:12.803819,1975.72,6,1,Kolkata,Jaipur,1,mobile,0,1,1.32,0
T16215,M122,2026-08-24T20:59:00.803828,589.41,20,1,Bhubaneswar,Delhi,1,mobile,1,3,1.18,1
T16216,M102,2026-09-03T06:56:41.803836,723.99,6,1,Kolkata,Pune,1,mobile,1,5,0.48,1
T16217,M117,2026-08-20T23:32:31.803846,1873.39,23,0,Ahmedabad,Pune,1,mobile,0,1,1.25,0
T16218,M123,2026-08-12T01:14:50.803854,10118.94,1,1,Bhubaneswar,Pune,1,desktop,0,2,1.26,0
T16219,M109,2026-07-30T12:13:40.803862,28863.74,12,0,Hyderabad,Mumbai,1,tablet,0,2,1.44,0
T16220,M121,2026-08-19T13:04:06.803870,12653.79,13,0,Pune,Kolkata,1,mobile,0,1,0.63,0
T16221,M113,2026-08-03T03:56:12.803879,23633.03,3,0,Chennai,Chennai,0,mobile,0,1,1.18,0
T16222,M124,2026-08-20T05:14:15.803886,460.94,5,0,Bengaluru,Pune,1,tablet,0,1,0.92,0
T16223,M138,2026-08-02T20:27:34.803894,156.44,20,1,Hyderabad,Pune,1,tablet,0,1,0.31,0
T16224,M114,2026-07-27T01:43:10.803902,505.42,1,1,Jaipur,Kolkata,1,desktop,1,1,1.01,1
T16225,M128,2026-08-17T10:30:18.803910,16734.57,10,0,Jaipur,Ahmedabad,1,mobile,0,1,0.84,0
T16226,M106,2026-08-11T14:24:20.803918,387.3,14,0,Jaipur,Bengaluru,1,desktop,0,2,0.77,0
T16227,M105,2026-08-16T11:24:29.803929,15916.58,11,0,Ahmedabad,Mumbai,1,tablet,0,1,0.8,0
T16228,M129,2026-08-05T00:11:49.803936,539.33,0,1,Delhi,Bhubaneswar,1,mobile,1,1,1.08,1
T16229,M119,2026-08-26T20:05:18.803944,7805.79,20,0,Bhubaneswar,Jaipur,1,tablet,0,1,0.98,0
T16230,M130,2026-08-06T00:06:37.803952,1619.74,0,0,Ahmedabad,Chennai,1,mobile,0,1,1.08,0
T16231,M110,2026-08-17T10:08:01.803960,22847.72,10,0,Jaipur,Bhubaneswar,1,tablet,0,2,1.14,0
T16232,M135,2026-07-28T14:06:04.803968,3838.12,14,0,Chennai,Hyderabad,1,mobile,1,1,1.28,0
T16233,M119,2026-08-23T08:25:29.803976,8717.73,8,1,Bengaluru,Chennai,1,desktop,0,1,1.09,1
T16234,M109,2026-08-18T07:21:39.803985,15661.41,7,1,Bhubaneswar,Ahmedabad,1,mobile,1,1,0.78,0
T16235,M121,2026-07-25T13:04:04.803994,15568.16,13,0,Mumbai,Jaipur,1,desktop,0,1,0.78,0
T16236,M108,2026-08-27T18:50:22.804001,511.32,18,0,Mumbai,Hyderabad,1,desktop,0,1,0.34,0
T16237,M117,2026-07-30T06:13:33.804011,971.38,6,0,Jaipur,Bengaluru,1,mobile,0,3,0.65,0
T16238,M134,2026-08-16T09:31:13.804027,4023.8,9,0,Delhi,Jaipur,1,tablet,0,2,1.34,0
T16239,M133,2026-08-25T16:19:30.804036,2355.51,16,0,Delhi,Bengaluru,1,mobile,0,1,0.79,0
T16240,M122,2026-08-21T05:28:45.804043,606.82,5,1,Kolkata,Bengaluru,1,desktop,0,1,1.21,0
T16241,M113,2026-08-10T12:20:31.804052,16685.39,12,0,Hyderabad,Jaipur,1,tablet,0,1,0.83,0
T16242,M127,2026-07-30T20:11:35.804060,24966.55,20,0,Pune,Chennai,1,tablet,0,1,1.25,0
T16243,M136,2026-08-12T21:31:21.804068,891.45,21,1,Delhi,Chennai,1,desktop,0,1,0.59,0
T16244,M132,2026-09-03T05:38:17.804076,645.48,5,0,Delhi,Kolkata,1,desktop,0,1,1.29,0
T16245,M129,2026-08-30T02:29:44.804084,383.38,2,1,Bhubaneswar,Pune,1,mobile,0,2,0.77,0
T16246,M121,2026-08-30T18:33:22.804092,21183.17,18,0,Kolkata,Delhi,1,tablet,0,1,1.06,0
T16247,M101,2026-08-04T00:37:22.804102,3802.82,0,1,Kolkata,Delhi,1,tablet,0,1,1.27,0
T16248,M118,2026-07-29T10:08:20.804112,757.4,10,0,Kolkata,Jaipur,1,mobile,0,1,1.51,0
T16249,M128,2026-07-26T20:29:33.804122,8673.01,20,0,Jaipur,Kolkata,1,desktop,0,1,0.43,0
T16250,M125,2026-08-29T23:58:06.804130,583.88,23,1,Kolkata,Pune,1,desktop,0,1,1.17,0
T16251,M124,2026-08-28T08:41:16.804139,575.13,8,0,Kolkata,Hyderabad,1,tablet,0,1,1.15,0
T16252,M139,2026-07-29T22:21:37.804147,1813.96,22,1,Hyderabad,Mumbai,1,desktop,0,4,1.21,0
T16253,M131,2026-08-20T20:24:19.804156,150.3,20,0,Bhubaneswar,Jaipur,1,mobile,0,3,0.3,0
T16254,M136,2026-08-26T18:31:35.804164,14157.48,18,0,Bengaluru,Hyderabad,1,mobile,0,1,9.44,0
T16255,M113,2026-08-27T22:08:47.804173,10633.13,22,0,Ahmedabad,Pune,1,tablet,0,1,0.53,0
T16256,M139,2026-07-29T07:00:41.804181,579.89,7,1,Hyderabad,Ahmedabad,1,mobile,0,2,0.39,0
T16257,M117,2026-08-26T15:03:04.804191,5147.8,15,0,Pune,Mumbai,1,tablet,0,4,3.43,0
T16258,M105,2026-09-05T21:44:27.804200,42232.27,21,0,Jaipur,Bengaluru,1,mobile,0,3,2.11,0
T16259,M119,2026-08-22T05:53:21.804208,6223.28,5,1,Bengaluru,Kolkata,1,tablet,0,1,0.78,0
T16260,M101,2026-08-26T15:58:13.804216,1873.76,15,0,Hyderabad,Kolkata,1,tablet,0,1,0.62,0
T16261,M125,2026-07-26T09:32:25.804224,64.81,9,1,Mumbai,Chennai,1,desktop,0,1,0.13,0
T16262,M123,2026-09-04T03:16:11.804232,9116.84,3,1,Pune,Jaipur,1,mobile,0,1,1.14,0
T16263,M139,2026-08-21T05:37:02.804240,1352.13,5,1,Bengaluru,Bhubaneswar,1,mobile,0,1,0.9,0
T16264,M131,2026-08-28T01:46:02.804248,184.55,1,1,Jaipur,Bhubaneswar,1,mobile,0,1,0.37,0
T16265,M102,2026-08-24T23:55:28.804257,1472.69,23,1,Jaipur,Delhi,1,mobile,0,1,0.98,0
T16266,M109,2026-08-23T17:38:57.804265,32293.76,17,0,Ahmedabad,Chennai,1,tablet,0,1,1.61,0
T16267,M139,2026-09-04T04:58:35.804275,783.84,4,1,Chennai,Delhi,1,mobile,0,1,0.52,0
T16268,M117,2026-08-04T03:30:15.804283,1762.97,3,0,Chennai,Bhubaneswar,1,desktop,0,1,1.18,0
T16269,M116,2026-08-15T01:51:09.804291,3738.13,1,1,Mumbai,Bengaluru,1,mobile,0,1,1.25,0
T16270,M105,2026-07-25T16:12:50.804299,13820.39,16,0,Bhubaneswar,Delhi,1,mobile,0,1,0.69,0
T16271,M136,2026-08-26T04:01:10.804307,1149.77,4,1,Hyderabad,Chennai,1,mobile,0,1,0.77,0
T16272,M119,2026-07-29T23:58:02.804315,6367.67,23,1,Hyderabad,Delhi,1,mobile,0,3,0.8,0
T16273,M135,2026-08-06T05:40:18.804323,3862.9,5,0,Delhi,Jaipur,1,desktop,0,2,1.29,0
T16274,M134,2026-08-21T15:38:42.804331,1419.53,15,0,Jaipur,Ahmedabad,1,tablet,1,1,0.47,0
T16275,M101,2026-08-06T14:56:28.804339,3934.4,14,0,Bhubaneswar,Ahmedabad,1,desktop,0,2,1.31,0
T16276,M105,2026-08-25T09:58:25.804347,87134.25,9,0,Bengaluru,Pune,1,tablet,0,1,4.36,0
T16277,M106,2026-07-28T14:43:20.804357,463.47,14,0,Jaipur,Bengaluru,1,desktop,0,3,0.93,0
T16278,M132,2026-08-16T22:25:35.804365,557.84,22,0,Kolkata,Mumbai,1,desktop,0,1,1.12,0
T16279,M102,2026-08-16T13:19:03.804374,1528.76,13,0,Bhubaneswar,Pune,1,tablet,0,8,1.02,1
T16280,M116,2026-07-29T02:19:28.804381,3713.85,2,1,Mumbai,Jaipur,1,desktop,0,1,1.24,0
T16281,M108,2026-08-10T18:08:54.804390,551.73,18,0,Bengaluru,Jaipur,1,desktop,0,1,0.37,0
T16282,M120,2026-08-18T18:55:43.804398,1622.76,18,0,Delhi,Mumbai,1,mobile,0,1,0.54,0
T16283,M115,2026-09-01T01:25:40.804406,2801.17,1,0,Jaipur,Bengaluru,1,mobile,1,1,0.35,0
T16284,M111,2026-08-14T17:34:49.804414,18772.45,17,0,Pune,Ahmedabad,1,mobile,1,3,0.94,1
T16285,M133,2026-08-01T18:46:25.804422,3463.29,18,0,Kolkata,Mumbai,1,desktop,0,1,1.15,0
T16286,M117,2026-08-02T15:55:38.804430,1684.11,15,0,Jaipur,Bhubaneswar,1,mobile,0,2,1.12,0
T16287,M128,2026-08-27T09:21:40.804440,13640.87,9,0,Kolkata,Chennai,1,tablet,1,1,0.68,0
T16288,M101,2026-08-02T12:36:42.804448,3292.12,12,0,Pune,Jaipur,1,mobile,0,1,1.1,0
T16289,M122,2026-08-03T10:59:42.804458,464.82,10,0,Kolkata,Bengaluru,1,tablet,1,1,0.93,0
T16290,M102,2026-08-27T14:38:32.804470,1494.19,14,0,Delhi,Bhubaneswar,1,tablet,0,3,1.0,0
T16291,M112,2026-08-03T13:19:57.804482,417.12,13,0,Bengaluru,Bhubaneswar,1,mobile,0,1,0.28,0
T16292,M122,2026-08-08T07:34:28.804490,292.37,7,1,Mumbai,Bengaluru,1,mobile,0,1,0.58,0
T16293,M134,2026-08-26T07:08:56.804498,3869.96,7,1,Ahmedabad,Bhubaneswar,1,tablet,0,1,1.29,0
T16294,M111,2026-08-29T18:13:57.804506,19648.23,18,0,Hyderabad,Pune,1,tablet,0,1,0.98,0
T16295,M102,2026-07-28T13:00:48.804514,897.87,13,0,Mumbai,Ahmedabad,1,tablet,1,3,0.6,0
T16296,M100,2026-08-13T19:45:15.804522,653.37,19,0,Kolkata,Mumbai,1,mobile,0,2,1.31,0
T16297,M114,2026-08-29T15:14:34.804533,182.74,15,0,Ahmedabad,Hyderabad,1,desktop,0,2,0.37,0
T16298,M111,2026-07-27T14:52:09.804543,16174.14,14,0,Bhubaneswar,Ahmedabad,1,desktop,0,1,0.81,0
T16299,M134,2026-08-10T05:26:27.804552,3626.07,5,1,Bengaluru,Bengaluru,0,desktop,1,8,1.21,1
T16300,M103,2026-07-24T14:08:18.804560,673.09,14,0,Pune,Jaipur,1,mobile,0,1,1.35,0
T16301,M111,2026-07-30T01:10:52.804568,27826.09,1,0,Chennai,Mumbai,1,tablet,0,1,1.39,0
T16302,M131,2026-08-26T03:11:36.804576,345.25,3,1,Hyderabad,Pune,1,mobile,1,1,0.69,0
T16303,M110,2026-08-31T01:11:53.804584,19344.1,1,1,Bengaluru,Delhi,1,tablet,0,1,0.97,0
T16304,M132,2026-08-06T09:46:24.804592,787.23,9,0,Chennai,Chennai,0,desktop,0,1,1.57,0
T16305,M139,2026-08-12T04:33:49.804600,1923.13,4,1,Hyderabad,Bhubaneswar,1,tablet,0,3,1.28,0
T16306,M105,2026-09-01T13:33:22.804608,27554.87,13,0,Mumbai,Chennai,1,desktop,0,3,1.38,0
T16307,M100,2026-08-06T01:02:03.804618,470.19,1,1,Bhubaneswar,Chennai,1,tablet,1,1,0.94,1
T16308,M132,2026-09-01T06:31:24.804626,623.68,6,0,Chennai,Hyderabad,1,mobile,1,1,1.25,0
T16309,M116,2026-08-22T14:34:44.804634,3932.17,14,0,Bengaluru,Bhubaneswar,1,mobile,0,1,1.31,0
T16310,M100,2026-08-02T18:32:37.804641,440.35,18,0,Mumbai,Ahmedabad,1,desktop,0,1,0.88,0
T16311,M127,2026-07-31T03:47:14.804649,18095.27,3,0,Kolkata,Hyderabad,1,desktop,0,1,0.9,0
T16312,M114,2026-07-25T20:56:55.804657,415.11,20,0,Ahmedabad,Pune,1,desktop,0,1,0.83,0
T16313,M135,2026-07-30T01:18:15.804665,3878.95,1,0,Jaipur,Jaipur,0,mobile,0,3,1.29,0
T16314,M105,2026-08-20T04:58:05.804673,29095.14,4,0,Mumbai,Ahmedabad,1,mobile,0,2,1.45,0
T16315,M107,2026-08-06T22:08:54.804681,298.77,22,1,Pune,Pune,0,desktop,0,1,0.6,0
T16316,M126,2026-08-02T09:57:07.804689,3116.23,9,1,Jaipur,Ahmedabad,1,mobile,1,1,1.04,0
T16317,M133,2026-08-02T19:31:16.804698,1307.74,19,0,Bengaluru,Ahmedabad,1,mobile,0,1,0.44,0
T16318,M108,2026-08-15T03:26:45.804706,1988.45,3,1,Pune,Pune,0,tablet,0,1,1.33,0
T16319,M103,2026-07-31T00:37:06.804714,465.75,0,1,Hyderabad,Delhi,1,mobile,0,1,0.93,0
T16320,M134,2026-08-27T10:02:32.804722,4053.54,10,0,Delhi,Chennai,1,mobile,0,1,1.35,0
T16321,M114,2026-08-15T16:26:54.804730,526.53,16,0,Chennai,Bhubaneswar,1,mobile,0,1,1.05,0
T16322,M105,2026-08-17T22:07:41.804738,31813.38,22,0,Delhi,Hyderabad,1,mobile,0,1,1.59,0
T16323,M104,2026-08-27T01:18:11.804746,7014.56,1,1,Kolkata,Delhi,1,mobile,0,1,0.35,0
T16324,M115,2026-08-14T21:49:24.804754,13943.59,21,0,Pune,Kolkata,1,mobile,0,1,1.74,0
T16325,M107,2026-09-02T11:38:36.804762,643.89,11,0,Pune,Ahmedabad,1,desktop,1,1,1.29,0
T16326,M128,2026-09-05T10:07:59.804770,19953.56,10,0,Hyderabad,Bhubaneswar,1,desktop,0,1,1.0,0
T16327,M106,2026-08-23T00:07:00.804779,607.71,0,1,Bhubaneswar,Mumbai,1,tablet,1,2,1.22,1
T16328,M128,2026-08-05T11:48:53.804787,16405.7,11,0,Pune,Bhubaneswar,1,tablet,0,2,0.82,0
T16329,M131,2026-08-12T20:07:18.804795,700.34,20,0,Hyderabad,Ahmedabad,1,tablet,0,2,1.4,0
T16330,M112,2026-08-10T03:16:17.804803,1515.62,3,0,Delhi,Chennai,1,desktop,0,1,1.01,0
T16331,M103,2026-08-21T11:53:25.804811,355.28,11,0,Jaipur,Hyderabad,1,mobile,0,1,0.71,0
T16332,M125,2026-08-02T12:34:14.804818,543.82,12,0,Pune,Pune,0,desktop,0,1,1.09,0
T16333,M112,2026-08-11T04:57:04.804827,1679.06,4,0,Hyderabad,Pune,1,mobile,0,1,1.12,0
T16334,M102,2026-07-31T02:21:14.804834,2106.87,2,1,Chennai,Mumbai,1,tablet,0,1,1.4,0
T16335,M117,2026-09-05T03:46:24.804842,1123.5,3,0,Kolkata,Chennai,1,desktop,0,2,0.75,0
T16336,M114,2026-08-22T03:11:40.804850,401.84,3,1,Bengaluru,Delhi,1,tablet,0,1,0.8,0
T16337,M108,2026-09-01T08:06:19.804859,331.0,8,1,Delhi,Jaipur,1,tablet,0,1,0.22,0
T16338,M126,2026-08-27T15:41:11.804867,2484.52,15,0,Bhubaneswar,Delhi,1,desktop,0,1,0.83,0
T16339,M107,2026-08-26T01:36:13.804875,512.16,1,1,Ahmedabad,Ahmedabad,0,desktop,0,1,1.02,0
T16340,M131,2026-08-15T06:02:33.804883,496.41,6,1,Hyderabad,Hyderabad,0,desktop,0,2,0.99,0
T16341,M129,2026-08-21T00:45:33.804891,455.95,0,1,Kolkata,Bengaluru,1,desktop,0,1,0.91,0
T16342,M136,2026-08-11T20:46:37.804899,1395.51,20,1,Mumbai,Mumbai,0,desktop,1,1,0.93,0
T16343,M113,2026-08-23T00:55:34.804907,17849.37,0,0,Jaipur,Bhubaneswar,1,mobile,0,1,0.89,0
T16344,M123,2026-09-02T22:08:37.804915,4105.07,22,1,Jaipur,Ahmedabad,1,tablet,0,3,0.51,0
T16345,M124,2026-08-23T04:36:42.804923,636.36,4,0,Bhubaneswar,Jaipur,1,desktop,0,1,1.27,0
T16346,M103,2026-08-09T03:23:01.804930,700.39,3,1,Ahmedabad,Hyderabad,1,desktop,1,1,1.4,1
T16347,M100,2026-07-24T18:43:10.804940,204.54,18,0,Ahmedabad,Bhubaneswar,1,tablet,0,1,0.41,0
T16348,M137,2026-07-30T22:31:03.804948,980.65,22,1,Delhi,Kolkata,1,desktop,1,3,0.33,1
T16349,M139,2026-07-24T23:04:16.804957,899.33,23,1,Bhubaneswar,Bengaluru,1,tablet,1,1,0.6,1
T16350,M127,2026-08-27T13:03:37.804966,19695.51,13,0,Bhubaneswar,Kolkata,1,desktop,0,1,0.98,0
T16351,M125,2026-07-23T13:09:52.804974,2865.82,13,0,Pune,Pune,0,mobile,0,1,5.73,0
T16352,M112,2026-08-16T18:25:04.804982,1582.28,18,0,Delhi,Ahmedabad,1,desktop,0,3,1.05,0
T16353,M100,2026-08-31T08:09:34.804990,734.05,8,1,Ahmedabad,Bhubaneswar,1,mobile,0,5,1.47,1
T16354,M137,2026-08-23T20:53:15.804998,1069.2,20,1,Delhi,Jaipur,1,mobile,0,1,0.36,0
T16355,M116,2026-07-24T22:33:34.805008,2969.29,22,1,Jaipur,Mumbai,1,mobile,0,3,0.99,0
T16356,M111,2026-08-24T23:23:40.805016,15177.33,23,0,Kolkata,Pune,1,mobile,0,1,0.76,0
T16357,M125,2026-08-11T20:35:41.805025,864.07,20,1,Kolkata,Pune,1,desktop,0,2,1.73,0
T16358,M133,2026-08-01T18:06:14.805033,3509.09,18,0,Jaipur,Chennai,1,mobile,0,1,1.17,0
T16359,M125,2026-09-04T04:50:29.805041,745.93,4,1,Ahmedabad,Kolkata,1,desktop,0,1,1.49,0
T16360,M118,2026-07-31T02:55:51.805049,141.5,2,1,Chennai,Mumbai,1,tablet,1,1,0.28,1
T16361,M120,2026-08-06T13:17:07.805057,3786.04,13,0,Mumbai,Bhubaneswar,1,mobile,0,1,1.26,0
T16362,M120,2026-08-31T03:24:59.805066,4851.18,3,0,Bhubaneswar,Chennai,1,desktop,0,1,1.62,0
T16363,M127,2026-08-11T21:14:19.805074,35241.83,21,0,Ahmedabad,Hyderabad,1,tablet,1,1,1.76,0
T16364,M105,2026-09-05T12:54:08.805082,11451.21,12,0,Mumbai,Mumbai,0,mobile,0,1,0.57,0
T16365,M127,2026-08-06T22:35:39.805090,22902.94,22,0,Hyderabad,Jaipur,1,mobile,0,1,1.15,0
T16366,M101,2026-08-21T05:40:19.805098,2731.19,5,1,Pune,Kolkata,1,mobile,0,1,0.91,0
T16367,M101,2026-07-31T05:06:45.805107,3669.14,5,1,Mumbai,Bhubaneswar,1,desktop,1,1,1.22,1
T16368,M125,2026-08-08T04:07:18.805115,491.88,4,1,Delhi,Ahmedabad,1,desktop,0,1,0.98,0
T16369,M126,2026-08-06T17:02:23.805123,3705.18,17,0,Pune,Mumbai,1,tablet,0,1,1.24,0
T16370,M139,2026-08-31T06:15:24.805131,604.38,6,1,Mumbai,Hyderabad,1,tablet,0,3,0.4,0
T16371,M100,2026-08-11T16:03:11.805139,533.77,16,0,Hyderabad,Bengaluru,1,tablet,0,1,1.07,0
T16372,M139,2026-08-06T01:43:01.805146,723.52,1,1,Mumbai,Kolkata,1,tablet,0,1,0.48,0
T16373,M136,2026-07-29T05:37:28.805154,1737.27,5,1,Ahmedabad,Delhi,1,mobile,0,1,1.16,0
T16374,M106,2026-08-02T20:16:47.805162,417.63,20,0,Bhubaneswar,Mumbai,1,desktop,1,2,0.84,0
T16375,M120,2026-08-18T03:41:05.805170,2225.83,3,0,Hyderabad,Bhubaneswar,1,mobile,0,1,0.74,0
T16376,M130,2026-08-21T23:41:44.805178,1627.66,23,0,Jaipur,Ahmedabad,1,desktop,0,1,1.09,0
T16377,M139,2026-08-08T12:56:38.805187,971.89,12,0,Chennai,Bengaluru,1,tablet,1,1,0.65,0
T16378,M129,2026-08-27T12:35:39.805195,517.03,12,0,Jaipur,Mumbai,1,mobile,0,1,1.03,0
T16379,M112,2026-07-31T00:01:24.805203,801.91,0,0,Kolkata,Bhubaneswar,1,desktop,0,1,0.53,0
T16380,M116,2026-08-29T03:50:15.805211,3544.37,3,1,Mumbai,Mumbai,0,tablet,0,3,1.18,0
T16381,M134,2026-08-10T04:52:38.805219,3604.36,4,1,Hyderabad,Hyderabad,0,desktop,0,1,1.2,0
T16382,M119,2026-09-02T16:30:23.805228,8703.71,16,0,Ahmedabad,Chennai,1,desktop,1,1,1.09,0
T16383,M110,2026-08-26T01:25:13.805237,23071.79,1,1,Chennai,Delhi,1,desktop,0,3,1.15,1
T16384,M105,2026-07-31T14:37:58.805244,19151.36,14,0,Ahmedabad,Bhubaneswar,1,mobile,0,1,0.96,0
T16385,M125,2026-07-28T12:47:27.805253,611.88,12,0,Mumbai,Hyderabad,1,desktop,0,1,1.22,0
T16386,M121,2026-09-05T03:52:36.805261,2654.8,3,0,Ahmedabad,Bengaluru,1,desktop,0,1,0.13,0
T16387,M131,2026-08-31T07:31:50.805270,889.29,7,1,Delhi,Hyderabad,1,mobile,0,1,1.78,0
T16388,M106,2026-08-31T00:29:04.805278,543.02,0,1,Jaipur,Bhubaneswar,1,mobile,0,1,1.09,0
T16389,M109,2026-07-30T00:15:23.805286,13188.94,0,1,Hyderabad,Hyderabad,0,desktop,0,1,0.66,0
T16390,M102,2026-08-02T12:07:55.805294,1069.99,12,0,Ahmedabad,Bengaluru,1,tablet,0,1,0.71,0
T16391,M129,2026-08-01T02:31:22.805302,307.07,2,1,Pune,Delhi,1,mobile,0,1,0.61,0
T16392,M109,2026-08-18T01:24:54.805310,19165.31,1,1,Bhubaneswar,Hyderabad,1,mobile,1,1,0.96,1
T16393,M109,2026-08-14T22:42:20.805318,12846.77,22,1,Hyderabad,Chennai,1,tablet,0,3,0.64,1
T16394,M123,2026-08-26T21:20:42.805325,2470.53,21,1,Jaipur,Mumbai,1,desktop,1,1,0.31,1
T16395,M110,2026-09-03T20:23:16.805334,31142.88,20,0,Mumbai,Bhubaneswar,1,desktop,0,1,1.56,0
T16396,M124,2026-08-31T06:42:38.805342,254.3,6,0,Bhubaneswar,Ahmedabad,1,mobile,0,1,0.51,0
T16397,M108,2026-08-21T11:40:52.805351,2104.83,11,0,Jaipur,Jaipur,0,mobile,0,1,1.4,0
T16398,M120,2026-08-22T09:54:18.805359,3552.61,9,0,Pune,Chennai,1,desktop,0,1,1.18,0
T16399,M134,2026-08-17T02:55:10.805367,4192.25,2,1,Bhubaneswar,Jaipur,1,tablet,1,2,1.4,1
T16400,M103,2026-08-06T20:13:46.805377,521.32,20,1,Jaipur,Jaipur,0,tablet,0,1,1.04,0
T16401,M134,2026-09-03T01:07:13.805385,5097.73,1,1,Chennai,Mumbai,1,desktop,0,1,1.7,0
T16402,M102,2026-08-19T17:09:45.805393,8828.95,17,0,Bengaluru,Delhi,1,tablet,0,1,5.89,0
T16403,M100,2026-08-30T14:14:04.805401,297.16,14,0,Ahmedabad,Ahmedabad,0,mobile,1,1,0.59,0
T16404,M105,2026-08-07T23:56:58.805409,20602.77,23,0,Hyderabad,Hyderabad,0,desktop,0,2,1.03,0
T16405,M109,2026-08-19T09:19:41.805417,24730.78,9,0,Bengaluru,Pune,1,mobile,0,1,1.24,0
T16406,M128,2026-08-20T12:47:55.805425,10498.77,12,0,Hyderabad,Hyderabad,0,mobile,0,2,0.52,0
T16407,M116,2026-08-29T09:30:28.805435,1441.69,9,0,Mumbai,Chennai,1,mobile,0,1,0.48,0
T16408,M106,2026-07-29T05:43:59.805443,453.95,5,1,Pune,Chennai,1,tablet,0,1,0.91,0
T16409,M122,2026-07-23T17:43:12.805451,414.04,17,0,Chennai,Kolkata,1,tablet,0,1,0.83,0
T16410,M134,2026-07-27T12:51:49.805459,4022.78,12,0,Ahmedabad,Ahmedabad,0,tablet,0,1,1.34,0
T16411,M139,2026-08-22T18:39:14.805467,1020.38,18,0,Delhi,Chennai,1,tablet,0,4,0.68,0
T16412,M131,2026-07-31T08:07:18.805474,553.33,8,1,Chennai,Mumbai,1,desktop,0,1,1.11,0
T16413,M128,2026-08-18T23:18:15.805483,20798.7,23,1,Kolkata,Hyderabad,1,tablet,0,2,1.04,0
T16414,M121,2026-08-09T16:38:52.805491,21513.23,16,0,Chennai,Hyderabad,1,mobile,0,3,1.08,0
T16415,M127,2026-08-12T18:17:50.805499,16991.56,18,0,Pune,Kolkata,1,desktop,0,1,0.85,0
T16416,M132,2026-08-29T10:43:05.805507,405.85,10,0,Bengaluru,Mumbai,1,tablet,0,1,0.81,0
T16417,M122,2026-08-01T05:51:37.805516,327.55,5,1,Bhubaneswar,Bhubaneswar,0,tablet,0,1,0.66,0
T16418,M102,2026-07-26T06:08:32.805524,1522.78,6,1,Ahmedabad,Mumbai,1,tablet,0,2,1.02,1
T16419,M139,2026-07-29T06:33:38.805538,913.37,6,1,Kolkata,Ahmedabad,1,tablet,0,2,0.61,1
T16420,M124,2026-08-05T14:14:32.805546,688.37,14,0,Jaipur,Bengaluru,1,mobile,0,1,1.38,0
T16421,M126,2026-09-01T11:46:39.805554,4725.08,11,0,Chennai,Ahmedabad,1,tablet,0,2,1.58,0
T16422,M131,2026-07-30T14:41:49.805563,485.11,14,0,Bengaluru,Bhubaneswar,1,mobile,0,1,0.97,0
T16423,M100,2026-09-05T23:19:05.805571,914.5,23,1,Jaipur,Kolkata,1,tablet,0,1,1.83,0
T16424,M125,2026-08-20T13:26:23.805579,543.93,13,0,Pune,Mumbai,1,desktop,0,2,1.09,0
T16425,M133,2026-07-31T03:26:06.805587,2369.95,3,0,Kolkata,Bhubaneswar,1,mobile,1,1,0.79,0
T16426,M133,2026-08-24T18:28:40.805595,3008.71,18,0,Mumbai,Bengaluru,1,desktop,0,3,1.0,0
T16427,M117,2026-08-15T01:35:39.805604,1150.4,1,0,Chennai,Chennai,0,mobile,0,1,0.77,0
T16428,M126,2026-08-07T06:55:10.805612,2109.81,6,1,Mumbai,Chennai,1,desktop,0,1,0.7,0
T16429,M128,2026-07-30T18:26:58.805620,25919.22,18,0,Kolkata,Kolkata,0,tablet,1,1,1.3,0
T16430,M113,2026-07-26T11:25:10.805627,25959.15,11,0,Jaipur,Hyderabad,1,desktop,0,1,1.3,0
T16431,M138,2026-08-29T23:06:06.805636,266.49,23,1,Ahmedabad,Ahmedabad,0,mobile,0,1,0.53,0
T16432,M110,2026-08-15T10:09:58.805644,6051.41,10,0,Jaipur,Ahmedabad,1,tablet,1,1,0.3,0
T16433,M108,2026-08-28T14:21:04.805652,1434.49,14,0,Bengaluru,Kolkata,1,mobile,0,1,0.96,0
T16434,M135,2026-08-14T09:33:55.805660,1528.11,9,0,Jaipur,Delhi,1,tablet,1,1,0.51,0
T16435,M135,2026-07-28T21:40:54.805668,3495.75,21,0,Ahmedabad,Pune,1,desktop,0,4,1.17,0
T16436,M102,2026-08-19T03:06:51.805676,486.85,3,1,Pune,Jaipur,1,desktop,0,1,0.32,0
T16437,M124,2026-09-02T07:03:05.805684,671.03,7,0,Ahmedabad,Delhi,1,desktop,0,1,1.34,0
T16438,M134,2026-08-27T20:59:19.805692,2083.9,20,0,Mumbai,Pune,1,desktop,0,1,0.69,0
T16439,M130,2026-08-16T07:42:26.805700,1754.22,7,0,Chennai,Ahmedabad,1,desktop,0,1,1.17,0
T16440,M108,2026-09-05T14:56:44.805708,2486.41,14,0,Hyderabad,Kolkata,1,mobile,0,1,1.66,0
T16441,M115,2026-08-24T16:36:36.805716,8548.58,16,0,Hyderabad,Ahmedabad,1,tablet,1,1,1.07,0
T16442,M112,2026-08-07T21:40:19.805724,1381.2,21,0,Delhi,Bengaluru,1,tablet,0,5,0.92,0
T16443,M136,2026-08-31T10:14:45.805732,1912.56,10,0,Jaipur,Pune,1,tablet,0,3,1.28,0
T16444,M103,2026-08-08T11:23:43.805740,540.25,11,0,Delhi,Mumbai,1,tablet,0,1,1.08,0
T16445,M123,2026-08-18T23:46:00.805748,7110.61,23,1,Bhubaneswar,Pune,1,tablet,0,1,0.89,0
T16446,M132,2026-07-27T03:05:28.805756,373.02,3,0,Bengaluru,Bengaluru,0,desktop,0,2,0.75,0
T16447,M126,2026-08-18T08:19:13.805764,4254.14,8,1,Kolkata,Mumbai,1,mobile,0,2,1.42,1
T16448,M111,2026-08-17T11:04:32.805772,22566.25,11,0,Bhubaneswar,Kolkata,1,desktop,1,3,1.13,0
T16449,M106,2026-09-01T02:53:03.805780,438.71,2,1,Jaipur,Delhi,1,desktop,0,8,0.88,1
T16450,M112,2026-08-10T15:06:22.805788,1823.07,15,0,Hyderabad,Jaipur,1,mobile,0,1,1.22,0
T16451,M119,2026-08-05T19:44:26.805796,3035.25,19,0,Chennai,Ahmedabad,1,tablet,0,1,0.38,0
T16452,M109,2026-08-12T21:02:22.805805,28380.95,21,0,Chennai,Pune,1,desktop,1,1,1.42,0
T16453,M121,2026-08-08T23:43:40.805814,16840.37,23,0,Delhi,Kolkata,1,mobile,0,1,0.84,0
T16454,M123,2026-08-13T06:57:48.805823,1790.11,6,1,Delhi,Ahmedabad,1,tablet,1,1,0.22,1
T16455,M106,2026-09-03T00:39:05.805832,472.17,0,1,Ahmedabad,Hyderabad,1,mobile,1,1,0.94,1
T16456,M109,2026-08-14T03:32:06.805839,9447.88,3,1,Ahmedabad,Hyderabad,1,mobile,0,1,0.47,0
T16457,M139,2026-08-30T08:13:41.805848,935.85,8,1,Chennai,Kolkata,1,desktop,0,2,0.62,0
T16458,M118,2026-09-03T10:57:37.805856,361.81,10,0,Jaipur,Jaipur,0,desktop,0,1,0.72,0
T16459,M119,2026-09-01T21:28:00.805864,10299.36,21,0,Jaipur,Mumbai,1,tablet,0,1,1.29,0
T16460,M119,2026-08-10T03:22:48.805872,3904.64,3,1,Ahmedabad,Hyderabad,1,tablet,0,3,0.49,0
T16461,M128,2026-08-20T01:21:11.805880,22203.89,1,1,Ahmedabad,Bengaluru,1,tablet,1,1,1.11,0
T16462,M101,2026-07-29T01:34:20.805888,4681.55,1,1,Ahmedabad,Kolkata,1,mobile,0,1,1.56,0
T16463,M139,2026-08-05T18:45:24.805896,1442.01,18,0,Ahmedabad,Hyderabad,1,tablet,0,1,0.96,0
T16464,M124,2026-08-09T18:46:41.805904,322.49,18,0,Ahmedabad,Delhi,1,tablet,0,2,0.64,0
T16465,M122,2026-08-03T00:15:15.805912,397.52,0,1,Bhubaneswar,Kolkata,1,mobile,0,5,0.8,1
T16466,M128,2026-08-29T11:29:50.805920,14994.13,11,0,Ahmedabad,Pune,1,desktop,0,4,0.75,0
T16467,M117,2026-07-25T19:54:22.805930,1096.48,19,0,Bengaluru,Delhi,1,mobile,1,1,0.73,0
T16468,M111,2026-08-13T00:38:03.805940,11641.25,0,0,Ahmedabad,Bengaluru,1,desktop,0,2,0.58,0
T16469,M115,2026-08-02T09:55:43.805949,5055.22,9,0,Bengaluru,Kolkata,1,mobile,0,5,0.63,0
T16470,M133,2026-07-31T10:53:54.805957,2578.55,10,0,Delhi,Bengaluru,1,mobile,0,1,0.86,0
T16471,M128,2026-07-30T15:49:37.805965,27869.05,15,0,Delhi,Pune,1,desktop,0,1,1.39,0
T16472,M129,2026-08-31T02:34:59.805973,576.15,2,1,Jaipur,Hyderabad,1,tablet,0,2,1.15,0
T16473,M122,2026-08-06T04:47:21.805981,483.96,4,1,Kolkata,Chennai,1,desktop,0,1,0.97,0
T16474,M100,2026-08-12T22:33:50.805988,307.99,22,1,Bengaluru,Jaipur,1,desktop,0,3,0.62,0
T16475,M123,2026-08-14T18:44:09.805996,4290.72,18,0,Jaipur,Kolkata,1,tablet,0,3,0.54,0
T16476,M109,2026-09-02T20:27:26.806004,29215.14,20,0,Kolkata,Pune,1,tablet,1,1,1.46,0
T16477,M119,2026-08-23T03:26:13.806013,11732.44,3,1,Chennai,Bengaluru,1,tablet,0,1,1.47,1
T16478,M113,2026-09-05T15:29:36.806026,19020.82,15,0,Jaipur,Ahmedabad,1,mobile,0,1,0.95,0
T16479,M127,2026-08-12T06:31:43.806035,24351.08,6,0,Ahmedabad,Mumbai,1,tablet,1,2,1.22,0
T16480,M131,2026-08-21T15:11:55.806043,421.49,15,0,Ahmedabad,Delhi,1,mobile,0,1,0.84,0
T16481,M132,2026-08-02T23:03:48.806051,566.8,23,0,Kolkata,Pune,1,tablet,0,1,1.13,0
T16482,M106,2026-08-11T17:15:25.806059,409.43,17,0,Delhi,Hyderabad,1,desktop,0,2,0.82,0
T16483,M109,2026-09-02T17:40:50.806067,13397.35,17,0,Jaipur,Kolkata,1,mobile,0,1,0.67,0
T16484,M101,2026-08-26T09:57:40.806075,2914.47,9,0,Kolkata,Hyderabad,1,tablet,0,1,0.97,0
T16485,M118,2026-08-17T16:54:23.806083,457.8,16,0,Chennai,Kolkata,1,mobile,1,2,0.92,0
T16486,M116,2026-08-25T18:59:29.806091,2800.91,18,0,Bhubaneswar,Chennai,1,mobile,0,1,0.93,0
T16487,M129,2026-08-31T22:18:47.806101,512.2,22,1,Kolkata,Kolkata,0,mobile,0,2,1.02,0
T16488,M114,2026-07-31T06:09:04.806109,646.26,6,1,Bhubaneswar,Pune,1,mobile,0,1,1.29,1
T16489,M130,2026-08-31T07:28:37.806117,1466.46,7,0,Mumbai,Hyderabad,1,mobile,0,2,0.98,0
T16490,M132,2026-08-26T06:48:59.806125,754.83,6,0,Ahmedabad,Mumbai,1,tablet,0,1,1.51,0
T16491,M114,2026-09-02T00:18:04.806133,507.36,0,1,Hyderabad,Mumbai,1,tablet,0,1,1.01,0
T16492,M125,2026-08-24T07:03:05.806141,800.62,7,1,Delhi,Bhubaneswar,1,mobile,0,1,1.6,1
T16493,M105,2026-08-19T05:48:38.806149,10614.55,5,0,Mumbai,Pune,1,mobile,0,1,0.53,0
T16494,M128,2026-09-03T13:52:51.806157,7344.7,13,0,Bengaluru,Bengaluru,0,desktop,0,1,0.37,0
T16495,M101,2026-08-25T22:44:39.806165,4500.0,22,1,Jaipur,Chennai,1,mobile,1,1,1.5,1
T16496,M137,2026-08-21T08:01:48.806173,2466.18,8,1,Bhubaneswar,Bengaluru,1,tablet,0,3,0.82,1
T16497,M101,2026-08-26T19:13:14.806182,2442.84,19,0,Kolkata,Delhi,1,desktop,0,1,0.81,0
T16498,M103,2026-09-03T12:03:36.806190,184.9,12,0,Chennai,Jaipur,1,desktop,0,1,0.37,0
T16499,M110,2026-08-08T21:48:03.806198,11896.59,21,0,Pune,Bhubaneswar,1,mobile,0,1,0.59,0
T16500,M107,2026-08-26T09:05:24.806206,339.08,9,0,Mumbai,Pune,1,mobile,0,1,0.68,0
T16501,M135,2026-08-12T02:02:28.806214,3105.7,2,0,Ahmedabad,Jaipur,1,mobile,1,1,1.04,0
T16502,M114,2026-08-17T03:37:36.806222,457.47,3,1,Chennai,Bengaluru,1,mobile,0,3,0.91,0
T16503,M103,2026-08-28T05:53:05.806230,288.08,5,1,Pune,Bhubaneswar,1,desktop,0,1,0.58,0
T16504,M111,2026-08-30T07:36:48.806238,31521.32,7,0,Bengaluru,Bhubaneswar,1,mobile,0,1,1.58,0
T16505,M139,2026-08-18T02:41:51.806247,737.0,2,1,Delhi,Delhi,0,tablet,1,1,0.49,0
T16506,M114,2026-08-15T07:10:59.806255,795.37,7,1,Kolkata,Ahmedabad,1,mobile,0,1,1.59,0
T16507,M131,2026-07-25T14:06:47.806264,598.43,14,0,Chennai,Delhi,1,mobile,0,2,1.2,0
T16508,M134,2026-08-02T00:21:51.806272,3813.35,0,1,Bhubaneswar,Delhi,1,desktop,0,2,1.27,1
T16509,M115,2026-08-18T00:11:07.806281,8181.17,0,0,Chennai,Delhi,1,desktop,0,2,1.02,0
T16510,M104,2026-08-26T07:17:07.806288,27886.27,7,1,Ahmedabad,Hyderabad,1,mobile,0,1,1.39,0
T16511,M133,2026-08-14T21:34:27.806297,1905.76,21,0,Jaipur,Ahmedabad,1,desktop,1,1,0.64,1
T16512,M102,2026-08-06T16:24:42.806304,1776.68,16,0,Kolkata,Jaipur,1,mobile,0,2,1.18,0
T16513,M130,2026-08-31T11:28:16.806313,1837.47,11,0,Ahmedabad,Bhubaneswar,1,desktop,0,1,1.22,0
T16514,M102,2026-08-21T10:12:54.806320,2050.45,10,0,Pune,Hyderabad,1,tablet,0,1,1.37,0
T16515,M120,2026-09-02T07:56:49.806329,2019.32,7,0,Delhi,Hyderabad,1,mobile,0,3,0.67,0
T16516,M116,2026-08-18T01:38:43.806336,2493.42,1,1,Bhubaneswar,Pune,1,desktop,0,1,0.83,0
T16517,M116,2026-08-04T09:29:29.806346,12977.46,9,0,Jaipur,Jaipur,0,desktop,1,2,4.33,0
T16518,M133,2026-08-21T10:12:47.806354,4271.94,10,0,Mumbai,Jaipur,1,tablet,0,1,1.42,0
T16519,M121,2026-08-21T04:58:10.806363,32022.22,4,0,Bhubaneswar,Kolkata,1,desktop,0,1,1.6,0
T16520,M128,2026-08-25T00:35:28.806371,29815.29,0,1,Ahmedabad,Ahmedabad,0,desktop,0,1,1.49,0
T16521,M107,2026-08-28T03:24:24.806379,777.38,3,1,Kolkata,Jaipur,1,mobile,0,1,1.55,0
T16522,M105,2026-08-31T04:52:33.806386,22164.6,4,0,Delhi,Kolkata,1,mobile,0,1,1.11,0
T16523,M130,2026-08-04T09:25:12.806394,1256.8,9,0,Chennai,Kolkata,1,tablet,0,2,0.84,0
T16524,M105,2026-08-31T03:26:16.806402,36282.76,3,0,Delhi,Kolkata,1,desktop,0,1,1.81,0
T16525,M103,2026-08-22T16:30:17.806410,419.06,16,0,Chennai,Pune,1,mobile,0,1,0.84,0
T16526,M111,2026-08-03T13:57:33.806418,19982.64,13,0,Delhi,Bhubaneswar,1,mobile,0,1,1.0,0
T16527,M118,2026-07-30T22:48:48.806428,304.31,22,1,Bengaluru,Chennai,1,desktop,1,2,0.61,0
T16528,M113,2026-07-26T00:23:53.806436,6890.68,0,0,Chennai,Ahmedabad,1,mobile,0,1,0.34,0
T16529,M122,2026-08-01T08:13:35.806444,797.37,8,1,Bhubaneswar,Jaipur,1,mobile,0,1,1.59,0
T16530,M138,2026-09-04T14:21:09.806451,368.65,14,0,Delhi,Hyderabad,1,mobile,1,1,0.74,0
T16531,M138,2026-08-10T02:02:24.806459,50,2,1,Hyderabad,Bengaluru,1,mobile,0,1,0.1,0
T16532,M122,2026-07-28T23:27:39.806467,295.87,23,1,Hyderabad,Ahmedabad,1,desktop,0,1,0.59,0
T16533,M114,2026-09-05T20:19:03.806476,614.85,20,0,Ahmedabad,Delhi,1,tablet,0,1,1.23,0
T16534,M107,2026-08-27T18:50:12.806484,300.9,18,0,Chennai,Pune,1,desktop,0,2,0.6,0
T16535,M110,2026-08-17T06:45:14.806492,27872.01,6,1,Hyderabad,Chennai,1,desktop,0,1,1.39,0
T16536,M123,2026-08-25T16:03:29.806500,48164.2,16,0,Bhubaneswar,Bhubaneswar,0,tablet,0,1,6.02,0
T16537,M112,2026-08-11T06:12:23.806510,2649.03,6,0,Mumbai,Jaipur,1,mobile,0,1,1.77,0
T16538,M131,2026-07-31T11:31:20.806518,598.2,11,0,Hyderabad,Mumbai,1,mobile,0,1,1.2,0
T16539,M127,2026-08-22T10:27:05.806526,23392.85,10,0,Ahmedabad,Bengaluru,1,tablet,0,1,1.17,0
T16540,M103,2026-07-26T16:36:09.806535,296.51,16,0,Hyderabad,Kolkata,1,tablet,0,1,0.59,0
T16541,M121,2026-08-18T06:05:05.806543,206097.09,6,0,Delhi,Jaipur,1,desktop,0,1,10.3,0
T16542,M115,2026-08-09T04:27:06.806552,13662.26,4,0,Jaipur,Chennai,1,tablet,0,1,1.71,0
T16543,M111,2026-07-31T00:02:57.806560,23240.79,0,0,Pune,Pune,0,desktop,1,3,1.16,0
T16544,M114,2026-08-12T11:54:29.806568,175.14,11,0,Bengaluru,Hyderabad,1,desktop,1,1,0.35,0
T16545,M131,2026-08-22T14:32:54.806576,713.01,14,0,Bengaluru,Delhi,1,mobile,0,3,1.43,0
T16546,M104,2026-08-04T00:35:51.806583,32239.26,0,1,Bengaluru,Ahmedabad,1,mobile,0,1,1.61,0
T16547,M105,2026-08-04T20:50:06.806593,22124.43,20,0,Bhubaneswar,Kolkata,1,tablet,0,1,1.11,0
T16548,M113,2026-07-24T16:49:02.806601,12538.55,16,0,Ahmedabad,Kolkata,1,tablet,0,1,0.63,0
T16549,M124,2026-08-30T18:17:39.806609,380.39,18,0,Chennai,Pune,1,tablet,0,1,0.76,0
T16550,M113,2026-09-03T00:08:24.806617,23146.66,0,0,Mumbai,Mumbai,0,mobile,0,2,1.16,0
T16551,M125,2026-08-31T10:06:05.806625,388.45,10,0,Hyderabad,Chennai,1,tablet,0,1,0.78,0
T16552,M102,2026-07-28T20:37:36.806634,2214.34,20,0,Delhi,Bhubaneswar,1,desktop,0,1,1.48,0
T16553,M137,2026-08-08T16:32:16.806643,2078.55,16,0,Ahmedabad,Jaipur,1,mobile,0,1,0.69,0
T16554,M119,2026-08-10T18:00:39.806650,4544.15,18,0,Ahmedabad,Mumbai,1,desktop,0,1,0.57,0
T16555,M130,2026-08-01T11:08:58.806658,2416.51,11,0,Ahmedabad,Pune,1,mobile,0,1,1.61,0
T16556,M120,2026-08-09T01:21:17.806666,2937.08,1,0,Bengaluru,Jaipur,1,tablet,0,1,0.98,0
T16557,M102,2026-07-25T17:30:07.806676,866.57,17,0,Chennai,Bhubaneswar,1,mobile,1,1,0.58,0
T16558,M109,2026-08-10T11:13:55.806684,24465.63,11,0,Pune,Delhi,1,desktop,0,1,1.22,0
T16559,M119,2026-07-25T17:52:51.806692,9437.88,17,0,Jaipur,Bhubaneswar,1,desktop,0,1,1.18,0
T16560,M136,2026-08-09T21:39:22.806700,1437.56,21,1,Kolkata,Bhubaneswar,1,desktop,0,4,0.96,0
T16561,M104,2026-07-30T18:43:33.806708,26321.77,18,0,Mumbai,Mumbai,0,mobile,0,2,1.32,0
T16562,M101,2026-09-03T19:46:27.806716,2541.45,19,0,Ahmedabad,Kolkata,1,mobile,0,1,0.85,0
T16563,M106,2026-07-30T03:59:22.806723,771.04,3,1,Ahmedabad,Bengaluru,1,mobile,0,1,1.54,0
T16564,M111,2026-07-24T04:16:50.806731,15677.1,4,0,Delhi,Bhubaneswar,1,tablet,0,1,0.78,0
T16565,M130,2026-08-02T05:38:22.806739,1463.57,5,0,Hyderabad,Ahmedabad,1,mobile,0,1,0.98,0
T16566,M120,2026-08-15T22:12:48.806747,3671.4,22,0,Jaipur,Ahmedabad,1,desktop,0,1,1.22,0
T16567,M137,2026-08-09T11:01:44.806756,3484.95,11,0,Pune,Bengaluru,1,desktop,1,1,1.16,0
T16568,M120,2026-08-22T20:06:04.806764,2871.51,20,0,Chennai,Delhi,1,desktop,1,1,0.96,0
T16569,M135,2026-08-15T22:16:28.806772,1445.09,22,0,Chennai,Hyderabad,1,mobile,0,5,0.48,0
T16570,M125,2026-08-27T11:01:42.806780,882.19,11,0,Chennai,Chennai,0,tablet,0,1,1.76,0
T16571,M103,2026-08-19T13:18:31.806788,579.35,13,0,Kolkata,Bhubaneswar,1,mobile,0,1,1.16,0
T16572,M136,2026-08-25T03:26:27.806796,2008.54,3,1,Mumbai,Jaipur,1,tablet,0,1,1.34,0
T16573,M133,2026-08-05T23:40:36.806804,3321.72,23,0,Pune,Mumbai,1,tablet,0,1,1.11,0
T16574,M138,2026-08-10T20:58:57.806811,372.16,20,1,Chennai,Ahmedabad,1,desktop,1,2,0.74,1
T16575,M122,2026-09-02T17:49:32.806819,690.73,17,0,Hyderabad,Pune,1,mobile,0,1,1.38,0
T16576,M119,2026-07-24T10:56:23.806828,9253.54,10,0,Ahmedabad,Mumbai,1,mobile,0,3,1.16,0
T16577,M121,2026-07-23T23:45:51.806837,26912.6,23,0,Hyderabad,Kolkata,1,tablet,0,1,1.35,0
T16578,M109,2026-09-03T12:47:00.806845,21546.52,12,0,Bhubaneswar,Jaipur,1,mobile,0,1,1.08,0
T16579,M118,2026-08-10T20:58:07.806853,3298.95,20,0,Chennai,Bhubaneswar,1,mobile,0,1,6.6,0
T16580,M112,2026-08-07T00:51:31.806862,1005.13,0,0,Pune,Pune,0,desktop,0,1,0.67,0
T16581,M102,2026-08-04T15:49:26.806870,1123.91,15,0,Chennai,Hyderabad,1,desktop,0,8,0.75,0
T16582,M138,2026-08-22T10:11:39.806878,637.58,10,0,Delhi,Mumbai,1,tablet,0,1,1.28,0
T16583,M113,2026-08-18T08:05:48.806886,19615.3,8,0,Hyderabad,Jaipur,1,mobile,1,3,0.98,1
T16584,M135,2026-08-21T04:28:26.806894,3309.38,4,0,Kolkata,Jaipur,1,desktop,0,3,1.1,0
T16585,M124,2026-08-12T20:37:59.806902,264.46,20,0,Jaipur,Chennai,1,mobile,1,2,0.53,0
T16586,M102,2026-08-20T23:49:54.806910,1086.93,23,1,Bengaluru,Ahmedabad,1,mobile,0,2,0.72,0
T16587,M117,2026-07-25T15:15:24.806920,1385.8,15,0,Hyderabad,Bhubaneswar,1,mobile,1,1,0.92,0
T16588,M133,2026-08-04T20:46:59.806928,2108.11,20,0,Hyderabad,Bhubaneswar,1,desktop,1,2,0.7,0
T16589,M123,2026-08-27T00:35:35.806936,8323.96,0,1,Delhi,Pune,1,mobile,0,1,1.04,0
T16590,M126,2026-07-30T09:48:52.806944,3213.18,9,1,Hyderabad,Mumbai,1,mobile,1,1,1.07,1
T16591,M124,2026-08-23T20:33:21.806952,459.87,20,0,Kolkata,Mumbai,1,mobile,0,1,0.92,0
T16592,M123,2026-08-09T15:16:23.806960,6209.62,15,0,Delhi,Ahmedabad,1,tablet,1,3,0.78,0
T16593,M110,2026-08-10T17:44:54.806969,25851.93,17,0,Bengaluru,Chennai,1,desktop,0,1,1.29,0
T16594,M100,2026-09-01T03:35:56.806976,484.59,3,1,Mumbai,Jaipur,1,mobile,1,1,0.97,1
T16595,M125,2026-09-04T08:50:42.806985,841.2,8,1,Delhi,Hyderabad,1,desktop,0,1,1.68,1
T16596,M133,2026-08-20T18:16:33.806993,2226.27,18,0,Bengaluru,Ahmedabad,1,desktop,0,2,0.74,0
T16597,M137,2026-07-26T09:33:49.807002,39398.53,9,1,Ahmedabad,Bengaluru,1,desktop,0,1,13.13,1
T16598,M131,2026-08-01T14:22:53.807011,625.28,14,0,Jaipur,Bhubaneswar,1,mobile,0,1,1.25,0
T16599,M101,2026-09-05T20:35:04.807019,14628.68,20,0,Mumbai,Delhi,1,mobile,0,1,4.88,0
T16600,M125,2026-09-03T17:25:23.807028,699.89,17,0,Ahmedabad,Jaipur,1,desktop,0,1,1.4,0
T16601,M132,2026-08-07T01:43:23.807036,720.65,1,0,Bengaluru,Delhi,1,desktop,0,5,1.44,0
T16602,M116,2026-08-29T08:11:33.807043,4373.19,8,1,Bhubaneswar,Chennai,1,mobile,1,1,1.46,1
T16603,M130,2026-08-19T00:46:52.807052,1003.02,0,0,Delhi,Hyderabad,1,desktop,0,1,0.67,0
T16604,M133,2026-08-06T07:01:50.807060,3105.86,7,0,Bhubaneswar,Bhubaneswar,0,tablet,0,1,1.04,0
T16605,M133,2026-08-25T09:12:23.807068,1220.28,9,0,Ahmedabad,Bhubaneswar,1,desktop,0,1,0.41,0
T16606,M122,2026-07-23T03:30:50.807076,375.39,3,1,Hyderabad,Mumbai,1,tablet,0,3,0.75,0
T16607,M132,2026-07-30T19:58:42.807085,420.33,19,0,Bengaluru,Bhubaneswar,1,tablet,0,1,0.84,0
T16608,M139,2026-08-13T15:11:46.807093,1196.11,15,0,Chennai,Kolkata,1,mobile,0,2,0.8,0
T16609,M116,2026-08-19T15:03:04.807101,2376.84,15,0,Pune,Bhubaneswar,1,mobile,0,1,0.79,0
T16610,M123,2026-07-29T03:53:33.807109,10663.9,3,1,Jaipur,Delhi,1,desktop,0,3,1.33,1
T16611,M134,2026-07-26T11:59:37.807117,1368.8,11,0,Kolkata,Jaipur,1,tablet,0,1,0.46,0
T16612,M111,2026-08-03T06:19:44.807125,31290.7,6,0,Hyderabad,Bhubaneswar,1,desktop,0,2,1.56,0
T16613,M136,2026-08-25T02:47:56.807133,2637.39,2,1,Pune,Ahmedabad,1,mobile,0,1,1.76,0
T16614,M106,2026-07-25T16:57:20.807141,654.73,16,0,Hyderabad,Bengaluru,1,desktop,0,1,1.31,0
T16615,M132,2026-07-27T19:03:01.807149,163.45,19,0,Chennai,Bengaluru,1,mobile,0,1,0.33,0
T16616,M121,2026-08-25T00:46:45.807157,17744.68,0,0,Delhi,Ahmedabad,1,mobile,0,2,0.89,0
T16617,M121,2026-08-25T20:53:58.807166,34916.31,20,0,Jaipur,Ahmedabad,1,desktop,0,1,1.75,0
T16618,M123,2026-08-27T18:04:38.807174,4918.3,18,0,Pune,Pune,0,tablet,0,1,0.61,0
T16619,M135,2026-08-10T18:33:37.807183,2513.37,18,0,Delhi,Hyderabad,1,desktop,0,1,0.84,0
T16620,M119,2026-08-15T11:21:46.807190,9603.69,11,0,Bengaluru,Bhubaneswar,1,tablet,0,2,1.2,0
T16621,M136,2026-08-11T16:10:54.807199,1312.27,16,0,Pune,Delhi,1,desktop,0,1,0.87,0
T16622,M135,2026-08-24T02:52:34.807206,4075.57,2,0,Mumbai,Jaipur,1,desktop,0,2,1.36,0
T16623,M100,2026-08-24T06:17:20.807215,517.62,6,1,Chennai,Bengaluru,1,mobile,1,2,1.04,1
T16624,M125,2026-08-25T15:27:56.807222,6201.44,15,0,Ahmedabad,Bhubaneswar,1,tablet,0,2,12.4,0
T16625,M105,2026-08-02T23:17:40.807231,26868.71,23,0,Jaipur,Ahmedabad,1,mobile,0,5,1.34,0
T16626,M133,2026-08-27T23:14:32.807240,4159.36,23,0,Bhubaneswar,Delhi,1,desktop,0,2,1.39,0
T16627,M127,2026-08-14T21:51:43.807254,196508.19,21,0,Kolkata,Kolkata,0,desktop,0,2,9.83,0
T16628,M127,2026-08-18T17:04:49.807264,22347.74,17,0,Pune,Bengaluru,1,tablet,0,1,1.12,0
T16629,M103,2026-07-26T04:40:51.807273,620.57,4,1,Pune,Chennai,1,tablet,0,1,1.24,0
T16630,M132,2026-08-30T02:33:51.807281,343.18,2,0,Jaipur,Delhi,1,mobile,0,1,0.69,0
T16631,M134,2026-08-15T18:36:24.807290,2442.28,18,0,Jaipur,Mumbai,1,tablet,0,2,0.81,0
T16632,M125,2026-09-02T22:52:25.807298,335.56,22,1,Kolkata,Bhubaneswar,1,desktop,0,1,0.67,0
T16633,M112,2026-08-28T22:08:55.807306,1807.35,22,0,Bengaluru,Kolkata,1,tablet,0,1,1.2,0
T16634,M137,2026-08-22T00:33:27.807314,2701.02,0,1,Bhubaneswar,Pune,1,desktop,0,1,0.9,0
T16635,M118,2026-08-08T20:49:55.807322,574.23,20,0,Bengaluru,Bengaluru,0,tablet,0,1,1.15,0
T16636,M114,2026-08-17T04:40:44.807330,523.41,4,1,Hyderabad,Mumbai,1,mobile,1,1,1.05,1
T16637,M125,2026-09-01T00:18:39.807340,137.09,0,1,Mumbai,Bhubaneswar,1,desktop,1,3,0.27,1
T16638,M127,2026-07-29T23:49:07.807348,36825.42,23,0,Bhubaneswar,Pune,1,mobile,0,1,1.84,0
T16639,M136,2026-08-18T16:19:13.807357,634.6,16,0,Hyderabad,Bengaluru,1,tablet,0,1,0.42,0
T16640,M102,2026-08-12T23:41:16.807364,1041.18,23,1,Bhubaneswar,Mumbai,1,desktop,0,4,0.69,1
T16641,M115,2026-08-14T04:01:41.807373,9851.75,4,0,Hyderabad,Ahmedabad,1,desktop,0,1,1.23,0
T16642,M103,2026-08-16T14:02:44.807380,3482.56,14,0,Bengaluru,Bhubaneswar,1,desktop,1,1,6.97,1
T16643,M103,2026-08-05T12:00:14.807389,260.42,12,0,Kolkata,Ahmedabad,1,mobile,0,1,0.52,0
T16644,M105,2026-09-05T04:08:47.807397,17364.19,4,0,Hyderabad,Ahmedabad,1,tablet,0,1,0.87,0
T16645,M117,2026-08-28T15:35:27.807405,1384.19,15,0,Bengaluru,Mumbai,1,mobile,0,1,0.92,0
T16646,M110,2026-08-02T08:37:40.807413,10933.21,8,1,Ahmedabad,Mumbai,1,tablet,0,4,0.55,0
T16647,M104,2026-08-07T07:58:22.807423,15141.1,7,1,Chennai,Bengaluru,1,desktop,0,1,0.76,1
T16648,M108,2026-08-22T02:53:29.807431,519.16,2,1,Hyderabad,Kolkata,1,desktop,0,1,0.35,0
T16649,M137,2026-07-31T22:37:22.807440,2023.39,22,1,Pune,Chennai,1,mobile,0,1,0.67,0
T16650,M106,2026-08-25T13:49:59.807448,755.04,13,0,Mumbai,Hyderabad,1,desktop,1,1,1.51,0
T16651,M134,2026-08-29T23:22:55.807456,1211.14,23,1,Hyderabad,Mumbai,1,desktop,0,2,0.4,0
T16652,M135,2026-07-29T09:36:49.807463,4519.38,9,0,Bhubaneswar,Jaipur,1,tablet,0,1,1.51,0
T16653,M138,2026-08-15T22:27:06.807472,369.88,22,1,Jaipur,Chennai,1,desktop,0,1,0.74,0
T16654,M110,2026-08-01T05:07:02.807479,24730.31,5,1,Chennai,Bengaluru,1,desktop,0,1,1.24,1
T16655,M105,2026-08-25T19:20:08.807488,28732.38,19,0,Ahmedabad,Chennai,1,mobile,0,1,1.44,0
T16656,M119,2026-09-05T09:21:51.807498,16761.32,9,0,Delhi,Bengaluru,1,desktop,0,1,2.1,0
T16657,M102,2026-08-31T08:04:06.807509,2073.31,8,1,Chennai,Delhi,1,tablet,0,1,1.38,0
T16658,M125,2026-07-31T15:53:01.807517,497.33,15,0,Kolkata,Bhubaneswar,1,tablet,0,3,0.99,0
T16659,M105,2026-08-10T06:37:42.807526,18278.44,6,0,Ahmedabad,Bengaluru,1,tablet,0,1,0.91,0
T16660,M119,2026-07-26T06:45:03.807534,10436.35,6,1,Chennai,Hyderabad,1,mobile,0,1,1.3,1
T16661,M100,2026-08-24T05:53:38.807542,79.43,5,1,Kolkata,Jaipur,1,tablet,0,1,0.16,0
T16662,M125,2026-08-28T03:53:22.807550,825.01,3,1,Chennai,Ahmedabad,1,mobile,0,2,1.65,0
T16663,M135,2026-08-19T15:12:07.807558,4911.41,15,0,Kolkata,Mumbai,1,desktop,0,1,1.64,0
T16664,M118,2026-08-05T23:22:07.807566,473.64,23,1,Delhi,Kolkata,1,tablet,0,1,0.95,0
T16665,M104,2026-08-04T08:01:15.807574,10972.53,8,1,Delhi,Delhi,0,desktop,0,1,0.55,0
T16666,M114,2026-08-13T04:39:32.807582,308.16,4,1,Bhubaneswar,Mumbai,1,desktop,0,1,0.62,0
T16667,M136,2026-08-06T03:58:52.807591,546.7,3,1,Delhi,Hyderabad,1,tablet,0,1,0.36,0
T16668,M119,2026-08-24T07:08:21.807599,7155.04,7,1,Pune,Ahmedabad,1,mobile,1,1,0.89,0
T16669,M101,2026-08-05T14:13:23.807608,2440.58,14,0,Bhubaneswar,Pune,1,mobile,0,1,0.81,0
T16670,M123,2026-08-12T19:32:01.807616,5469.04,19,1,Ahmedabad,Delhi,1,tablet,0,1,0.68,0
T16671,M102,2026-08-10T17:07:48.807624,2750.03,17,0,Pune,Ahmedabad,1,desktop,0,1,1.83,0
T16672,M117,2026-08-21T00:04:30.807631,253.44,0,0,Kolkata,Chennai,1,desktop,0,1,0.17,0
T16673,M128,2026-08-31T01:00:16.807640,23433.6,1,1,Bhubaneswar,Delhi,1,mobile,0,1,1.17,0
T16674,M137,2026-08-29T02:23:58.807649,4923.93,2,1,Mumbai,Hyderabad,1,mobile,0,1,1.64,0
T16675,M116,2026-08-28T01:20:50.807658,2825.02,1,1,Bengaluru,Chennai,1,tablet,0,8,0.94,0
T16676,M119,2026-08-11T08:47:42.807666,8479.99,8,1,Hyderabad,Pune,1,tablet,0,1,1.06,0
T16677,M106,2026-08-29T02:22:41.807675,520.41,2,1,Jaipur,Hyderabad,1,desktop,0,1,1.04,0
T16678,M103,2026-08-07T15:45:10.807683,430.13,15,0,Ahmedabad,Kolkata,1,desktop,0,1,0.86,0
T16679,M102,2026-08-07T13:34:02.807691,1356.83,13,0,Jaipur,Hyderabad,1,desktop,0,1,0.9,0
T16680,M102,2026-09-04T18:27:15.807699,1323.73,18,0,Hyderabad,Pune,1,desktop,0,3,0.88,0
T16681,M127,2026-08-05T08:28:40.807709,176263.13,8,0,Bhubaneswar,Chennai,1,mobile,0,4,8.81,1
T16682,M135,2026-08-08T03:19:04.807718,2925.96,3,0,Delhi,Bengaluru,1,tablet,0,2,0.98,0
T16683,M122,2026-08-19T21:21:08.807727,492.63,21,1,Pune,Bhubaneswar,1,mobile,0,3,0.99,1
T16684,M107,2026-08-13T00:43:06.807735,362.97,0,1,Kolkata,Mumbai,1,mobile,0,1,0.73,0
T16685,M100,2026-08-01T22:12:19.807744,611.31,22,1,Mumbai,Hyderabad,1,mobile,0,1,1.22,0
T16686,M104,2026-09-03T12:53:48.807751,14991.77,12,0,Bhubaneswar,Delhi,1,desktop,0,1,0.75,0
T16687,M121,2026-07-26T13:09:08.807761,41186.02,13,0,Jaipur,Delhi,1,mobile,1,1,2.06,0
T16688,M126,2026-08-18T20:08:05.807769,2249.29,20,1,Ahmedabad,Hyderabad,1,desktop,0,1,0.75,0
T16689,M116,2026-08-08T23:41:26.807777,14541.68,23,1,Pune,Bhubaneswar,1,tablet,0,1,4.85,0
T16690,M106,2026-07-30T08:40:49.807786,767.19,8,1,Delhi,Bengaluru,1,desktop,0,1,1.53,0
T16691,M124,2026-07-29T05:05:27.807794,742.29,5,0,Delhi,Hyderabad,1,tablet,1,2,1.48,0
T16692,M114,2026-08-20T18:04:53.807802,2811.88,18,0,Delhi,Chennai,1,desktop,0,2,5.62,0
T16693,M135,2026-08-05T08:27:31.807811,5348.17,8,0,Chennai,Chennai,0,desktop,0,1,1.78,0
T16694,M103,2026-07-24T08:14:28.807818,261.14,8,1,Hyderabad,Pune,1,mobile,0,1,0.52,1
T16695,M139,2026-08-05T08:34:08.807827,1592.66,8,1,Ahmedabad,Pune,1,mobile,0,1,1.06,0
T16696,M122,2026-08-10T18:07:50.807834,425.51,18,0,Chennai,Jaipur,1,tablet,0,1,0.85,0
T16697,M124,2026-07-27T06:34:59.807844,581.85,6,0,Pune,Jaipur,1,desktop,1,1,1.16,0
T16698,M113,2026-07-25T00:37:51.807852,16827.53,0,0,Bengaluru,Bhubaneswar,1,desktop,0,4,0.84,0
T16699,M115,2026-08-10T18:24:00.807860,3880.39,18,0,Ahmedabad,Hyderabad,1,mobile,0,3,0.49,0
T16700,M125,2026-08-28T08:00:06.807868,605.07,8,1,Jaipur,Bhubaneswar,1,desktop,0,1,1.21,0
T16701,M105,2026-07-31T19:21:34.807876,28719.89,19,0,Hyderabad,Pune,1,tablet,0,2,1.44,0
T16702,M114,2026-08-19T15:56:21.807883,474.27,15,0,Jaipur,Bengaluru,1,tablet,0,3,0.95,0
T16703,M126,2026-08-09T20:29:38.807892,5564.49,20,1,Kolkata,Mumbai,1,desktop,0,1,1.85,0
T16704,M119,2026-08-14T08:05:25.807899,7394.3,8,1,Delhi,Hyderabad,1,mobile,0,1,0.92,1
T16705,M139,2026-09-02T02:13:18.807907,1525.55,2,1,Bengaluru,Chennai,1,tablet,0,1,1.02,1
T16706,M102,2026-08-11T16:45:08.807917,1002.64,16,0,Hyderabad,Bhubaneswar,1,mobile,0,1,0.67,0
T16707,M124,2026-07-24T06:41:10.807926,450.36,6,0,Bengaluru,Kolkata,1,mobile,0,1,0.9,0
T16708,M138,2026-07-29T15:47:13.807934,306.14,15,0,Jaipur,Ahmedabad,1,desktop,0,1,0.61,0
T16709,M100,2026-09-02T17:42:44.807942,384.9,17,0,Delhi,Jaipur,1,desktop,0,1,0.77,0
T16710,M111,2026-08-15T01:00:06.807950,11171.76,1,0,Jaipur,Delhi,1,tablet,0,1,0.56,0
T16711,M118,2026-08-17T05:16:52.807958,345.02,5,1,Bengaluru,Ahmedabad,1,desktop,0,1,0.69,0
T16712,M105,2026-08-22T18:31:45.807966,29602.12,18,0,Hyderabad,Kolkata,1,desktop,0,1,1.48,0
T16713,M106,2026-07-28T18:52:06.807974,730.15,18,0,Chennai,Chennai,0,mobile,0,2,1.46,0
T16714,M100,2026-08-19T00:16:32.807982,559.12,0,1,Kolkata,Delhi,1,desktop,0,1,1.12,1
T16715,M108,2026-08-25T03:12:17.807990,1858.29,3,1,Chennai,Chennai,0,tablet,0,1,1.24,0
T16716,M132,2026-09-02T01:38:34.807998,686.15,1,0,Delhi,Bengaluru,1,tablet,0,3,1.37,0
T16717,M110,2026-07-28T07:01:08.808007,21378.49,7,1,Ahmedabad,Chennai,1,tablet,0,3,1.07,1
T16718,M127,2026-08-28T10:10:11.808015,19133.8,10,0,Jaipur,Hyderabad,1,desktop,0,1,0.96,0
T16719,M112,2026-09-02T21:43:02.808023,1072.01,21,0,Delhi,Bengaluru,1,desktop,0,1,0.71,0
T16720,M108,2026-07-23T08:24:24.808036,1879.19,8,1,Pune,Jaipur,1,mobile,1,2,1.25,1
T16721,M128,2026-08-22T01:09:31.808045,17535.04,1,1,Delhi,Bhubaneswar,1,tablet,0,4,0.88,1
T16722,M123,2026-07-30T06:22:34.808054,7719.47,6,1,Ahmedabad,Bengaluru,1,mobile,0,2,0.96,0
T16723,M136,2026-08-24T08:27:34.808062,2070.41,8,1,Jaipur,Pune,1,desktop,0,1,1.38,0
T16724,M128,2026-08-15T10:04:06.808071,21159.41,10,0,Jaipur,Chennai,1,desktop,0,1,1.06,0
T16725,M118,2026-07-29T14:18:46.808079,376.57,14,0,Mumbai,Pune,1,desktop,0,2,0.75,0
T16726,M111,2026-09-01T18:37:07.808087,23076.01,18,0,Bhubaneswar,Jaipur,1,tablet,0,1,1.15,0
T16727,M115,2026-08-04T01:17:15.808096,2423.64,1,0,Hyderabad,Ahmedabad,1,mobile,0,2,0.3,0
T16728,M113,2026-07-25T11:24:25.808104,23142.3,11,0,Pune,Pune,0,desktop,0,2,1.16,0
T16729,M123,2026-08-23T12:05:31.808112,8027.85,12,0,Kolkata,Kolkata,0,mobile,0,1,1.0,0
T16730,M130,2026-08-05T02:18:47.808120,1779.73,2,0,Chennai,Ahmedabad,1,mobile,0,1,1.19,0
T16731,M115,2026-09-02T16:09:05.808128,2971.37,16,0,Mumbai,Bengaluru,1,desktop,0,1,0.37,0
T16732,M129,2026-08-08T04:26:22.808136,641.73,4,1,Pune,Hyderabad,1,mobile,0,1,1.28,0
T16733,M120,2026-07-31T20:25:17.808144,2631.7,20,0,Jaipur,Ahmedabad,1,desktop,0,2,0.88,0
T16734,M126,2026-07-25T19:19:01.808152,5454.23,19,1,Pune,Jaipur,1,tablet,0,1,1.82,0
T16735,M115,2026-08-10T02:23:52.808160,8430.15,2,0,Delhi,Bhubaneswar,1,tablet,0,1,1.05,0
T16736,M116,2026-08-08T10:24:31.808167,44329.09,10,0,Kolkata,Chennai,1,tablet,0,8,14.78,1
T16737,M130,2026-08-24T00:45:59.808179,1646.51,0,0,Bengaluru,Pune,1,mobile,1,2,1.1,0
T16738,M120,2026-09-02T01:10:27.808187,3958.11,1,0,Chennai,Mumbai,1,mobile,0,4,1.32,0
T16739,M111,2026-07-25T14:31:08.808195,10776.57,14,0,Jaipur,Delhi,1,mobile,0,1,0.54,0
T16740,M114,2026-08-20T20:27:28.808203,442.54,20,0,Bhubaneswar,Pune,1,tablet,0,1,0.89,0
T16741,M108,2026-07-30T02:55:54.808211,1734.94,2,1,Hyderabad,Chennai,1,desktop,0,2,1.16,1
T16742,M136,2026-08-12T12:11:29.808219,2554.56,12,0,Delhi,Hyderabad,1,desktop,0,3,1.7,0
T16743,M129,2026-07-23T13:54:06.808227,565.12,13,0,Jaipur,Mumbai,1,desktop,0,2,1.13,0
T16744,M103,2026-08-26T12:47:52.808236,458.28,12,0,Jaipur,Hyderabad,1,mobile,0,1,0.92,0
T16745,M106,2026-08-24T00:04:41.808244,523.01,0,1,Chennai,Mumbai,1,desktop,0,1,1.05,1
T16746,M136,2026-09-04T02:22:08.808252,1511.59,2,1,Ahmedabad,Hyderabad,1,tablet,0,1,1.01,0
T16747,M122,2026-07-30T13:54:24.808262,369.52,13,0,Delhi,Delhi,0,mobile,0,4,0.74,0
T16748,M106,2026-07-29T16:57:58.808270,282.86,16,0,Kolkata,Pune,1,tablet,0,1,0.57,0
T16749,M130,2026-08-03T15:15:46.808278,1886.31,15,0,Bhubaneswar,Kolkata,1,tablet,0,1,1.26,0
T16750,M126,2026-09-05T00:39:02.808286,3947.81,0,1,Jaipur,Chennai,1,desktop,0,1,1.32,0
T16751,M105,2026-08-22T01:34:49.808294,19731.11,1,0,Bhubaneswar,Bhubaneswar,0,desktop,0,1,0.99,0
T16752,M115,2026-08-20T20:17:59.808302,7894.37,20,0,Bhubaneswar,Chennai,1,tablet,0,1,0.99,0
T16753,M119,2026-08-07T22:58:22.808310,1530.02,22,1,Jaipur,Chennai,1,desktop,0,1,0.19,0
T16754,M110,2026-08-31T06:26:21.808318,20005.57,6,1,Ahmedabad,Delhi,1,desktop,0,1,1.0,1
T16755,M102,2026-08-23T17:17:57.808326,1291.94,17,0,Bengaluru,Jaipur,1,desktop,0,1,0.86,0
T16756,M115,2026-08-13T13:46:08.808335,4282.37,13,0,Jaipur,Delhi,1,tablet,0,2,0.54,0
T16757,M114,2026-08-14T22:37:21.808346,650.36,22,1,Delhi,Delhi,0,mobile,0,1,1.3,0
T16758,M117,2026-08-05T10:42:41.808355,1352.85,10,0,Hyderabad,Bengaluru,1,desktop,0,1,0.9,0
T16759,M104,2026-08-19T07:33:36.808363,14212.95,7,1,Pune,Delhi,1,mobile,0,1,0.71,0
T16760,M108,2026-08-11T12:10:35.808371,889.02,12,0,Bengaluru,Delhi,1,desktop,0,1,0.59,0
T16761,M111,2026-08-25T00:33:47.808379,30695.2,0,0,Mumbai,Mumbai,0,mobile,0,1,1.53,0
T16762,M130,2026-08-23T03:57:44.808388,627.07,3,0,Hyderabad,Ahmedabad,1,desktop,0,1,0.42,0
T16763,M127,2026-08-30T07:05:49.808396,26270.23,7,0,Hyderabad,Delhi,1,desktop,0,1,1.31,0
T16764,M104,2026-08-27T01:15:46.808404,37783.59,1,1,Ahmedabad,Kolkata,1,tablet,0,3,1.89,1
T16765,M102,2026-08-03T11:44:37.808413,1886.63,11,0,Ahmedabad,Ahmedabad,0,mobile,0,1,1.26,0
T16766,M120,2026-08-25T12:06:59.808421,3779.57,12,0,Pune,Bhubaneswar,1,mobile,1,1,1.26,0
T16767,M122,2026-08-24T09:08:02.808430,175.68,9,1,Chennai,Bhubaneswar,1,desktop,0,1,0.35,0
T16768,M127,2026-09-03T06:32:55.808438,22537.88,6,0,Bhubaneswar,Jaipur,1,tablet,0,5,1.13,0
T16769,M109,2026-07-27T15:56:52.808446,16532.13,15,0,Mumbai,Ahmedabad,1,desktop,0,3,0.83,0
T16770,M136,2026-09-05T16:19:54.808454,1156.54,16,0,Ahmedabad,Mumbai,1,desktop,0,1,0.77,0
T16771,M129,2026-08-11T17:09:38.808462,632.38,17,0,Kolkata,Ahmedabad,1,tablet,0,1,1.26,0
T16772,M137,2026-08-11T00:54:38.808470,1101.68,0,1,Mumbai,Bengaluru,1,tablet,0,1,0.37,0
T16773,M131,2026-09-01T17:28:14.808478,789.37,17,0,Jaipur,Mumbai,1,desktop,1,1,1.58,0
T16774,M127,2026-07-31T17:22:48.808486,10469.27,17,0,Bengaluru,Ahmedabad,1,mobile,0,1,0.52,0
T16775,M116,2026-07-31T06:01:07.808494,1919.56,6,1,Pune,Chennai,1,desktop,0,1,0.64,0
T16776,M125,2026-08-16T13:33:06.808502,323.0,13,0,Bhubaneswar,Bhubaneswar,0,mobile,0,5,0.65,0
T16777,M114,2026-08-01T03:33:13.808512,469.57,3,1,Chennai,Chennai,0,mobile,0,1,0.94,0
T16778,M119,2026-08-25T13:00:48.808520,5108.71,13,0,Pune,Mumbai,1,desktop,0,1,0.64,0
T16779,M119,2026-08-25T05:52:24.808528,7410.86,5,1,Chennai,Delhi,1,desktop,0,4,0.93,1
T16780,M124,2026-08-29T06:34:00.808536,509.23,6,0,Mumbai,Mumbai,0,mobile,0,1,1.02,0
T16781,M128,2026-08-04T21:26:03.808544,4601.16,21,0,Delhi,Bengaluru,1,tablet,0,3,0.23,0
T16782,M125,2026-07-24T00:49:26.808552,288.32,0,1,Jaipur,Pune,1,desktop,0,1,0.58,0
T16783,M135,2026-08-24T08:30:15.808560,4271.6,8,0,Ahmedabad,Mumbai,1,tablet,0,3,1.42,0
T16784,M109,2026-08-05T08:47:24.808568,21677.39,8,1,Mumbai,Jaipur,1,tablet,0,1,1.08,0
T16785,M138,2026-08-12T13:26:46.808577,558.0,13,0,Kolkata,Ahmedabad,1,mobile,0,1,1.12,0
T16786,M127,2026-07-26T00:05:08.808585,201851.85,0,0,Jaipur,Pune,1,desktop,0,1,10.09,0
T16787,M122,2026-07-26T06:28:30.808595,594.33,6,1,Ahmedabad,Bhubaneswar,1,mobile,0,4,1.19,0
T16788,M138,2026-09-02T08:53:55.808603,412.96,8,1,Jaipur,Kolkata,1,desktop,0,1,0.83,0
T16789,M130,2026-07-29T19:16:55.808612,2053.69,19,0,Delhi,Kolkata,1,desktop,1,1,1.37,1
T16790,M129,2026-07-26T18:56:37.808620,502.39,18,0,Delhi,Bhubaneswar,1,tablet,0,1,1.0,0
T16791,M114,2026-07-23T20:55:20.808628,607.29,20,0,Chennai,Hyderabad,1,desktop,1,3,1.21,0
T16792,M125,2026-08-19T12:31:47.808636,634.99,12,0,Bhubaneswar,Hyderabad,1,mobile,0,1,1.27,0
T16793,M134,2026-08-16T05:54:56.808644,3714.7,5,1,Bengaluru,Chennai,1,mobile,0,1,1.24,0
T16794,M104,2026-07-24T16:29:25.808652,8825.66,16,0,Delhi,Bhubaneswar,1,desktop,1,2,0.44,0
T16795,M105,2026-08-17T16:21:45.808661,24855.79,16,0,Bengaluru,Bhubaneswar,1,tablet,0,1,1.24,0
T16796,M124,2026-08-29T13:04:42.808668,642.6,13,0,Jaipur,Delhi,1,tablet,0,1,1.29,0
T16797,M114,2026-08-31T12:45:28.808678,622.26,12,0,Hyderabad,Kolkata,1,tablet,0,1,1.24,0
T16798,M124,2026-09-03T11:15:33.808686,891.81,11,0,Bhubaneswar,Delhi,1,mobile,0,1,1.78,0
T16799,M104,2026-07-30T13:02:31.808694,31015.67,13,0,Bhubaneswar,Hyderabad,1,mobile,0,1,1.55,0
T16800,M124,2026-07-24T21:08:34.808702,583.42,21,0,Jaipur,Bhubaneswar,1,desktop,1,1,1.17,0
T16801,M129,2026-08-03T00:29:10.808712,222.51,0,1,Ahmedabad,Pune,1,desktop,0,4,0.45,1
T16802,M118,2026-08-23T05:27:55.808720,701.8,5,1,Pune,Bengaluru,1,mobile,1,1,1.4,1
T16803,M117,2026-08-28T02:55:46.808728,14592.12,2,0,Chennai,Bhubaneswar,1,desktop,0,1,9.73,0
T16804,M101,2026-08-20T18:57:13.808736,508.74,18,0,Pune,Pune,0,mobile,0,2,0.17,0
T16805,M118,2026-09-03T00:41:46.808744,467.23,0,1,Chennai,Bengaluru,1,mobile,1,1,0.93,1
T16806,M116,2026-07-27T09:58:40.808752,4566.42,9,0,Bengaluru,Pune,1,desktop,0,1,1.52,0
T16807,M113,2026-08-27T15:35:01.808762,11656.35,15,0,Hyderabad,Mumbai,1,desktop,0,1,0.58,0
T16808,M114,2026-07-28T05:30:07.808774,763.24,5,1,Ahmedabad,Bengaluru,1,mobile,1,1,1.53,1
T16809,M139,2026-07-25T14:51:12.808783,1920.69,14,0,Delhi,Hyderabad,1,tablet,0,3,1.28,0
T16810,M109,2026-07-26T16:49:12.808791,21242.65,16,0,Mumbai,Bhubaneswar,1,tablet,0,1,1.06,0
T16811,M137,2026-08-19T15:52:26.808799,2558.68,15,0,Hyderabad,Hyderabad,0,mobile,0,1,0.85,0
T16812,M138,2026-07-26T23:52:14.808807,313.14,23,1,Kolkata,Mumbai,1,mobile,0,1,0.63,1
T16813,M109,2026-08-19T06:26:55.808815,12012.79,6,1,Jaipur,Delhi,1,tablet,0,1,0.6,0
T16814,M133,2026-08-12T11:04:00.808823,3645.33,11,0,Pune,Jaipur,1,tablet,0,1,1.22,0
T16815,M128,2026-08-15T14:00:18.808832,29029.96,14,0,Bhubaneswar,Kolkata,1,tablet,0,1,1.45,0
T16816,M103,2026-07-31T15:38:20.808839,461.64,15,0,Hyderabad,Pune,1,tablet,1,1,0.92,0
T16817,M117,2026-08-16T22:58:23.808849,2114.31,22,0,Bhubaneswar,Bengaluru,1,tablet,0,2,1.41,0
T16818,M102,2026-08-31T04:37:36.808857,923.33,4,1,Bengaluru,Chennai,1,tablet,0,1,0.62,0
T16819,M124,2026-08-18T05:58:26.808865,518.69,5,0,Hyderabad,Kolkata,1,mobile,0,1,1.04,0
T16820,M139,2026-08-11T00:05:52.808873,1053.69,0,1,Jaipur,Delhi,1,desktop,0,1,0.7,0
T16821,M116,2026-09-04T01:51:56.808881,4120.15,1,1,Chennai,Pune,1,mobile,0,1,1.37,1
T16822,M112,2026-08-23T15:20:22.808889,1545.36,15,0,Chennai,Pune,1,tablet,0,1,1.03,0
T16823,M130,2026-08-09T10:29:19.808896,192.79,10,0,Bhubaneswar,Kolkata,1,desktop,1,2,0.13,0
T16824,M127,2026-08-10T21:00:10.808904,11703.78,21,0,Mumbai,Jaipur,1,tablet,1,1,0.59,0
T16825,M107,2026-07-25T09:02:52.808913,712.26,9,0,Kolkata,Delhi,1,mobile,0,1,1.42,0
T16826,M113,2026-09-01T02:27:35.808921,9226.81,2,0,Kolkata,Mumbai,1,desktop,0,3,0.46,0
T16827,M111,2026-07-31T14:53:56.808930,6900.14,14,0,Bhubaneswar,Pune,1,mobile,0,1,0.35,0
T16828,M101,2026-08-30T22:04:20.808938,2860.21,22,1,Chennai,Jaipur,1,tablet,0,2,0.95,0
T16829,M104,2026-08-17T20:56:16.808946,10156.69,20,0,Chennai,Pune,1,desktop,0,2,0.51,0
T16830,M108,2026-08-12T23:25:48.808954,878.82,23,1,Mumbai,Mumbai,0,tablet,0,1,0.59,0
T16831,M114,2026-08-23T11:10:29.808962,209.74,11,0,Hyderabad,Kolkata,1,desktop,0,4,0.42,0
T16832,M129,2026-08-14T17:31:11.808970,466.47,17,0,Hyderabad,Hyderabad,0,desktop,0,4,0.93,0
T16833,M103,2026-08-07T13:10:39.808977,711.94,13,0,Mumbai,Delhi,1,tablet,0,5,1.42,0
T16834,M118,2026-09-02T22:43:00.808985,609.48,22,1,Ahmedabad,Bengaluru,1,tablet,0,1,1.22,1
T16835,M114,2026-07-27T16:20:42.808993,407.0,16,0,Jaipur,Pune,1,mobile,0,2,0.81,0
T16836,M107,2026-09-01T02:24:48.809001,455.63,2,1,Pune,Bengaluru,1,desktop,0,1,0.91,1
T16837,M102,2026-08-13T14:11:25.809011,1223.87,14,0,Jaipur,Pune,1,desktop,0,1,0.82,0
T16838,M109,2026-07-24T13:04:09.809019,142899.15,13,0,Delhi,Jaipur,1,desktop,0,1,7.14,0
T16839,M125,2026-08-03T00:06:27.809027,619.48,0,1,Mumbai,Delhi,1,tablet,0,1,1.24,0
T16840,M128,2026-08-27T02:05:51.809035,19610.97,2,1,Jaipur,Bengaluru,1,desktop,0,1,0.98,1
T16841,M106,2026-08-29T14:16:17.809044,752.46,14,0,Delhi,Bhubaneswar,1,desktop,0,1,1.5,0
T16842,M108,2026-08-14T15:45:42.809052,1137.02,15,0,Bhubaneswar,Chennai,1,desktop,0,1,0.76,0
T16843,M133,2026-08-11T12:02:25.809060,3429.62,12,0,Hyderabad,Pune,1,desktop,0,1,1.14,0
T16844,M121,2026-08-14T08:43:49.809067,31618.25,8,0,Ahmedabad,Bengaluru,1,desktop,0,1,1.58,0
T16845,M112,2026-07-29T00:11:07.809075,2230.54,0,0,Bhubaneswar,Jaipur,1,mobile,0,1,1.49,0
T16846,M128,2026-08-16T21:12:52.809083,23570.43,21,0,Pune,Chennai,1,mobile,0,2,1.18,0
T16847,M137,2026-08-13T22:09:50.809093,3405.46,22,1,Mumbai,Chennai,1,tablet,0,1,1.14,0
T16848,M134,2026-08-17T21:12:48.809101,3412.69,21,0,Hyderabad,Bengaluru,1,mobile,0,1,1.14,0
T16849,M102,2026-08-11T08:04:00.809109,1357.06,8,1,Jaipur,Ahmedabad,1,desktop,0,1,0.9,0
T16850,M132,2026-08-05T21:00:53.809117,534.45,21,0,Mumbai,Bhubaneswar,1,tablet,0,1,1.07,0
T16851,M129,2026-08-11T18:27:34.809125,508.27,18,0,Delhi,Bhubaneswar,1,desktop,1,2,1.02,1
T16852,M128,2026-08-19T18:34:57.809133,22969.1,18,0,Ahmedabad,Jaipur,1,tablet,0,4,1.15,0
T16853,M131,2026-08-20T05:22:52.809141,753.31,5,1,Mumbai,Bhubaneswar,1,desktop,1,2,1.51,1
T16854,M111,2026-08-31T11:12:04.809149,31671.52,11,0,Jaipur,Hyderabad,1,tablet,0,1,1.58,0
T16855,M112,2026-08-11T14:16:42.809157,1590.4,14,0,Chennai,Mumbai,1,tablet,0,2,1.06,0
T16856,M109,2026-08-26T17:22:15.809165,27633.74,17,0,Ahmedabad,Chennai,1,desktop,0,3,1.38,0
T16857,M111,2026-07-30T00:12:35.809174,18386.46,0,0,Pune,Mumbai,1,desktop,0,1,0.92,0
T16858,M133,2026-09-01T06:37:51.809182,2246.35,6,0,Mumbai,Pune,1,tablet,0,1,0.75,0
T16859,M101,2026-07-29T04:28:27.809190,1802.84,4,1,Bhubaneswar,Bengaluru,1,mobile,1,1,0.6,1
T16860,M106,2026-08-06T08:52:13.809201,757.1,8,1,Jaipur,Jaipur,0,mobile,0,2,1.51,0
T16861,M111,2026-08-24T00:45:31.809211,8263.34,0,0,Bengaluru,Jaipur,1,tablet,0,3,0.41,0
T16862,M136,2026-08-11T13:22:23.809219,1010.4,13,0,Jaipur,Pune,1,mobile,0,1,0.67,0
T16863,M111,2026-07-30T07:45:07.809227,62704.32,7,0,Pune,Bhubaneswar,1,tablet,1,1,3.14,0
T16864,M100,2026-07-31T14:23:21.809236,598.02,14,0,Mumbai,Hyderabad,1,mobile,1,1,1.2,0
T16865,M112,2026-08-14T12:20:49.809246,1324.9,12,0,Mumbai,Mumbai,0,desktop,0,1,0.88,0
T16866,M117,2026-07-30T04:43:17.809254,1109.48,4,0,Pune,Pune,0,desktop,0,1,0.74,0
T16867,M100,2026-07-24T20:00:05.809264,436.38,20,0,Jaipur,Bengaluru,1,tablet,1,1,0.87,0
T16868,M137,2026-07-28T20:57:32.809272,3316.9,20,1,Mumbai,Jaipur,1,desktop,0,1,1.11,0
T16869,M107,2026-08-20T02:06:26.809281,776.28,2,1,Chennai,Mumbai,1,desktop,0,1,1.55,1
T16870,M107,2026-08-16T17:08:05.809289,579.92,17,0,Bengaluru,Bhubaneswar,1,desktop,0,1,1.16,0
T16871,M112,2026-09-03T14:49:00.809297,1777.14,14,0,Delhi,Hyderabad,1,tablet,0,1,1.18,0
T16872,M134,2026-08-07T06:26:45.809307,5047.21,6,1,Chennai,Bengaluru,1,desktop,0,1,1.68,0
T16873,M117,2026-08-29T22:22:57.809315,990.2,22,0,Bhubaneswar,Delhi,1,desktop,0,2,0.66,0
T16874,M138,2026-08-31T22:32:01.809323,604.38,22,1,Delhi,Mumbai,1,desktop,0,1,1.21,0
T16875,M111,2026-08-31T11:05:33.809331,14029.43,11,0,Jaipur,Delhi,1,desktop,1,4,0.7,0
T16876,M107,2026-08-26T12:59:10.809339,334.01,12,0,Delhi,Bhubaneswar,1,tablet,0,1,0.67,0
T16877,M105,2026-08-15T13:27:47.809349,10542.52,13,0,Mumbai,Delhi,1,tablet,0,2,0.53,0
T16878,M106,2026-07-28T05:39:29.809357,292.54,5,1,Delhi,Kolkata,1,tablet,0,1,0.59,0
T16879,M107,2026-09-05T20:42:15.809365,8991.86,20,0,Chennai,Jaipur,1,tablet,0,1,17.98,0
T16880,M122,2026-08-10T11:02:36.809373,2507.05,11,0,Jaipur,Hyderabad,1,tablet,0,1,5.01,0
T16881,M123,2026-07-30T00:50:20.809382,6635.64,0,1,Bhubaneswar,Hyderabad,1,tablet,0,1,0.83,0
T16882,M108,2026-07-25T11:39:12.809390,1463.89,11,0,Kolkata,Ahmedabad,1,tablet,1,2,0.98,0
T16883,M104,2026-09-04T08:51:39.809398,8610.96,8,1,Ahmedabad,Bhubaneswar,1,desktop,0,2,0.43,0
T16884,M101,2026-08-08T21:25:50.809406,4299.83,21,0,Hyderabad,Hyderabad,0,tablet,0,2,1.43,0
T16885,M129,2026-08-31T02:39:24.809414,4223.42,2,1,Mumbai,Kolkata,1,tablet,0,1,8.45,1
T16886,M135,2026-09-01T18:19:18.809423,2450.72,18,0,Mumbai,Bengaluru,1,tablet,0,1,0.82,0
T16887,M117,2026-07-23T16:06:05.809432,1614.93,16,0,Delhi,Kolkata,1,desktop,0,2,1.08,0
T16888,M103,2026-07-27T20:37:55.809441,410.35,20,1,Bengaluru,Pune,1,tablet,0,1,0.82,0
T16889,M126,2026-07-23T15:06:57.809449,4156.98,15,0,Bhubaneswar,Jaipur,1,mobile,0,2,1.39,0
T16890,M130,2026-07-24T17:16:10.809456,962.68,17,0,Ahmedabad,Delhi,1,desktop,0,1,0.64,0
T16891,M132,2026-07-27T14:44:43.809464,776.43,14,0,Hyderabad,Hyderabad,0,desktop,0,4,1.55,0
T16892,M119,2026-08-31T17:00:56.809473,9137.51,17,0,Bhubaneswar,Ahmedabad,1,tablet,0,1,1.14,0
T16893,M111,2026-09-05T03:34:21.809481,30626.3,3,0,Mumbai,Jaipur,1,desktop,0,1,1.53,0
T16894,M116,2026-08-08T09:37:26.809489,2873.53,9,0,Chennai,Mumbai,1,desktop,0,1,0.96,0
T16895,M139,2026-08-31T12:29:51.809497,1444.7,12,0,Bhubaneswar,Ahmedabad,1,tablet,0,1,0.96,0
T16896,M122,2026-07-24T16:16:09.809505,497.2,16,0,Chennai,Bhubaneswar,1,tablet,0,3,0.99,0
T16897,M137,2026-08-10T01:14:47.809515,5449.99,1,1,Pune,Chennai,1,tablet,0,1,1.82,0
T16898,M106,2026-08-31T03:05:18.809523,204.52,3,1,Bhubaneswar,Chennai,1,desktop,0,3,0.41,0
T16899,M109,2026-08-22T06:51:31.809531,23617.63,6,1,Pune,Jaipur,1,desktop,0,5,1.18,0
T16900,M138,2026-09-01T01:54:04.809539,4303.14,1,1,Pune,Pune,0,mobile,0,1,8.61,0
T16901,M128,2026-08-17T18:59:45.809548,13211.97,18,0,Kolkata,Chennai,1,mobile,0,3,0.66,0
T16902,M110,2026-08-16T13:36:50.809555,18609.23,13,0,Pune,Bhubaneswar,1,mobile,0,1,0.93,0
T16903,M132,2026-08-20T16:26:52.809563,436.45,16,0,Chennai,Kolkata,1,mobile,0,1,0.87,0
T16904,M124,2026-08-09T21:56:23.809571,681.36,21,0,Kolkata,Hyderabad,1,mobile,0,1,1.36,0
T16905,M112,2026-08-01T19:44:26.809579,492.33,19,0,Mumbai,Delhi,1,desktop,0,1,0.33,0
T16906,M123,2026-09-01T14:59:07.809587,10845.81,14,0,Chennai,Delhi,1,desktop,1,4,1.36,1
T16907,M113,2026-08-08T12:10:05.809596,19256.85,12,0,Bengaluru,Jaipur,1,mobile,0,2,0.96,0
T16908,M109,2026-08-09T21:11:19.809604,20471.55,21,0,Delhi,Kolkata,1,mobile,1,2,1.02,1
T16909,M123,2026-08-12T04:40:26.809612,1537.29,4,1,Pune,Ahmedabad,1,desktop,0,1,0.19,0
T16910,M122,2026-08-08T12:17:20.809621,401.49,12,0,Mumbai,Kolkata,1,tablet,0,2,0.8,0
T16911,M114,2026-08-21T21:15:39.809629,494.58,21,0,Bengaluru,Chennai,1,tablet,1,1,0.99,0
T16912,M118,2026-08-01T17:48:37.809637,104.42,17,0,Pune,Delhi,1,desktop,0,1,0.21,0
T16913,M131,2026-08-21T01:05:34.809645,707.56,1,1,Ahmedabad,Ahmedabad,0,tablet,0,1,1.42,0
T16914,M115,2026-08-12T02:58:18.809653,7928.07,2,0,Ahmedabad,Jaipur,1,desktop,0,1,0.99,0
T16915,M113,2026-08-05T17:14:04.809661,17295.0,17,0,Pune,Mumbai,1,mobile,0,1,0.86,0
T16916,M106,2026-08-12T18:41:38.809669,330.1,18,0,Chennai,Bhubaneswar,1,tablet,0,3,0.66,0
T16917,M125,2026-07-28T06:54:29.809678,179.26,6,1,Chennai,Kolkata,1,desktop,1,1,0.36,1
T16918,M133,2026-08-24T10:39:15.809686,5276.03,10,0,Chennai,Kolkata,1,mobile,0,1,1.76,0
T16919,M110,2026-09-03T18:42:51.809695,15802.14,18,0,Jaipur,Kolkata,1,desktop,0,1,0.79,0
T16920,M109,2026-07-27T05:22:37.809702,12081.81,5,1,Pune,Kolkata,1,desktop,1,1,0.6,0
T16921,M102,2026-08-15T17:02:16.809710,1665.36,17,0,Ahmedabad,Ahmedabad,0,mobile,0,3,1.11,0
T16922,M128,2026-08-11T23:58:12.809718,25513.99,23,1,Kolkata,Pune,1,tablet,1,2,1.28,1
T16923,M107,2026-08-12T05:15:38.809726,570.43,5,1,Bengaluru,Bengaluru,0,desktop,0,1,1.14,0
T16924,M108,2026-08-31T16:28:29.809734,1898.33,16,0,Chennai,Pune,1,tablet,0,1,1.27,0
T16925,M105,2026-08-14T02:23:00.809742,34980.45,2,0,Jaipur,Bengaluru,1,desktop,0,1,1.75,0
T16926,M101,2026-08-20T01:33:08.809750,771.84,1,1,Ahmedabad,Jaipur,1,mobile,0,4,0.26,0
T16927,M101,2026-08-15T19:58:52.809759,1476.55,19,0,Hyderabad,Hyderabad,0,tablet,0,1,0.49,0
T16928,M130,2026-07-23T10:49:20.809767,898.94,10,0,Mumbai,Jaipur,1,desktop,0,1,0.6,0
T16929,M124,2026-07-25T18:48:04.809777,814.91,18,0,Kolkata,Bengaluru,1,desktop,0,8,1.63,0
T16930,M126,2026-08-27T23:23:51.809785,2609.0,23,1,Mumbai,Jaipur,1,tablet,0,1,0.87,0
T16931,M135,2026-08-25T14:51:25.809794,2809.97,14,0,Mumbai,Chennai,1,mobile,0,2,0.94,0
T16932,M124,2026-07-26T14:27:16.809803,274.24,14,0,Delhi,Hyderabad,1,mobile,0,1,0.55,0
T16933,M112,2026-08-19T19:52:20.809811,2018.46,19,0,Delhi,Mumbai,1,desktop,0,2,1.35,0
T16934,M100,2026-08-07T06:11:54.809819,628.34,6,1,Bhubaneswar,Jaipur,1,tablet,0,2,1.26,0
T16935,M116,2026-08-29T22:55:24.809827,1867.77,22,1,Mumbai,Bengaluru,1,desktop,0,2,0.62,0
T16936,M113,2026-08-18T03:09:15.809837,9091.38,3,0,Hyderabad,Pune,1,tablet,1,1,0.45,0
T16937,M117,2026-08-08T08:01:42.809846,905.87,8,0,Jaipur,Bhubaneswar,1,mobile,0,1,0.6,0
T16938,M112,2026-08-23T15:26:20.809855,1786.48,15,0,Pune,Bengaluru,1,desktop,0,1,1.19,0
T16939,M128,2026-08-23T01:33:00.809863,21573.27,1,1,Chennai,Pune,1,tablet,0,1,1.08,0
T16940,M103,2026-08-09T09:43:58.809870,685.39,9,1,Hyderabad,Ahmedabad,1,tablet,0,1,1.37,0
T16941,M129,2026-08-03T18:09:30.809878,654.37,18,0,Hyderabad,Jaipur,1,desktop,0,1,1.31,0
T16942,M121,2026-08-13T17:03:31.809886,32525.32,17,0,Delhi,Pune,1,tablet,0,1,1.63,0
T16943,M107,2026-09-02T04:38:07.809894,579.66,4,1,Bhubaneswar,Bengaluru,1,mobile,0,2,1.16,0
T16944,M115,2026-08-04T16:54:57.809902,8938.17,16,0,Delhi,Bengaluru,1,mobile,0,3,1.12,0
T16945,M108,2026-08-31T19:19:00.809910,1092.58,19,1,Jaipur,Kolkata,1,mobile,0,1,0.73,0
T16946,M108,2026-08-30T05:52:12.809918,13530.66,5,1,Pune,Kolkata,1,desktop,0,2,9.02,1
T16947,M107,2026-08-24T18:59:52.809928,292.58,18,0,Ahmedabad,Kolkata,1,tablet,0,1,0.59,0
T16948,M136,2026-08-10T17:05:44.809936,2258.4,17,0,Chennai,Hyderabad,1,tablet,1,3,1.51,0
T16949,M114,2026-08-05T11:24:32.809944,566.06,11,0,Ahmedabad,Delhi,1,desktop,0,2,1.13,0
T16950,M127,2026-08-02T00:36:26.809952,20040.39,0,0,Delhi,Mumbai,1,tablet,0,1,1.0,0
T16951,M113,2026-07-26T08:49:05.809961,21561.79,8,0,Mumbai,Hyderabad,1,desktop,0,1,1.08,0
T16952,M114,2026-07-24T21:33:28.809968,301.48,21,0,Hyderabad,Pune,1,mobile,0,1,0.6,0
T16953,M102,2026-08-11T10:14:27.809976,1337.13,10,0,Bhubaneswar,Pune,1,tablet,0,1,0.89,0
T16954,M135,2026-08-08T00:23:13.809984,4029.22,0,0,Kolkata,Jaipur,1,tablet,0,1,1.34,0
T16955,M104,2026-09-03T13:40:05.809992,3790.52,13,0,Hyderabad,Kolkata,1,desktop,0,1,0.19,0
T16956,M116,2026-08-10T18:21:28.810000,1024.05,18,0,Kolkata,Jaipur,1,mobile,0,1,0.34,0
T16957,M131,2026-08-02T03:01:58.810010,815.04,3,1,Hyderabad,Jaipur,1,desktop,0,2,1.63,0
T16958,M117,2026-08-03T06:20:29.810018,952.0,6,0,Bengaluru,Pune,1,tablet,0,1,0.63,0
T16959,M121,2026-08-29T21:27:10.810031,19652.04,21,0,Bengaluru,Jaipur,1,mobile,0,1,0.98,0
T16960,M116,2026-07-31T08:08:18.810039,4295.83,8,1,Jaipur,Mumbai,1,desktop,0,2,1.43,0
T16961,M137,2026-08-23T11:31:00.810049,3910.44,11,0,Jaipur,Bhubaneswar,1,tablet,1,1,1.3,0
T16962,M127,2026-08-31T22:02:10.810057,29433.71,22,0,Ahmedabad,Pune,1,tablet,1,4,1.47,0
T16963,M137,2026-08-18T19:27:45.810065,3455.19,19,1,Kolkata,Ahmedabad,1,desktop,1,2,1.15,1
T16964,M116,2026-07-31T19:07:11.810073,1411.43,19,0,Kolkata,Pune,1,desktop,1,2,0.47,0
T16965,M137,2026-09-04T05:00:34.810081,3210.0,5,1,Hyderabad,Hyderabad,0,tablet,0,1,1.07,0
T16966,M113,2026-09-04T13:56:17.810089,14835.1,13,0,Delhi,Kolkata,1,desktop,0,1,0.74,0
T16967,M128,2026-08-23T15:20:47.810100,23232.7,15,0,Jaipur,Mumbai,1,desktop,0,1,1.16,0
T16968,M122,2026-08-30T04:56:57.810107,583.35,4,1,Chennai,Bhubaneswar,1,mobile,0,1,1.17,0
T16969,M120,2026-08-19T18:00:37.810116,3540.21,18,0,Jaipur,Bhubaneswar,1,mobile,0,1,1.18,0
T16970,M130,2026-08-10T20:50:18.810123,1561.38,20,0,Chennai,Kolkata,1,mobile,0,1,1.04,0
T16971,M120,2026-08-27T14:03:29.810131,1793.7,14,0,Chennai,Delhi,1,tablet,0,1,0.6,0
T16972,M119,2026-08-29T10:12:08.810139,7232.2,10,0,Kolkata,Hyderabad,1,mobile,0,1,0.9,0
T16973,M113,2026-09-05T20:12:29.810147,188612.54,20,0,Pune,Ahmedabad,1,tablet,0,2,9.43,0
T16974,M130,2026-08-18T18:30:39.810155,1055.33,18,0,Kolkata,Mumbai,1,mobile,1,3,0.7,0
T16975,M110,2026-08-05T10:51:13.810164,25324.08,10,0,Kolkata,Delhi,1,desktop,0,3,1.27,0
T16976,M132,2026-09-02T15:03:10.810171,825.02,15,0,Delhi,Jaipur,1,tablet,0,1,1.65,0
T16977,M113,2026-08-25T12:19:18.810182,8847.61,12,0,Kolkata,Bengaluru,1,tablet,0,1,0.44,0
T16978,M114,2026-08-15T12:49:56.810191,649.39,12,0,Bengaluru,Hyderabad,1,mobile,0,1,1.3,0
T16979,M115,2026-07-30T09:17:13.810199,9967.32,9,0,Bengaluru,Bengaluru,0,desktop,1,1,1.25,0
T16980,M120,2026-08-18T05:22:07.810207,2921.32,5,0,Bengaluru,Pune,1,tablet,0,1,0.97,0
T16981,M128,2026-07-26T03:06:53.810215,7278.09,3,1,Delhi,Delhi,0,desktop,1,1,0.36,0
T16982,M107,2026-08-10T15:00:01.810223,589.63,15,0,Hyderabad,Jaipur,1,mobile,0,1,1.18,0
T16983,M129,2026-08-16T19:40:32.810231,791.75,19,0,Delhi,Delhi,0,tablet,0,2,1.58,0
T16984,M114,2026-08-25T07:23:10.810238,424.72,7,1,Chennai,Mumbai,1,mobile,0,1,0.85,0
T16985,M132,2026-09-04T01:07:24.810246,163.99,1,0,Pune,Jaipur,1,tablet,0,1,0.33,0
T16986,M113,2026-08-10T04:21:38.810254,18271.67,4,0,Jaipur,Pune,1,tablet,0,1,0.91,0
T16987,M123,2026-08-22T12:05:30.810264,7102.15,12,0,Bhubaneswar,Bengaluru,1,tablet,1,1,0.89,0
T16988,M127,2026-08-13T21:31:51.810272,14645.46,21,0,Jaipur,Jaipur,0,mobile,0,1,0.73,0
T16989,M137,2026-09-01T01:50:20.810280,4829.73,1,1,Chennai,Delhi,1,mobile,0,2,1.61,0
T16990,M111,2026-08-11T04:18:33.810288,11703.12,4,0,Bhubaneswar,Chennai,1,desktop,0,1,0.59,0
T16991,M109,2026-07-24T03:38:29.810296,7144.63,3,1,Bengaluru,Ahmedabad,1,mobile,0,1,0.36,0
T16992,M108,2026-07-27T12:14:09.810305,774.73,12,0,Chennai,Chennai,0,tablet,0,1,0.52,0
T16993,M127,2026-07-26T20:10:48.810313,42091.76,20,0,Mumbai,Pune,1,mobile,0,1,2.1,0
T16994,M107,2026-08-19T21:34:39.810321,612.01,21,0,Pune,Bengaluru,1,mobile,0,1,1.22,0
T16995,M122,2026-08-11T16:14:12.810329,534.59,16,0,Chennai,Hyderabad,1,desktop,0,1,1.07,0
T16996,M109,2026-08-27T02:20:57.810336,22225.13,2,1,Pune,Chennai,1,desktop,1,3,1.11,1
T16997,M126,2026-08-29T23:32:31.810346,2981.57,23,1,Hyderabad,Ahmedabad,1,mobile,0,1,0.99,0
T16998,M123,2026-08-26T17:50:03.810354,10670.66,17,0,Hyderabad,Jaipur,1,tablet,0,4,1.33,0
T16999,M128,2026-08-18T23:09:28.810364,13674.73,23,1,Hyderabad,Ahmedabad,1,mobile,0,5,0.68,1
T17000,M135,2026-08-09T00:05:59.810372,4124.03,0,0,Delhi,Delhi,0,tablet,0,2,1.37,0
T17001,M132,2026-08-19T04:31:47.810380,254.43,4,0,Pune,Jaipur,1,mobile,0,1,0.51,0
T17002,M127,2026-07-29T17:45:13.810388,20481.68,17,0,Mumbai,Jaipur,1,tablet,0,1,1.02,0
T17003,M122,2026-09-02T15:28:24.810396,635.08,15,0,Bengaluru,Delhi,1,mobile,0,4,1.27,0
T17004,M131,2026-08-26T07:23:16.810404,575.94,7,1,Mumbai,Kolkata,1,tablet,0,1,1.15,0
T17005,M137,2026-07-24T20:35:52.810412,933.32,20,1,Hyderabad,Ahmedabad,1,mobile,1,3,0.31,1
T17006,M104,2026-09-05T22:57:13.810420,28343.0,22,1,Delhi,Mumbai,1,mobile,0,2,1.42,0
T17007,M113,2026-08-14T20:23:28.810429,19112.34,20,0,Jaipur,Hyderabad,1,desktop,0,5,0.96,0
T17008,M107,2026-08-27T02:57:43.810437,2331.96,2,1,Bengaluru,Kolkata,1,tablet,0,1,4.66,1
T17009,M110,2026-08-22T07:13:18.810446,15255.61,7,1,Kolkata,Bhubaneswar,1,mobile,0,3,0.76,0
T17010,M106,2026-08-03T06:13:17.810454,401.99,6,1,Jaipur,Ahmedabad,1,desktop,0,1,0.8,0
T17011,M125,2026-07-29T08:25:53.810462,890.85,8,1,Delhi,Delhi,0,tablet,0,1,1.78,0
T17012,M133,2026-08-18T08:43:45.810472,2450.57,8,0,Pune,Jaipur,1,mobile,0,1,0.82,0
T17013,M118,2026-08-13T16:08:58.810480,667.06,16,0,Jaipur,Jaipur,0,mobile,0,1,1.33,0
T17014,M138,2026-08-17T06:28:52.810487,402.15,6,1,Bhubaneswar,Delhi,1,desktop,0,1,0.8,0
T17015,M110,2026-08-23T05:03:21.810495,20040.26,5,1,Bhubaneswar,Bengaluru,1,tablet,0,1,1.0,0
T17016,M113,2026-09-03T19:08:49.810503,17494.29,19,0,Chennai,Chennai,0,mobile,0,2,0.87,0
T17017,M120,2026-08-09T01:46:31.810513,2928.66,1,0,Chennai,Delhi,1,mobile,0,1,0.98,0
T17018,M130,2026-07-24T15:39:34.810521,1601.5,15,0,Bhubaneswar,Bhubaneswar,0,mobile,0,1,1.07,0
T17019,M106,2026-08-14T21:41:20.810529,387.63,21,0,Ahmedabad,Jaipur,1,tablet,0,1,0.78,0
T17020,M124,2026-09-05T10:06:32.810536,660.39,10,0,Pune,Chennai,1,desktop,0,1,1.32,0
T17021,M123,2026-08-03T04:02:55.810545,8166.48,4,1,Ahmedabad,Hyderabad,1,mobile,0,3,1.02,1
T17022,M122,2026-08-01T18:07:14.810552,353.52,18,0,Ahmedabad,Delhi,1,mobile,0,3,0.71,0
T17023,M104,2026-08-06T01:47:43.810561,21862.48,1,1,Hyderabad,Kolkata,1,tablet,1,1,1.09,0
T17024,M106,2026-08-29T16:30:38.810568,614.05,16,0,Pune,Hyderabad,1,desktop,0,2,1.23,0
T17025,M101,2026-08-16T15:40:00.810577,3868.53,15,0,Pune,Hyderabad,1,tablet,0,8,1.29,0
T17026,M127,2026-08-24T04:50:04.810585,19799.91,4,0,Ahmedabad,Chennai,1,tablet,0,1,0.99,0
T17027,M108,2026-08-12T18:59:38.810594,1739.08,18,0,Ahmedabad,Kolkata,1,tablet,0,1,1.16,0
T17028,M136,2026-08-22T13:43:34.810602,1136.82,13,0,Mumbai,Chennai,1,tablet,0,1,0.76,0
T17029,M101,2026-08-07T21:28:32.810610,23890.63,21,0,Pune,Delhi,1,desktop,0,1,7.96,0
T17030,M103,2026-08-03T18:21:51.810618,691.14,18,0,Bengaluru,Ahmedabad,1,mobile,0,3,1.38,0
T17031,M102,2026-07-25T19:36:17.810626,1248.64,19,0,Bhubaneswar,Delhi,1,desktop,1,2,0.83,0
T17032,M123,2026-08-03T20:49:06.810634,4200.37,20,1,Ahmedabad,Chennai,1,mobile,0,1,0.53,0
T17033,M136,2026-08-13T10:05:14.810642,1777.76,10,0,Hyderabad,Delhi,1,tablet,0,2,1.19,0
T17034,M120,2026-08-28T07:11:20.810650,3930.53,7,0,Bhubaneswar,Jaipur,1,mobile,0,1,1.31,0
T17035,M129,2026-07-23T01:38:33.810658,4016.8,1,1,Delhi,Jaipur,1,tablet,0,1,8.03,1
T17036,M131,2026-08-27T10:39:22.810667,224.58,10,0,Jaipur,Jaipur,0,desktop,0,2,0.45,0
T17037,M103,2026-08-25T08:02:24.810677,866.46,8,1,Pune,Ahmedabad,1,tablet,0,1,1.73,0
T17038,M135,2026-08-04T05:35:45.810685,4739.12,5,0,Mumbai,Bhubaneswar,1,mobile,0,4,1.58,0
T17039,M125,2026-07-31T15:04:40.810694,6301.83,15,0,Ahmedabad,Bengaluru,1,tablet,0,5,12.6,1
T17040,M137,2026-08-22T10:17:17.810702,2830.77,10,0,Bengaluru,Jaipur,1,tablet,1,1,0.94,0
T17041,M112,2026-08-27T00:48:01.810710,1733.96,0,0,Mumbai,Bengaluru,1,desktop,0,1,1.16,0
T17042,M109,2026-09-01T10:40:14.810718,27379.52,10,0,Pune,Delhi,1,tablet,0,3,1.37,0
T17043,M133,2026-07-27T02:59:50.810726,1935.24,2,0,Ahmedabad,Ahmedabad,0,mobile,0,1,0.65,0
T17044,M129,2026-08-17T18:44:45.810734,547.58,18,0,Delhi,Bengaluru,1,mobile,0,1,1.1,0
T17045,M120,2026-07-29T17:02:13.810742,3828.62,17,0,Mumbai,Delhi,1,tablet,0,1,1.28,0
T17046,M115,2026-09-05T12:34:32.810749,10199.64,12,0,Jaipur,Mumbai,1,mobile,0,1,1.27,0
T17047,M112,2026-08-28T05:23:51.810759,1543.1,5,0,Kolkata,Pune,1,mobile,0,4,1.03,0
T17048,M128,2026-08-30T22:55:41.810767,15370.21,22,1,Mumbai,Pune,1,tablet,0,1,0.77,0
T17049,M104,2026-08-21T11:54:06.810775,14493.56,11,0,Ahmedabad,Delhi,1,desktop,0,1,0.72,0
T17050,M107,2026-07-27T00:51:54.810783,571.14,0,1,Pune,Mumbai,1,tablet,0,2,1.14,1
T17051,M121,2026-07-25T21:14:09.810791,19487.96,21,0,Delhi,Bengaluru,1,tablet,0,1,0.97,0
T17052,M133,2026-07-31T19:30:05.810799,1290.99,19,0,Mumbai,Bhubaneswar,1,desktop,0,1,0.43,0
T17053,M106,2026-08-05T18:58:29.810807,720.14,18,0,Hyderabad,Ahmedabad,1,mobile,0,1,1.44,0
T17054,M119,2026-07-28T22:15:01.810815,7817.36,22,1,Delhi,Ahmedabad,1,desktop,0,2,0.98,0
T17055,M135,2026-08-03T00:42:30.810823,4871.89,0,0,Chennai,Jaipur,1,tablet,1,1,1.62,0
T17056,M110,2026-08-14T16:33:31.810832,17050.21,16,0,Bengaluru,Chennai,1,desktop,0,1,0.85,0
T17057,M111,2026-08-29T03:07:33.810842,24939.06,3,0,Hyderabad,Chennai,1,desktop,0,1,1.25,0
T17058,M136,2026-09-02T06:49:31.810850,2124.5,6,1,Kolkata,Hyderabad,1,tablet,0,1,1.42,1
T17059,M123,2026-08-17T14:19:32.810858,9567.91,14,0,Jaipur,Jaipur,0,mobile,0,1,1.2,0
T17060,M105,2026-08-14T20:26:07.810866,28591.38,20,0,Ahmedabad,Kolkata,1,desktop,1,3,1.43,0
T17061,M103,2026-09-02T07:10:22.810874,475.26,7,1,Kolkata,Delhi,1,mobile,0,1,0.95,0
T17062,M101,2026-08-14T22:37:00.810883,3502.61,22,1,Jaipur,Kolkata,1,tablet,0,1,1.17,0
T17063,M129,2026-08-18T00:42:26.810893,7598.66,0,1,Jaipur,Kolkata,1,mobile,0,3,15.2,0
T17064,M133,2026-08-07T09:51:05.810904,3055.2,9,0,Mumbai,Ahmedabad,1,desktop,0,4,1.02,0
T17065,M119,2026-08-03T11:53:56.810913,13062.01,11,0,Chennai,Chennai,0,desktop,0,2,1.63,0
T17066,M126,2026-08-29T10:32:57.810921,3528.3,10,0,Jaipur,Delhi,1,tablet,0,2,1.18,0
T17067,M112,2026-08-05T13:12:24.810931,2742.96,13,0,Bhubaneswar,Chennai,1,mobile,0,1,1.83,0
T17068,M139,2026-07-30T17:16:22.810939,841.96,17,0,Delhi,Hyderabad,1,desktop,0,1,0.56,0
T17069,M126,2026-07-28T16:33:20.810947,3319.02,16,0,Kolkata,Mumbai,1,mobile,0,1,1.11,0
T17070,M131,2026-08-16T08:09:23.810955,162.05,8,1,Bhubaneswar,Ahmedabad,1,tablet,0,2,0.32,0
T17071,M136,2026-09-02T10:38:09.810963,1865.87,10,0,Bhubaneswar,Mumbai,1,desktop,0,4,1.24,0
T17072,M119,2026-07-25T08:28:24.810971,8418.5,8,1,Kolkata,Bengaluru,1,tablet,0,1,1.05,0
T17073,M126,2026-08-26T04:56:17.810979,2641.41,4,1,Kolkata,Mumbai,1,desktop,1,3,0.88,1
T17074,M136,2026-07-24T06:26:52.810987,2680.83,6,1,Pune,Bengaluru,1,tablet,0,1,1.79,0
T17075,M129,2026-08-22T23:21:55.810996,333.23,23,1,Mumbai,Ahmedabad,1,tablet,1,1,0.67,1
T17076,M111,2026-08-05T00:19:02.811004,23599.2,0,0,Delhi,Ahmedabad,1,desktop,0,8,1.18,0
T17077,M128,2026-08-28T22:41:57.811013,12607.42,22,1,Bhubaneswar,Mumbai,1,desktop,0,3,0.63,0
T17078,M103,2026-07-28T14:49:33.811021,446.49,14,0,Jaipur,Kolkata,1,desktop,0,1,0.89,0
T17079,M120,2026-07-25T05:06:58.811029,2367.76,5,0,Delhi,Hyderabad,1,desktop,0,5,0.79,0
T17080,M117,2026-09-01T17:05:32.811037,323.84,17,0,Pune,Mumbai,1,mobile,0,2,0.22,0
T17081,M101,2026-07-23T12:13:50.811045,3170.34,12,0,Jaipur,Jaipur,0,mobile,0,3,1.06,0
T17082,M103,2026-07-26T23:12:04.811053,569.54,23,1,Delhi,Pune,1,mobile,1,1,1.14,0
T17083,M127,2026-08-25T06:10:32.811061,23497.78,6,0,Pune,Ahmedabad,1,desktop,0,1,1.17,0
T17084,M127,2026-09-03T23:02:11.811069,592.62,23,0,Mumbai,Mumbai,0,desktop,0,2,0.03,0
T17085,M132,2026-08-13T18:05:50.811077,148.57,18,0,Bhubaneswar,Chennai,1,tablet,1,1,0.3,0
T17086,M107,2026-08-22T16:50:49.811085,444.88,16,0,Jaipur,Delhi,1,desktop,0,1,0.89,0
T17087,M129,2026-07-26T10:26:38.811094,579.33,10,0,Mumbai,Bhubaneswar,1,tablet,0,1,1.16,0
T17088,M107,2026-08-15T11:38:25.811102,688.27,11,0,Delhi,Jaipur,1,tablet,0,3,1.38,0
T17089,M124,2026-07-24T00:50:10.811110,482.09,0,0,Ahmedabad,Delhi,1,mobile,0,4,0.96,0
T17090,M128,2026-08-08T16:49:21.811118,9895.49,16,0,Ahmedabad,Jaipur,1,mobile,1,2,0.49,0
T17091,M103,2026-08-30T01:21:29.811126,433.72,1,1,Hyderabad,Chennai,1,tablet,0,1,0.87,0
T17092,M133,2026-08-17T07:53:53.811134,1326.65,7,0,Bhubaneswar,Delhi,1,mobile,0,1,0.44,0
T17093,M127,2026-08-10T08:05:44.811142,38893.87,8,0,Hyderabad,Pune,1,desktop,0,1,1.94,0
T17094,M132,2026-07-26T07:38:34.811149,171.84,7,0,Mumbai,Mumbai,0,desktop,0,4,0.34,0
T17095,M125,2026-08-07T23:02:18.811157,418.01,23,1,Hyderabad,Ahmedabad,1,mobile,0,1,0.84,0
T17096,M138,2026-08-20T09:30:20.811165,618.72,9,1,Bengaluru,Chennai,1,tablet,0,3,1.24,1
T17097,M114,2026-08-07T01:19:05.811174,747.13,1,1,Ahmedabad,Ahmedabad,0,tablet,0,1,1.49,0
T17098,M101,2026-08-26T15:14:56.811182,1079.56,15,0,Pune,Hyderabad,1,mobile,1,3,0.36,0
T17099,M106,2026-08-18T10:45:23.811190,180.08,10,0,Kolkata,Pune,1,mobile,0,1,0.36,0
T17100,M125,2026-08-17T17:25:43.811198,486.97,17,0,Kolkata,Pune,1,desktop,0,1,0.97,0
T17101,M137,2026-07-27T01:31:18.811206,4256.36,1,1,Hyderabad,Ahmedabad,1,desktop,0,1,1.42,0
T17102,M123,2026-08-12T03:19:18.811214,6748.51,3,1,Bengaluru,Chennai,1,tablet,1,1,0.84,1
T17103,M119,2026-07-26T14:54:58.811222,8033.65,14,0,Ahmedabad,Bengaluru,1,mobile,1,1,1.0,1
T17104,M139,2026-07-27T00:31:22.811230,1526.15,0,1,Hyderabad,Bhubaneswar,1,tablet,0,3,1.02,1
T17105,M110,2026-08-19T23:46:20.811238,42690.67,23,1,Ahmedabad,Bengaluru,1,mobile,0,2,2.13,1
T17106,M104,2026-08-02T10:42:41.811245,21791.34,10,0,Hyderabad,Hyderabad,0,desktop,0,1,1.09,0
T17107,M138,2026-08-05T23:22:01.811255,484.42,23,1,Ahmedabad,Jaipur,1,mobile,0,1,0.97,0
T17108,M112,2026-07-31T04:56:38.811263,2019.64,4,0,Bhubaneswar,Pune,1,desktop,0,1,1.35,0
T17109,M116,2026-08-15T01:56:07.811271,2715.71,1,1,Ahmedabad,Kolkata,1,mobile,1,1,0.91,0
T17110,M134,2026-07-27T11:53:05.811279,2425.1,11,0,Bhubaneswar,Bhubaneswar,0,desktop,0,1,0.81,0
T17111,M112,2026-08-20T06:32:15.811287,1539.7,6,0,Bengaluru,Chennai,1,desktop,0,1,1.03,0
T17112,M123,2026-08-07T15:12:04.811295,12765.29,15,0,Ahmedabad,Delhi,1,mobile,0,1,1.6,0
T17113,M105,2026-08-10T13:52:27.811303,15246.89,13,0,Jaipur,Mumbai,1,desktop,0,2,0.76,0
T17114,M139,2026-08-22T18:59:00.811312,808.56,18,0,Ahmedabad,Pune,1,mobile,0,1,0.54,0
T17115,M114,2026-08-20T00:40:33.811321,331.8,0,1,Ahmedabad,Pune,1,tablet,0,1,0.66,0
T17116,M107,2026-08-20T07:56:39.811328,524.43,7,1,Bengaluru,Chennai,1,desktop,0,2,1.05,1
T17117,M107,2026-07-26T05:33:26.811338,164.25,5,1,Jaipur,Mumbai,1,mobile,0,2,0.33,0
T17118,M101,2026-08-12T12:13:28.811346,3983.54,12,0,Chennai,Ahmedabad,1,mobile,0,1,1.33,0
T17119,M115,2026-08-16T04:19:15.811354,10089.69,4,0,Ahmedabad,Bengaluru,1,mobile,0,1,1.26,0
T17120,M125,2026-07-26T03:23:03.811363,361.72,3,1,Kolkata,Chennai,1,tablet,0,1,0.72,1
T17121,M101,2026-08-28T15:47:24.811371,3605.53,15,0,Pune,Bengaluru,1,desktop,1,1,1.2,0
T17122,M123,2026-08-09T13:45:28.811379,12234.25,13,0,Ahmedabad,Jaipur,1,mobile,0,1,1.53,0
T17123,M131,2026-07-24T03:38:42.811387,541.19,3,1,Pune,Hyderabad,1,mobile,0,4,1.08,1
T17124,M108,2026-08-24T02:56:51.811395,383.96,2,1,Delhi,Bengaluru,1,mobile,0,1,0.26,0
T17125,M135,2026-08-15T19:03:46.811403,2444.34,19,0,Mumbai,Mumbai,0,desktop,0,1,0.81,0
T17126,M134,2026-09-04T18:47:32.811411,2868.15,18,0,Hyderabad,Ahmedabad,1,desktop,0,1,0.96,0
T17127,M120,2026-08-10T07:03:24.811422,2094.08,7,0,Bengaluru,Bhubaneswar,1,desktop,0,1,0.7,0
T17128,M111,2026-09-02T15:12:57.811430,31143.14,15,0,Ahmedabad,Bengaluru,1,tablet,0,3,1.56,0
T17129,M115,2026-07-30T16:34:36.811438,13279.49,16,0,Mumbai,Hyderabad,1,mobile,0,1,1.66,0
T17130,M106,2026-08-16T05:03:40.811446,234.07,5,1,Jaipur,Hyderabad,1,desktop,0,1,0.47,0
T17131,M129,2026-08-02T14:54:51.811454,1360.1,14,0,Jaipur,Delhi,1,tablet,0,2,2.72,0
T17132,M136,2026-08-26T10:37:26.811462,1833.71,10,0,Bengaluru,Chennai,1,mobile,0,2,1.22,0
T17133,M114,2026-08-09T06:48:19.811470,497.71,6,1,Ahmedabad,Pune,1,mobile,0,1,1.0,0
T17134,M101,2026-08-28T22:10:46.811478,1831.15,22,1,Bhubaneswar,Jaipur,1,mobile,0,2,0.61,0
T17135,M139,2026-08-03T04:21:31.811486,954.04,4,1,Ahmedabad,Jaipur,1,desktop,0,2,0.64,0
T17136,M117,2026-08-29T09:01:02.811494,1452.1,9,0,Chennai,Bengaluru,1,tablet,0,3,0.97,0
T17137,M109,2026-08-12T18:52:36.811503,13115.2,18,0,Bengaluru,Hyderabad,1,mobile,0,5,0.66,0
T17138,M131,2026-08-24T16:23:15.811511,137.69,16,0,Hyderabad,Ahmedabad,1,tablet,0,1,0.28,0
T17139,M104,2026-07-28T04:35:24.811520,39178.3,4,1,Kolkata,Pune,1,mobile,1,1,1.96,1
T17140,M122,2026-08-10T11:57:51.811527,405.84,11,0,Pune,Ahmedabad,1,mobile,0,1,0.81,0
T17141,M105,2026-08-09T13:12:15.811535,9601.99,13,0,Delhi,Jaipur,1,mobile,0,3,0.48,0
T17142,M123,2026-08-11T04:33:03.811543,10257.64,4,1,Pune,Mumbai,1,mobile,0,1,1.28,0
T17143,M103,2026-08-26T07:30:40.811551,745.21,7,1,Chennai,Delhi,1,mobile,0,3,1.49,1
T17144,M108,2026-07-24T03:19:40.811559,2281.41,3,1,Mumbai,Delhi,1,desktop,0,1,1.52,1
T17145,M108,2026-08-22T14:39:31.811567,1160.72,14,0,Mumbai,Kolkata,1,tablet,1,1,0.77,1
T17146,M126,2026-08-12T10:32:02.811575,27922.52,10,0,Kolkata,Chennai,1,tablet,0,4,9.31,0
T17147,M138,2026-08-28T08:32:21.811585,830.51,8,1,Ahmedabad,Pune,1,desktop,0,1,1.66,0
T17148,M136,2026-08-28T22:41:31.811595,984.36,22,1,Mumbai,Bengaluru,1,tablet,0,4,0.66,1
T17149,M133,2026-09-02T18:12:13.811605,4820.66,18,0,Mumbai,Bhubaneswar,1,mobile,0,1,1.61,0
T17150,M139,2026-08-26T21:29:38.811613,1120.35,21,1,Kolkata,Hyderabad,1,tablet,0,1,0.75,1
T17151,M115,2026-08-27T05:20:30.811623,9706.13,5,0,Mumbai,Kolkata,1,desktop,0,2,1.21,0
T17152,M125,2026-09-05T08:09:28.811632,643.81,8,1,Jaipur,Kolkata,1,desktop,0,1,1.29,0
T17153,M104,2026-08-08T10:42:39.811640,10664.56,10,0,Kolkata,Chennai,1,tablet,0,2,0.53,0
T17154,M121,2026-08-21T08:45:01.811648,23691.39,8,0,Pune,Bhubaneswar,1,desktop,0,1,1.18,0
T17155,M133,2026-07-23T17:00:53.811656,17361.21,17,0,Hyderabad,Bengaluru,1,mobile,0,1,5.79,0
T17156,M132,2026-08-29T11:31:17.811665,609.51,11,0,Hyderabad,Bhubaneswar,1,mobile,1,1,1.22,0
T17157,M115,2026-07-28T16:55:34.811674,5899.41,16,0,Mumbai,Pune,1,mobile,0,1,0.74,0
T17158,M114,2026-07-27T21:17:23.811682,5669.17,21,0,Chennai,Bengaluru,1,tablet,0,3,11.34,0
T17159,M126,2026-07-29T00:54:35.811691,1328.7,0,1,Delhi,Mumbai,1,tablet,1,4,0.44,1
T17160,M135,2026-08-22T06:34:02.811700,2445.15,6,0,Delhi,Bengaluru,1,tablet,0,2,0.82,0
T17161,M123,2026-08-28T17:49:47.811709,6401.22,17,0,Kolkata,Mumbai,1,tablet,0,1,0.8,0
T17162,M130,2026-08-24T19:44:38.811717,2896.82,19,0,Mumbai,Bhubaneswar,1,desktop,1,1,1.93,1
T17163,M125,2026-09-01T22:57:45.811726,577.17,22,1,Hyderabad,Delhi,1,mobile,1,1,1.15,1
T17164,M104,2026-08-20T23:09:23.811734,17990.09,23,1,Chennai,Bengaluru,1,mobile,0,3,0.9,1
T17165,M115,2026-07-30T23:22:44.811743,2404.21,23,0,Chennai,Ahmedabad,1,tablet,0,1,0.3,0
T17166,M124,2026-08-31T08:54:22.811751,582.8,8,0,Ahmedabad,Pune,1,mobile,0,1,1.17,0
T17167,M116,2026-08-16T23:20:32.811761,3706.51,23,1,Ahmedabad,Chennai,1,tablet,1,1,1.24,1
T17168,M100,2026-08-30T18:11:37.811773,701.14,18,0,Jaipur,Ahmedabad,1,tablet,0,2,1.4,0
T17169,M101,2026-09-05T23:15:06.811782,2920.62,23,1,Ahmedabad,Bengaluru,1,mobile,0,2,0.97,0
T17170,M134,2026-08-04T16:17:14.811792,1803.94,16,0,Ahmedabad,Mumbai,1,mobile,0,2,0.6,0
T17171,M134,2026-07-27T22:29:29.811801,22469.28,22,1,Ahmedabad,Jaipur,1,tablet,1,1,7.49,1
T17172,M114,2026-08-24T21:14:01.811810,902.63,21,0,Pune,Jaipur,1,desktop,0,1,1.81,0
T17173,M108,2026-08-03T01:04:59.811818,1393.76,1,1,Bengaluru,Bengaluru,0,desktop,0,1,0.93,0
T17174,M117,2026-08-30T20:06:37.811827,2303.48,20,0,Kolkata,Pune,1,desktop,0,1,1.54,0
T17175,M106,2026-08-22T16:28:02.811836,828.42,16,0,Pune,Delhi,1,desktop,0,1,1.66,0
T17176,M134,2026-08-07T02:20:34.811844,3161.65,2,1,Bhubaneswar,Hyderabad,1,tablet,0,4,1.05,1
T17177,M127,2026-08-21T08:17:48.811853,31033.73,8,0,Kolkata,Kolkata,0,tablet,1,1,1.55,0
T17178,M125,2026-08-24T06:27:39.811861,667.99,6,1,Jaipur,Pune,1,mobile,0,1,1.34,1
T17179,M127,2026-08-24T04:46:18.811870,12356.26,4,0,Kolkata,Delhi,1,mobile,1,1,0.62,0
T17180,M124,2026-09-05T16:56:24.811877,341.16,16,0,Bhubaneswar,Ahmedabad,1,desktop,0,1,0.68,0
T17181,M127,2026-08-09T20:05:21.811886,12105.54,20,0,Mumbai,Bengaluru,1,tablet,0,4,0.61,0
T17182,M119,2026-08-11T22:10:15.811894,3977.82,22,1,Jaipur,Bengaluru,1,desktop,0,2,0.5,0
T17183,M115,2026-08-06T06:50:52.811902,4475.49,6,0,Ahmedabad,Jaipur,1,mobile,0,1,0.56,0
T17184,M124,2026-08-16T19:59:24.811916,508.14,19,0,Jaipur,Delhi,1,mobile,0,1,1.02,0
T17185,M102,2026-08-05T23:02:12.811926,2868.38,23,1,Pune,Hyderabad,1,desktop,0,1,1.91,0
T17186,M121,2026-08-31T07:18:07.811934,25289.05,7,0,Ahmedabad,Ahmedabad,0,tablet,1,1,1.26,0
T17187,M103,2026-07-30T00:45:49.811944,315.32,0,1,Mumbai,Hyderabad,1,mobile,0,1,0.63,1
T17188,M131,2026-08-14T11:58:23.811953,1781.18,11,0,Delhi,Pune,1,mobile,0,1,3.56,0
T17189,M136,2026-08-21T16:44:01.811962,1455.2,16,0,Pune,Mumbai,1,desktop,0,2,0.97,0
T17190,M103,2026-08-10T15:26:42.811970,583.39,15,0,Chennai,Jaipur,1,mobile,0,1,1.17,0
T17191,M117,2026-08-26T06:23:34.811980,2267.88,6,0,Bengaluru,Bhubaneswar,1,tablet,0,4,1.51,0
T17192,M126,2026-08-07T15:37:44.811989,4024.68,15,0,Kolkata,Pune,1,desktop,0,3,1.34,0
T17193,M117,2026-07-30T23:12:18.811997,1713.37,23,0,Delhi,Chennai,1,mobile,0,1,1.14,0
T17194,M133,2026-08-15T21:56:44.812006,27995.05,21,0,Chennai,Pune,1,mobile,0,1,9.33,0
T17195,M130,2026-08-11T08:03:14.812015,521.13,8,0,Hyderabad,Jaipur,1,tablet,0,1,0.35,0
T17196,M119,2026-08-23T07:38:12.812023,15994.68,7,1,Kolkata,Mumbai,1,desktop,0,1,2.0,1
T17197,M103,2026-07-29T06:36:52.812038,327.93,6,1,Mumbai,Ahmedabad,1,mobile,0,1,0.66,1
T17198,M126,2026-09-01T03:40:16.812047,2130.98,3,1,Bhubaneswar,Ahmedabad,1,desktop,0,1,0.71,0
T17199,M124,2026-08-23T06:06:37.812055,465.63,6,0,Mumbai,Pune,1,desktop,0,1,0.93,0
T17200,M137,2026-08-05T12:20:53.812063,2306.74,12,0,Bhubaneswar,Bhubaneswar,0,mobile,0,1,0.77,0
T17201,M102,2026-08-01T01:21:44.812071,1326.98,1,1,Ahmedabad,Bhubaneswar,1,tablet,0,1,0.88,0
T17202,M108,2026-08-07T17:46:33.812079,1221.19,17,0,Delhi,Bhubaneswar,1,desktop,1,2,0.81,1
T17203,M102,2026-08-17T07:12:24.812088,1962.61,7,1,Bhubaneswar,Mumbai,1,desktop,0,1,1.31,0
T17204,M100,2026-08-20T05:59:34.812095,307.51,5,1,Delhi,Kolkata,1,tablet,0,1,0.62,0
T17205,M112,2026-08-04T01:13:39.812104,753.92,1,0,Chennai,Pune,1,mobile,0,1,0.5,0
T17206,M111,2026-08-27T22:46:00.812112,20376.76,22,0,Pune,Jaipur,1,mobile,0,1,1.02,0
T17207,M106,2026-08-30T08:59:21.812122,345.87,8,1,Bengaluru,Jaipur,1,desktop,0,1,0.69,1
T17208,M106,2026-08-09T13:08:41.812130,355.39,13,0,Ahmedabad,Bhubaneswar,1,desktop,0,1,0.71,0
T17209,M139,2026-08-25T12:46:29.812138,5556.3,12,0,Jaipur,Delhi,1,mobile,1,1,3.7,0
T17210,M109,2026-08-25T18:47:12.812147,10490.08,18,0,Chennai,Jaipur,1,tablet,0,3,0.52,0
T17211,M103,2026-08-11T21:10:58.812155,285.91,21,1,Bhubaneswar,Kolkata,1,desktop,0,1,0.57,0
T17212,M101,2026-07-31T20:30:09.812164,3988.61,20,0,Bhubaneswar,Ahmedabad,1,tablet,0,1,1.33,0
T17213,M119,2026-08-25T11:13:46.812172,3956.67,11,0,Mumbai,Delhi,1,desktop,0,1,0.49,0
T17214,M126,2026-07-29T12:30:42.812180,941.45,12,0,Bengaluru,Pune,1,mobile,0,1,0.31,0
T17215,M101,2026-07-31T11:42:58.812188,6622.82,11,0,Delhi,Chennai,1,mobile,0,3,2.21,0
T17216,M118,2026-08-16T05:20:01.812198,438.79,5,1,Delhi,Hyderabad,1,desktop,0,4,0.88,0
T17217,M134,2026-07-24T01:17:09.812208,4550.92,1,1,Chennai,Kolkata,1,mobile,0,3,1.52,1
T17218,M102,2026-08-28T03:57:46.812216,1291.52,3,1,Bengaluru,Bhubaneswar,1,mobile,0,1,0.86,0
T17219,M106,2026-07-31T18:09:48.812224,418.24,18,0,Pune,Jaipur,1,tablet,0,4,0.84,0
T17220,M112,2026-08-10T23:07:25.812232,857.71,23,0,Hyderabad,Delhi,1,mobile,0,8,0.57,0
T17221,M101,2026-08-14T14:53:42.812241,1575.18,14,0,Jaipur,Bengaluru,1,tablet,1,1,0.53,0
T17222,M137,2026-08-24T03:18:05.812249,3259.76,3,1,Bengaluru,Bhubaneswar,1,mobile,0,1,1.09,1
T17223,M114,2026-07-26T20:12:40.812257,996.21,20,0,Chennai,Ahmedabad,1,tablet,0,1,1.99,0
T17224,M100,2026-08-04T11:54:30.812265,724.19,11,0,Jaipur,Jaipur,0,tablet,0,8,1.45,0
T17225,M111,2026-07-23T19:57:26.812273,10607.34,19,0,Mumbai,Pune,1,mobile,1,1,0.53,0
T17226,M110,2026-09-04T21:41:00.812281,12646.07,21,0,Bengaluru,Bhubaneswar,1,tablet,0,2,0.63,0
T17227,M133,2026-09-05T16:32:53.812290,2900.17,16,0,Hyderabad,Delhi,1,mobile,0,1,0.97,0
T17228,M133,2026-08-13T21:26:24.812298,2162.2,21,0,Mumbai,Mumbai,0,tablet,0,1,0.72,0
T17229,M135,2026-09-03T14:36:57.812307,3498.62,14,0,Kolkata,Bhubaneswar,1,tablet,0,1,1.17,0
T17230,M109,2026-08-31T11:54:34.812314,19557.72,11,0,Jaipur,Mumbai,1,mobile,0,2,0.98,0
T17231,M129,2026-08-03T17:38:25.812323,580.72,17,0,Jaipur,Delhi,1,tablet,0,1,1.16,0
T17232,M102,2026-08-14T01:28:27.812332,1264.83,1,1,Jaipur,Bhubaneswar,1,mobile,1,1,0.84,1
T17233,M103,2026-08-24T05:18:41.812341,504.55,5,1,Pune,Pune,0,mobile,1,1,1.01,0
T17234,M109,2026-08-13T03:08:00.812349,16175.66,3,1,Ahmedabad,Bengaluru,1,desktop,0,1,0.81,0
T17235,M136,2026-08-08T01:30:01.812357,862.09,1,1,Hyderabad,Delhi,1,tablet,0,1,0.57,0
T17236,M104,2026-08-18T04:47:59.812364,11942.5,4,1,Bengaluru,Delhi,1,tablet,0,1,0.6,1
T17237,M103,2026-07-24T04:50:11.812374,632.94,4,1,Chennai,Bhubaneswar,1,mobile,0,1,1.27,0
T17238,M135,2026-08-22T07:54:13.812383,1343.41,7,0,Kolkata,Delhi,1,mobile,0,1,0.45,0
T17239,M105,2026-09-01T07:56:39.812391,181509.35,7,0,Mumbai,Ahmedabad,1,mobile,1,1,9.08,1
T17240,M120,2026-08-09T10:05:30.812399,1940.35,10,0,Bhubaneswar,Pune,1,desktop,0,1,0.65,0
T17241,M104,2026-08-23T16:46:30.812407,7441.47,16,0,Kolkata,Pune,1,mobile,1,1,0.37,0
T17242,M114,2026-08-23T11:33:31.812415,146.43,11,0,Bhubaneswar,Mumbai,1,desktop,0,4,0.29,0
T17243,M107,2026-07-30T14:04:06.812423,550.38,14,0,Pune,Delhi,1,tablet,0,3,1.1,0
T17244,M138,2026-07-28T05:55:12.812431,681.29,5,1,Chennai,Jaipur,1,desktop,0,1,1.36,0
T17245,M112,2026-09-03T20:15:54.812439,2561.83,20,0,Jaipur,Mumbai,1,desktop,0,1,1.71,0
T17246,M137,2026-07-27T11:15:51.812447,4420.91,11,0,Pune,Bhubaneswar,1,mobile,0,1,1.47,0
T17247,M124,2026-08-02T22:50:44.812458,906.73,22,0,Chennai,Pune,1,mobile,0,1,1.81,0
T17248,M107,2026-08-22T02:00:45.812465,392.98,2,1,Mumbai,Mumbai,0,mobile,0,3,0.79,0
T17249,M122,2026-08-15T05:10:40.812474,561.18,5,1,Mumbai,Jaipur,1,mobile,0,1,1.12,0
T17250,M100,2026-08-27T11:09:40.812481,556.43,11,0,Hyderabad,Hyderabad,0,desktop,0,1,1.11,0
T17251,M119,2026-08-11T05:47:05.812490,4369.9,5,1,Pune,Pune,0,desktop,0,1,0.55,0
T17252,M102,2026-07-29T14:09:38.812497,2701.57,14,0,Bhubaneswar,Ahmedabad,1,desktop,0,2,1.8,0
T17253,M104,2026-08-05T06:21:22.812505,19138.04,6,1,Delhi,Bengaluru,1,desktop,0,1,0.96,0
T17254,M122,2026-08-01T20:00:47.812515,573.46,20,1,Chennai,Ahmedabad,1,desktop,0,1,1.15,0
T17255,M121,2026-08-18T18:07:49.812523,5495.13,18,0,Kolkata,Jaipur,1,desktop,0,3,0.27,0
T17256,M110,2026-08-09T12:02:36.812531,19403.26,12,0,Jaipur,Hyderabad,1,tablet,0,3,0.97,0
T17257,M108,2026-08-01T03:12:42.812541,20488.87,3,1,Bhubaneswar,Delhi,1,mobile,1,1,13.66,1
T17258,M112,2026-08-21T20:39:02.812550,50,20,0,Mumbai,Delhi,1,mobile,1,1,0.03,0
T17259,M119,2026-07-28T15:06:57.812558,11125.23,15,0,Bengaluru,Bhubaneswar,1,mobile,0,1,1.39,0
T17260,M128,2026-09-01T03:08:38.812566,7181.84,3,1,Delhi,Bhubaneswar,1,mobile,0,3,0.36,0
T17261,M123,2026-08-31T17:03:50.812574,8554.67,17,0,Mumbai,Bhubaneswar,1,tablet,0,1,1.07,0
T17262,M101,2026-08-25T03:32:13.812582,3816.49,3,1,Delhi,Kolkata,1,tablet,0,3,1.27,0
T17263,M129,2026-08-23T05:37:57.812590,105.05,5,1,Ahmedabad,Ahmedabad,0,desktop,1,1,0.21,0
T17264,M124,2026-08-13T09:32:20.812598,153.12,9,0,Ahmedabad,Bengaluru,1,mobile,0,4,0.31,0
T17265,M135,2026-07-31T12:23:19.812606,1347.61,12,0,Bhubaneswar,Bengaluru,1,desktop,0,1,0.45,0
T17266,M125,2026-08-27T22:45:06.812614,347.77,22,1,Chennai,Bengaluru,1,tablet,0,1,0.7,0
T17267,M128,2026-08-10T18:43:52.812624,19502.36,18,0,Pune,Jaipur,1,tablet,0,1,0.98,0
T17268,M113,2026-08-09T17:59:44.812635,17374.07,17,0,Kolkata,Ahmedabad,1,desktop,0,1,0.87,0
T17269,M119,2026-08-02T21:14:04.812644,12276.61,21,0,Bengaluru,Jaipur,1,mobile,0,3,1.53,0
T17270,M112,2026-08-12T09:04:10.812653,1077.82,9,0,Bengaluru,Bhubaneswar,1,tablet,0,1,0.72,0
T17271,M133,2026-08-06T05:02:34.812662,2999.6,5,0,Ahmedabad,Chennai,1,mobile,0,1,1.0,0
T17272,M102,2026-08-28T18:58:24.812671,1346.2,18,0,Bhubaneswar,Ahmedabad,1,mobile,0,2,0.9,0
T17273,M101,2026-08-18T05:46:38.812679,1592.17,5,1,Jaipur,Delhi,1,desktop,1,4,0.53,1
T17274,M106,2026-07-26T12:04:23.812687,223.82,12,0,Mumbai,Ahmedabad,1,tablet,0,2,0.45,0
T17275,M105,2026-09-02T07:37:37.812696,33535.55,7,0,Hyderabad,Bengaluru,1,mobile,0,1,1.68,0
T17276,M115,2026-08-29T14:25:40.812704,9019.7,14,0,Jaipur,Delhi,1,tablet,0,2,1.13,0
T17277,M129,2026-08-19T07:44:16.812714,604.49,7,1,Delhi,Delhi,0,mobile,0,1,1.21,0
T17278,M124,2026-07-27T08:43:27.812722,602.69,8,0,Ahmedabad,Delhi,1,tablet,1,1,1.21,0
T17279,M138,2026-08-13T06:29:15.812730,170.41,6,1,Kolkata,Bengaluru,1,desktop,0,1,0.34,0
T17280,M127,2026-08-30T14:03:07.812738,12156.17,14,0,Bhubaneswar,Ahmedabad,1,mobile,0,1,0.61,0
T17281,M107,2026-08-31T07:04:28.812747,442.11,7,1,Delhi,Bengaluru,1,mobile,0,2,0.88,0
T17282,M128,2026-09-04T04:15:51.812755,19084.48,4,1,Bengaluru,Ahmedabad,1,mobile,0,1,0.95,0
T17283,M116,2026-08-19T12:55:45.812763,2808.94,12,0,Jaipur,Chennai,1,mobile,0,1,0.94,0
T17284,M128,2026-08-16T06:35:44.812771,20611.21,6,1,Pune,Delhi,1,mobile,0,1,1.03,0
T17285,M132,2026-08-31T15:28:44.812779,477.25,15,0,Hyderabad,Ahmedabad,1,mobile,0,1,0.95,0
T17286,M132,2026-08-14T03:20:53.812787,65.65,3,0,Jaipur,Bhubaneswar,1,tablet,0,2,0.13,0
T17287,M131,2026-08-18T22:09:07.812797,543.7,22,1,Bengaluru,Pune,1,tablet,0,1,1.09,1
T17288,M136,2026-07-26T17:09:13.812806,444.7,17,0,Hyderabad,Kolkata,1,tablet,0,1,0.3,0
T17289,M120,2026-07-26T06:39:14.812816,1644.91,6,0,Bengaluru,Kolkata,1,mobile,0,8,0.55,0
T17290,M108,2026-08-17T14:20:00.812824,1337.03,14,0,Pune,Hyderabad,1,tablet,0,1,0.89,0
T17291,M131,2026-08-12T18:17:57.812832,278.1,18,0,Ahmedabad,Hyderabad,1,mobile,0,1,0.56,0
T17292,M110,2026-08-13T03:22:53.812840,12670.17,3,1,Mumbai,Delhi,1,desktop,0,3,0.63,0
T17293,M108,2026-08-15T13:47:42.812849,628.13,13,0,Chennai,Hyderabad,1,desktop,1,1,0.42,0
T17294,M125,2026-07-29T21:00:18.812856,525.13,21,1,Ahmedabad,Jaipur,1,tablet,0,3,1.05,0
T17295,M120,2026-08-10T15:04:13.812865,1625.27,15,0,Delhi,Hyderabad,1,mobile,0,2,0.54,0
T17296,M102,2026-08-27T03:32:50.812873,2031.94,3,1,Bhubaneswar,Chennai,1,desktop,1,1,1.35,1
T17297,M126,2026-07-23T07:15:29.812882,4533.73,7,1,Mumbai,Delhi,1,tablet,0,1,1.51,0
T17298,M104,2026-07-25T20:00:42.812890,28378.54,20,0,Pune,Mumbai,1,mobile,0,1,1.42,0
T17299,M109,2026-08-12T20:44:53.812898,12522.84,20,0,Hyderabad,Ahmedabad,1,desktop,1,1,0.63,0
T17300,M118,2026-08-02T03:57:05.812906,572.51,3,1,Bengaluru,Ahmedabad,1,tablet,0,1,1.15,0
T17301,M111,2026-08-05T17:47:38.812914,24212.66,17,0,Kolkata,Jaipur,1,mobile,0,4,1.21,0
T17302,M116,2026-08-26T18:59:00.812922,2144.4,18,0,Bengaluru,Hyderabad,1,mobile,0,1,0.71,0
T17303,M121,2026-08-10T06:58:38.812930,27210.21,6,0,Mumbai,Kolkata,1,desktop,0,4,1.36,0
T17304,M131,2026-08-21T15:00:56.812937,455.93,15,0,Jaipur,Ahmedabad,1,tablet,0,1,0.91,0
T17305,M123,2026-09-04T11:01:46.812946,57142.68,11,0,Kolkata,Chennai,1,desktop,0,1,7.14,0
T17306,M136,2026-07-31T20:37:33.812954,2129.12,20,1,Kolkata,Chennai,1,mobile,0,2,1.42,0
T17307,M118,2026-08-29T04:39:57.812964,644.17,4,1,Pune,Chennai,1,tablet,0,1,1.29,0
T17308,M127,2026-07-25T10:24:39.812972,24745.77,10,0,Kolkata,Pune,1,tablet,1,1,1.24,0
T17309,M126,2026-08-10T05:12:37.812980,3233.49,5,1,Hyderabad,Chennai,1,tablet,0,2,1.08,0
T17310,M134,2026-08-23T21:34:53.812988,3933.79,21,0,Mumbai,Jaipur,1,tablet,0,2,1.31,0
T17311,M135,2026-08-10T12:49:20.812996,3404.43,12,0,Kolkata,Bhubaneswar,1,mobile,1,1,1.13,1
T17312,M104,2026-09-02T03:26:52.813006,7173.57,3,1,Ahmedabad,Pune,1,desktop,0,1,0.36,0
T17313,M132,2026-08-14T23:22:14.813014,316.79,23,0,Mumbai,Chennai,1,desktop,0,1,0.63,0
T17314,M124,2026-08-19T09:46:48.813022,479.08,9,0,Mumbai,Chennai,1,mobile,0,1,0.96,0
T17315,M133,2026-08-28T21:04:21.813030,3416.55,21,0,Hyderabad,Pune,1,tablet,0,2,1.14,0
T17316,M111,2026-08-14T15:45:53.813038,25498.72,15,0,Delhi,Bengaluru,1,tablet,0,1,1.27,0
T17317,M121,2026-08-03T02:47:55.813049,21105.57,2,0,Hyderabad,Bengaluru,1,tablet,0,5,1.06,0
T17318,M126,2026-08-11T13:30:18.813059,16246.44,13,0,Pune,Kolkata,1,desktop,1,2,5.42,0
T17319,M139,2026-07-23T03:54:45.813068,83.19,3,1,Jaipur,Jaipur,0,desktop,0,2,0.06,0
T17320,M107,2026-08-22T21:11:57.813076,5607.23,21,0,Delhi,Pune,1,desktop,0,3,11.21,0
T17321,M128,2026-08-24T13:07:46.813085,22554.9,13,0,Chennai,Delhi,1,mobile,0,1,1.13,0
T17322,M134,2026-08-14T21:23:32.813093,1382.62,21,0,Jaipur,Mumbai,1,tablet,0,1,0.46,0
T17323,M120,2026-07-30T13:48:56.813101,4080.23,13,0,Pune,Delhi,1,tablet,1,2,1.36,1
T17324,M124,2026-08-05T09:59:22.813109,901.16,9,0,Jaipur,Delhi,1,mobile,0,1,1.8,0
T17325,M135,2026-08-17T21:03:34.813122,2895.05,21,0,Hyderabad,Kolkata,1,desktop,0,1,0.97,0
T17326,M117,2026-09-05T16:41:27.813139,532.47,16,0,Bhubaneswar,Ahmedabad,1,desktop,1,2,0.35,0
T17327,M122,2026-09-03T10:46:16.813167,407.11,10,0,Ahmedabad,Mumbai,1,mobile,0,1,0.81,0
T17328,M118,2026-09-02T20:16:50.813193,897.36,20,0,Bhubaneswar,Mumbai,1,tablet,0,4,1.79,0
T17329,M127,2026-07-25T02:21:07.813210,15746.53,2,0,Bhubaneswar,Kolkata,1,mobile,0,1,0.79,0
T17330,M127,2026-07-27T10:21:01.813220,21202.86,10,0,Mumbai,Mumbai,0,mobile,0,1,1.06,0
T17331,M109,2026-07-29T00:21:45.813229,23325.07,0,1,Mumbai,Bhubaneswar,1,desktop,1,3,1.17,1
T17332,M102,2026-07-25T09:05:07.813240,1256.25,9,0,Pune,Ahmedabad,1,mobile,0,1,0.84,0
T17333,M108,2026-08-25T12:01:05.813249,841.14,12,0,Chennai,Ahmedabad,1,desktop,0,1,0.56,0
T17334,M139,2026-07-26T01:08:35.813257,1404.8,1,1,Pune,Bhubaneswar,1,tablet,0,3,0.94,0
T17335,M121,2026-07-28T19:43:33.813267,4873.15,19,0,Jaipur,Mumbai,1,tablet,0,1,0.24,0
T17336,M122,2026-08-10T05:59:17.813278,638.38,5,1,Kolkata,Bengaluru,1,tablet,0,1,1.28,0
T17337,M106,2026-08-09T16:08:01.813288,515.45,16,0,Mumbai,Jaipur,1,desktop,0,2,1.03,0
T17338,M110,2026-08-05T09:46:15.813296,4615.89,9,0,Bhubaneswar,Kolkata,1,tablet,1,1,0.23,0
T17339,M100,2026-08-12T14:51:15.813304,743.11,14,0,Delhi,Mumbai,1,tablet,1,1,1.49,0
T17340,M104,2026-07-23T08:44:38.813312,15423.06,8,1,Kolkata,Ahmedabad,1,mobile,0,1,0.77,0
T17341,M122,2026-07-28T14:18:41.813320,521.94,14,0,Ahmedabad,Mumbai,1,mobile,1,1,1.04,0
T17342,M105,2026-08-13T07:22:19.813328,21121.46,7,0,Hyderabad,Pune,1,desktop,0,4,1.06,0
T17343,M114,2026-08-23T16:00:08.813337,425.18,16,0,Chennai,Bhubaneswar,1,desktop,0,1,0.85,0
T17344,M103,2026-08-12T20:20:43.813346,611.57,20,1,Hyderabad,Bhubaneswar,1,tablet,0,3,1.22,0
T17345,M125,2026-08-27T00:33:13.813354,914.23,0,1,Bhubaneswar,Hyderabad,1,desktop,0,5,1.83,0
T17346,M123,2026-07-29T15:19:33.813361,6433.98,15,0,Kolkata,Pune,1,mobile,0,1,0.8,0
T17347,M114,2026-09-01T09:07:46.813377,624.46,9,0,Pune,Chennai,1,mobile,0,2,1.25,0
T17348,M106,2026-08-05T09:17:32.813388,303.23,9,0,Bengaluru,Ahmedabad,1,mobile,0,1,0.61,0
T17349,M115,2026-09-05T11:57:48.813396,7776.7,11,0,Mumbai,Mumbai,0,tablet,0,2,0.97,0
T17350,M117,2026-09-02T19:20:03.813404,1540.15,19,0,Pune,Pune,0,tablet,1,1,1.03,0
T17351,M130,2026-08-30T12:23:10.813412,1240.45,12,0,Bengaluru,Delhi,1,mobile,0,1,0.83,0
T17352,M137,2026-09-05T17:51:49.813420,1441.46,17,0,Hyderabad,Kolkata,1,mobile,0,1,0.48,0
T17353,M139,2026-08-22T02:15:09.813428,709.7,2,1,Delhi,Hyderabad,1,mobile,0,1,0.47,0
T17354,M134,2026-08-12T18:55:08.813436,3181.24,18,0,Hyderabad,Pune,1,tablet,0,1,1.06,0
T17355,M130,2026-09-03T03:05:13.813444,778.33,3,0,Ahmedabad,Chennai,1,desktop,1,1,0.52,0
T17356,M138,2026-08-11T04:28:05.813452,497.39,4,1,Hyderabad,Jaipur,1,desktop,0,1,0.99,0
T17357,M109,2026-07-26T01:55:49.813461,24652.05,1,1,Delhi,Chennai,1,desktop,0,1,1.23,1
T17358,M119,2026-08-08T01:59:29.813469,8591.51,1,1,Chennai,Delhi,1,desktop,0,1,1.07,0
T17359,M123,2026-08-19T13:44:28.813477,7080.37,13,0,Bengaluru,Ahmedabad,1,mobile,0,3,0.89,0
T17360,M130,2026-08-06T16:23:42.813485,1361.04,16,0,Jaipur,Kolkata,1,mobile,0,1,0.91,0
T17361,M112,2026-07-29T08:36:25.813493,2383.56,8,0,Chennai,Pune,1,mobile,0,1,1.59,0
T17362,M107,2026-09-04T23:16:40.813500,351.7,23,1,Chennai,Mumbai,1,tablet,0,3,0.7,0
T17363,M137,2026-08-19T01:06:48.813509,2079.71,1,1,Hyderabad,Kolkata,1,tablet,0,2,0.69,0
T17364,M104,2026-08-09T20:04:04.813516,16600.18,20,0,Ahmedabad,Chennai,1,desktop,0,2,0.83,0
T17365,M115,2026-08-23T04:10:03.813525,4291.75,4,0,Bengaluru,Bengaluru,0,mobile,0,2,0.54,0
T17366,M111,2026-08-02T18:02:46.813533,22689.27,18,0,Pune,Mumbai,1,mobile,1,1,1.13,0
T17367,M127,2026-08-23T17:28:20.813543,23986.0,17,0,Bhubaneswar,Bhubaneswar,0,desktop,1,1,1.2,0
T17368,M120,2026-08-01T15:55:33.813551,2812.61,15,0,Bengaluru,Bengaluru,0,tablet,0,1,0.94,0
T17369,M135,2026-08-04T09:30:36.813560,1649.96,9,0,Pune,Delhi,1,desktop,0,1,0.55,0
T17370,M108,2026-08-10T21:56:01.813568,2032.51,21,1,Pune,Pune,0,desktop,0,1,1.36,0
T17371,M106,2026-08-27T15:07:39.813576,545.53,15,0,Jaipur,Bhubaneswar,1,mobile,0,1,1.09,0
T17372,M116,2026-08-05T06:27:25.813584,2950.1,6,1,Jaipur,Pune,1,mobile,0,2,0.98,1
T17373,M107,2026-08-28T13:35:30.813592,237.69,13,0,Delhi,Hyderabad,1,mobile,0,2,0.48,0
T17374,M105,2026-09-04T15:34:46.813600,26122.08,15,0,Delhi,Ahmedabad,1,desktop,1,1,1.31,0
T17375,M136,2026-08-14T02:36:01.813609,2586.28,2,1,Delhi,Mumbai,1,mobile,0,2,1.72,0
T17376,M115,2026-08-02T14:21:27.813618,9771.58,14,0,Bengaluru,Jaipur,1,mobile,0,1,1.22,0
T17377,M139,2026-08-18T12:31:05.813628,1465.72,12,0,Jaipur,Ahmedabad,1,mobile,0,3,0.98,0
T17378,M102,2026-08-05T07:00:05.813636,1752.87,7,1,Mumbai,Mumbai,0,tablet,0,4,1.17,0
T17379,M104,2026-08-07T06:17:12.813644,4118.09,6,1,Bhubaneswar,Hyderabad,1,desktop,1,1,0.21,0
T17380,M115,2026-08-21T19:44:57.813652,11118.81,19,0,Bhubaneswar,Pune,1,desktop,0,1,1.39,0
T17381,M136,2026-09-04T22:05:59.813661,1410.44,22,1,Mumbai,Pune,1,desktop,0,1,0.94,0
T17382,M113,2026-07-30T06:52:56.813670,12663.48,6,0,Bhubaneswar,Mumbai,1,desktop,0,3,0.63,0
T17383,M123,2026-08-01T00:59:00.813678,11196.07,0,1,Bengaluru,Mumbai,1,tablet,0,1,1.4,0
T17384,M108,2026-08-08T11:59:21.813686,1668.99,11,0,Mumbai,Mumbai,0,tablet,0,1,1.11,0
T17385,M133,2026-08-16T20:04:26.813694,1655.58,20,0,Bengaluru,Ahmedabad,1,mobile,0,1,0.55,0
T17386,M114,2026-09-03T19:34:01.813702,721.51,19,0,Ahmedabad,Jaipur,1,tablet,0,3,1.44,0
T17387,M122,2026-08-03T07:05:49.813712,593.08,7,1,Ahmedabad,Kolkata,1,desktop,0,1,1.19,0
T17388,M130,2026-09-04T03:59:01.813720,1232.61,3,0,Kolkata,Ahmedabad,1,mobile,0,1,0.82,0
T17389,M107,2026-08-26T10:06:51.813728,405.69,10,0,Bhubaneswar,Bhubaneswar,0,desktop,0,1,0.81,0
T17390,M105,2026-08-01T00:51:24.813736,22533.19,0,0,Bengaluru,Hyderabad,1,tablet,1,1,1.13,0
T17391,M129,2026-07-24T18:25:42.813744,669.74,18,0,Hyderabad,Chennai,1,mobile,0,1,1.34,0
T17392,M114,2026-08-11T05:41:49.813752,470.18,5,1,Ahmedabad,Ahmedabad,0,desktop,0,4,0.94,0
T17393,M136,2026-08-05T08:53:10.813760,1716.24,8,1,Jaipur,Hyderabad,1,desktop,0,1,1.14,0
T17394,M133,2026-09-05T17:25:43.813768,5638.02,17,0,Bhubaneswar,Hyderabad,1,mobile,0,1,1.88,0
T17395,M133,2026-08-29T03:41:51.813776,2651.25,3,0,Ahmedabad,Pune,1,desktop,0,4,0.88,0
T17396,M114,2026-08-21T03:42:08.813784,774.04,3,1,Pune,Pune,0,mobile,0,3,1.55,0
T17397,M112,2026-07-25T10:58:12.813793,1318.22,10,0,Ahmedabad,Hyderabad,1,tablet,0,1,0.88,0
T17398,M130,2026-08-17T03:43:50.813801,50,3,0,Hyderabad,Bengaluru,1,mobile,0,2,0.03,0
T17399,M113,2026-08-22T13:05:34.813810,23230.53,13,0,Mumbai,Hyderabad,1,tablet,0,3,1.16,0
T17400,M133,2026-08-27T15:43:43.813818,3889.99,15,0,Kolkata,Mumbai,1,desktop,0,1,1.3,0
T17401,M115,2026-08-11T00:42:52.813827,5317.88,0,0,Jaipur,Delhi,1,desktop,0,2,0.66,0
T17402,M102,2026-08-25T08:58:18.813836,699.46,8,1,Delhi,Jaipur,1,tablet,0,1,0.47,0
T17403,M139,2026-08-23T03:22:39.813844,989.06,3,1,Delhi,Hyderabad,1,mobile,1,1,0.66,0
T17404,M136,2026-08-11T17:16:27.813852,5908.36,17,0,Jaipur,Kolkata,1,tablet,1,1,3.94,0
T17405,M104,2026-07-25T22:39:09.813862,21716.02,22,1,Ahmedabad,Jaipur,1,tablet,0,2,1.09,0
T17406,M138,2026-08-04T11:16:41.813870,335.14,11,0,Pune,Jaipur,1,tablet,0,1,0.67,0
T17407,M104,2026-08-11T20:41:19.813879,13830.52,20,0,Ahmedabad,Mumbai,1,desktop,0,1,0.69,0
T17408,M133,2026-08-28T22:52:58.813887,3410.36,22,0,Hyderabad,Hyderabad,0,tablet,0,2,1.14,0
T17409,M131,2026-07-31T17:03:50.813896,304.11,17,0,Mumbai,Hyderabad,1,desktop,0,1,0.61,0
T17410,M131,2026-09-03T03:06:10.813903,774.53,3,1,Delhi,Bhubaneswar,1,desktop,0,5,1.55,1
T17411,M120,2026-08-09T19:32:25.813911,3640.99,19,0,Bhubaneswar,Mumbai,1,tablet,0,1,1.21,0
T17412,M101,2026-08-09T18:54:22.813919,4453.59,18,0,Jaipur,Hyderabad,1,tablet,0,1,1.48,0
T17413,M115,2026-08-30T16:56:19.813927,5494.7,16,0,Hyderabad,Mumbai,1,desktop,0,1,0.69,0
T17414,M104,2026-09-01T19:07:35.813935,11173.41,19,0,Bhubaneswar,Chennai,1,tablet,0,1,0.56,0
T17415,M131,2026-08-21T14:29:05.813943,226.23,14,0,Delhi,Bengaluru,1,mobile,0,1,0.45,0
T17416,M101,2026-09-01T02:08:52.813951,3469.06,2,1,Bengaluru,Pune,1,desktop,0,1,1.16,1
T17417,M118,2026-09-04T22:17:20.813960,3336.56,22,1,Delhi,Pune,1,mobile,1,8,6.67,1
T17418,M118,2026-07-25T16:14:18.813969,705.17,16,0,Ahmedabad,Jaipur,1,mobile,0,1,1.41,0
T17419,M115,2026-08-03T21:41:47.813977,13211.4,21,0,Chennai,Pune,1,desktop,0,1,1.65,0
T17420,M105,2026-08-28T07:01:43.813987,10683.61,7,0,Kolkata,Bengaluru,1,mobile,1,2,0.53,0
T17421,M123,2026-08-23T14:46:58.813995,8531.25,14,0,Ahmedabad,Mumbai,1,desktop,0,1,1.07,0
T17422,M107,2026-08-11T19:55:27.814003,534.0,19,0,Delhi,Chennai,1,mobile,0,1,1.07,0
T17423,M107,2026-09-02T08:44:20.814011,669.95,8,1,Delhi,Mumbai,1,tablet,1,8,1.34,1
T17424,M132,2026-08-01T00:48:06.814019,802.87,0,0,Delhi,Bengaluru,1,desktop,0,1,1.61,0
T17425,M138,2026-08-06T21:47:05.814027,512.45,21,1,Pune,Hyderabad,1,desktop,0,1,1.02,0
T17426,M130,2026-08-21T12:13:43.814040,1909.77,12,0,Bengaluru,Hyderabad,1,mobile,0,2,1.27,0
T17427,M128,2026-08-13T07:48:29.814051,6176.86,7,1,Bhubaneswar,Jaipur,1,tablet,0,2,0.31,0
T17428,M109,2026-08-09T04:19:48.814059,18964.91,4,1,Hyderabad,Pune,1,tablet,0,1,0.95,0
T17429,M123,2026-08-10T03:42:36.814067,6888.83,3,1,Pune,Bengaluru,1,desktop,0,1,0.86,0
T17430,M132,2026-08-14T22:20:18.814075,523.25,22,0,Delhi,Jaipur,1,tablet,0,4,1.05,0
T17431,M104,2026-07-28T00:29:44.814083,20909.36,0,1,Bengaluru,Delhi,1,tablet,0,1,1.05,0
T17432,M100,2026-08-12T15:05:40.814090,476.7,15,0,Bhubaneswar,Kolkata,1,desktop,0,1,0.95,0
T17433,M130,2026-08-13T07:11:01.814098,1324.14,7,0,Hyderabad,Chennai,1,tablet,0,2,0.88,0
T17434,M138,2026-08-02T10:27:15.814106,442.83,10,0,Pune,Ahmedabad,1,desktop,0,1,0.89,0
T17435,M131,2026-07-27T00:56:31.814114,339.64,0,1,Delhi,Pune,1,desktop,0,1,0.68,0
T17436,M116,2026-08-03T10:23:42.814122,4089.92,10,0,Bhubaneswar,Kolkata,1,mobile,0,1,1.36,0
T17437,M120,2026-09-05T16:05:57.814132,4552.57,16,0,Bhubaneswar,Kolkata,1,mobile,0,1,1.52,0
T17438,M110,2026-08-10T19:47:26.814140,21564.43,19,0,Kolkata,Bengaluru,1,mobile,0,2,1.08,0
T17439,M107,2026-08-31T02:29:47.814148,626.3,2,1,Bengaluru,Delhi,1,desktop,0,2,1.25,0
T17440,M133,2026-08-31T19:12:36.814157,2021.01,19,0,Bengaluru,Chennai,1,desktop,0,1,0.67,0
T17441,M137,2026-08-21T21:07:58.814187,2142.28,21,1,Bhubaneswar,Kolkata,1,desktop,0,3,0.71,0
T17442,M106,2026-08-28T15:37:51.814197,334.64,15,0,Jaipur,Delhi,1,tablet,0,2,0.67,0
T17443,M134,2026-08-04T03:30:58.814205,19903.21,3,1,Chennai,Hyderabad,1,mobile,1,1,6.63,1
T17444,M135,2026-08-09T04:58:23.814214,1705.28,4,0,Bhubaneswar,Jaipur,1,tablet,0,1,0.57,0
T17445,M138,2026-08-14T23:45:42.814222,276.69,23,1,Pune,Chennai,1,mobile,0,3,0.55,0
T17446,M131,2026-07-24T21:53:52.814233,183.05,21,0,Pune,Ahmedabad,1,desktop,0,3,0.37,0
T17447,M103,2026-08-26T23:00:19.814246,200.75,23,1,Hyderabad,Kolkata,1,tablet,0,2,0.4,0
T17448,M135,2026-08-19T23:11:18.814257,2228.44,23,0,Hyderabad,Jaipur,1,mobile,0,1,0.74,0
T17449,M128,2026-08-25T18:45:20.814265,22336.56,18,0,Bhubaneswar,Chennai,1,tablet,0,5,1.12,0
T17450,M123,2026-08-02T16:57:08.814273,2339.87,16,0,Ahmedabad,Mumbai,1,desktop,0,1,0.29,0
T17451,M126,2026-08-23T07:57:07.814281,692.1,7,1,Bengaluru,Ahmedabad,1,mobile,1,1,0.23,1
T17452,M100,2026-09-01T01:28:13.814289,50,1,1,Ahmedabad,Chennai,1,desktop,0,1,0.1,0
T17453,M137,2026-07-30T12:33:50.814297,1783.91,12,0,Pune,Bengaluru,1,desktop,0,1,0.59,0
T17454,M128,2026-08-08T10:35:03.814305,27460.45,10,0,Delhi,Delhi,0,mobile,0,2,1.37,0
T17455,M122,2026-08-12T08:24:41.814313,415.61,8,1,Pune,Pune,0,mobile,0,1,0.83,0
T17456,M117,2026-08-01T15:53:46.814321,936.89,15,0,Bengaluru,Ahmedabad,1,mobile,1,1,0.62,0
T17457,M113,2026-08-03T00:32:31.814331,12286.05,0,0,Bengaluru,Chennai,1,mobile,0,1,0.61,0
T17458,M108,2026-08-03T23:27:59.814339,11783.19,23,1,Delhi,Mumbai,1,desktop,0,1,7.86,0
T17459,M107,2026-08-18T11:21:28.814349,267.72,11,0,Bhubaneswar,Hyderabad,1,tablet,0,1,0.54,0
T17460,M121,2026-08-29T07:59:23.814359,19576.7,7,0,Ahmedabad,Delhi,1,mobile,0,2,0.98,0
T17461,M132,2026-08-04T18:03:36.814368,660.76,18,0,Pune,Jaipur,1,tablet,0,1,1.32,0
T17462,M105,2026-08-19T12:51:51.814376,21250.87,12,0,Hyderabad,Bengaluru,1,mobile,0,2,1.06,0
T17463,M121,2026-07-25T12:13:23.814384,23730.88,12,0,Bengaluru,Hyderabad,1,mobile,0,1,1.19,0
T17464,M136,2026-08-28T21:42:16.814393,1484.16,21,1,Jaipur,Bhubaneswar,1,tablet,1,1,0.99,0
T17465,M133,2026-08-15T14:47:39.814403,1085.42,14,0,Hyderabad,Pune,1,tablet,0,1,0.36,0
T17466,M110,2026-08-21T17:27:04.814410,9971.74,17,0,Bhubaneswar,Pune,1,tablet,0,2,0.5,0
T17467,M134,2026-07-23T13:50:53.814420,1418.02,13,0,Bhubaneswar,Pune,1,mobile,0,1,0.47,0
T17468,M119,2026-07-29T11:09:44.814427,11715.91,11,0,Mumbai,Mumbai,0,desktop,0,1,1.46,0
T17469,M133,2026-08-15T05:42:50.814436,967.54,5,0,Bengaluru,Jaipur,1,tablet,0,1,0.32,0
T17470,M139,2026-07-28T06:30:32.814444,836.11,6,1,Chennai,Ahmedabad,1,desktop,0,1,0.56,0
T17471,M138,2026-08-19T18:33:05.814452,331.04,18,0,Jaipur,Mumbai,1,desktop,0,2,0.66,0
T17472,M100,2026-08-01T15:54:09.814462,3866.26,15,0,Delhi,Bhubaneswar,1,mobile,0,2,7.73,0
T17473,M121,2026-08-14T02:09:16.814473,19474.32,2,0,Ahmedabad,Hyderabad,1,mobile,0,1,0.97,0
T17474,M104,2026-08-03T01:30:57.814481,24598.09,1,1,Pune,Pune,0,desktop,0,1,1.23,0
T17475,M115,2026-07-30T04:58:27.814490,7418.64,4,0,Delhi,Delhi,0,mobile,0,2,0.93,0
T17476,M104,2026-08-18T22:17:09.814498,6764.47,22,1,Mumbai,Bhubaneswar,1,desktop,0,1,0.34,0
T17477,M131,2026-07-30T17:35:59.814508,725.42,17,0,Delhi,Kolkata,1,tablet,0,1,1.45,0
T17478,M116,2026-08-08T23:58:34.814516,2735.35,23,1,Jaipur,Delhi,1,tablet,1,1,0.91,0
T17479,M119,2026-07-23T10:41:06.814524,5927.78,10,0,Chennai,Ahmedabad,1,desktop,1,1,0.74,0
T17480,M113,2026-07-25T00:15:59.814532,18863.29,0,0,Bhubaneswar,Bhubaneswar,0,mobile,0,1,0.94,0
T17481,M114,2026-08-20T14:55:29.814540,431.77,14,0,Ahmedabad,Bengaluru,1,desktop,0,1,0.86,0
T17482,M120,2026-09-02T00:59:03.814548,3005.17,0,0,Pune,Bhubaneswar,1,tablet,0,1,1.0,0
T17483,M101,2026-08-23T16:59:15.814556,3857.05,16,0,Bengaluru,Ahmedabad,1,mobile,1,1,1.29,0
T17484,M130,2026-09-02T12:25:13.814564,1724.96,12,0,Kolkata,Hyderabad,1,tablet,0,4,1.15,0
T17485,M107,2026-08-10T10:53:43.814572,408.08,10,0,Hyderabad,Jaipur,1,mobile,0,1,0.82,0
T17486,M106,2026-07-24T09:47:20.814580,520.34,9,0,Pune,Mumbai,1,mobile,1,1,1.04,0
T17487,M123,2026-08-07T01:45:44.814589,6182.28,1,1,Delhi,Hyderabad,1,tablet,0,2,0.77,0
T17488,M125,2026-07-27T10:35:11.814599,2638.13,10,0,Bhubaneswar,Bhubaneswar,0,desktop,0,1,5.28,0
T17489,M121,2026-07-31T07:29:51.814609,25796.76,7,0,Bhubaneswar,Delhi,1,mobile,0,1,1.29,0
T17490,M121,2026-07-24T22:53:42.814617,8727.07,22,0,Bengaluru,Mumbai,1,mobile,0,1,0.44,0
T17491,M110,2026-08-01T03:39:17.814626,27574.26,3,1,Chennai,Bengaluru,1,mobile,0,1,1.38,1
T17492,M129,2026-09-04T17:12:10.814634,570.65,17,0,Chennai,Jaipur,1,desktop,0,1,1.14,0
T17493,M108,2026-08-06T08:19:08.814643,1083.54,8,1,Jaipur,Bhubaneswar,1,mobile,0,1,0.72,0
T17494,M120,2026-09-04T10:25:15.814650,2919.16,10,0,Ahmedabad,Pune,1,mobile,0,1,0.97,0
T17495,M138,2026-08-06T10:32:35.814658,247.58,10,0,Kolkata,Chennai,1,mobile,0,1,0.5,0
T17496,M108,2026-07-24T07:12:53.814666,909.49,7,1,Jaipur,Hyderabad,1,tablet,0,1,0.61,0
T17497,M130,2026-09-04T04:31:22.814676,1248.51,4,0,Kolkata,Bengaluru,1,mobile,0,1,0.83,0
T17498,M136,2026-08-16T00:20:00.814684,1159.99,0,1,Bhubaneswar,Chennai,1,tablet,0,1,0.77,0
T17499,M139,2026-07-23T10:04:08.814692,1196.28,10,0,Pune,Mumbai,1,mobile,0,1,0.8,0
T17500,M122,2026-07-24T13:31:32.814700,514.7,13,0,Jaipur,Delhi,1,desktop,0,1,1.03,0
T17501,M100,2026-08-24T11:45:27.814708,578.24,11,0,Kolkata,Jaipur,1,mobile,0,1,1.16,0
T17502,M101,2026-09-02T21:46:07.814716,221.06,21,0,Ahmedabad,Mumbai,1,tablet,0,1,0.07,0
T17503,M121,2026-08-06T09:35:28.814724,16454.91,9,0,Chennai,Mumbai,1,tablet,0,1,0.82,0
T17504,M112,2026-08-30T22:55:49.814733,1276.09,22,0,Hyderabad,Mumbai,1,desktop,0,3,0.85,0
T17505,M119,2026-08-19T01:22:14.814741,8070.85,1,1,Kolkata,Mumbai,1,tablet,0,2,1.01,0
T17506,M135,2026-08-16T05:33:51.814749,3171.82,5,0,Bengaluru,Delhi,1,desktop,0,2,1.06,0
T17507,M112,2026-08-21T08:38:18.814759,2253.87,8,0,Ahmedabad,Kolkata,1,tablet,0,1,1.5,0
T17508,M132,2026-07-27T15:03:38.814767,410.31,15,0,Hyderabad,Bengaluru,1,tablet,0,1,0.82,0
T17509,M128,2026-08-09T04:01:33.814776,25428.77,4,1,Jaipur,Hyderabad,1,desktop,1,1,1.27,1
T17510,M116,2026-07-26T11:35:15.814785,39756.3,11,0,Chennai,Chennai,0,mobile,0,1,13.25,0
T17511,M100,2026-08-01T00:13:54.814794,742.49,0,1,Bengaluru,Bengaluru,0,mobile,0,2,1.48,0
T17512,M100,2026-08-23T21:37:08.814802,536.05,21,0,Bengaluru,Jaipur,1,tablet,0,5,1.07,0
T17513,M103,2026-08-24T21:51:05.814810,781.52,21,1,Kolkata,Mumbai,1,mobile,0,1,1.56,0
T17514,M107,2026-07-24T11:19:52.814818,507.27,11,0,Mumbai,Kolkata,1,tablet,0,3,1.01,0
T17515,M129,2026-08-08T08:43:01.814826,256.33,8,1,Bengaluru,Hyderabad,1,tablet,0,1,0.51,0
T17516,M113,2026-09-05T20:31:56.814834,14506.78,20,0,Jaipur,Pune,1,tablet,1,5,0.73,0
T17517,M110,2026-08-16T23:36:14.814843,23829.43,23,1,Mumbai,Chennai,1,tablet,0,1,1.19,0
T17518,M118,2026-09-01T10:10:12.814851,553.07,10,0,Jaipur,Kolkata,1,tablet,0,3,1.11,0
T17519,M103,2026-08-19T19:49:41.814860,627.44,19,1,Delhi,Ahmedabad,1,desktop,0,1,1.25,0
T17520,M120,2026-08-22T23:12:36.814868,3750.86,23,0,Chennai,Delhi,1,mobile,0,1,1.25,0
T17521,M110,2026-08-19T05:59:18.814876,35062.29,5,1,Delhi,Delhi,0,desktop,0,3,1.75,0
T17522,M103,2026-08-03T20:02:22.814885,753.44,20,1,Delhi,Hyderabad,1,tablet,1,1,1.51,1
T17523,M137,2026-07-23T23:52:45.814894,2463.4,23,1,Kolkata,Pune,1,desktop,0,1,0.82,0
T17524,M109,2026-08-20T15:03:46.814901,60952.62,15,0,Delhi,Jaipur,1,desktop,0,4,3.05,0
T17525,M131,2026-08-28T13:50:12.814910,437.26,13,0,Jaipur,Ahmedabad,1,mobile,1,3,0.87,0
T17526,M131,2026-07-27T17:24:05.814918,342.96,17,0,Mumbai,Ahmedabad,1,tablet,0,1,0.69,0
T17527,M115,2026-09-04T05:15:06.814928,8258.84,5,0,Kolkata,Bengaluru,1,mobile,0,1,1.03,0
T17528,M109,2026-09-05T23:23:59.814936,30891.69,23,1,Ahmedabad,Bengaluru,1,desktop,0,3,1.54,0
T17529,M107,2026-09-03T17:39:51.814944,362.28,17,0,Pune,Jaipur,1,desktop,0,1,0.72,0
T17530,M133,2026-08-13T03:04:19.814952,3533.2,3,0,Kolkata,Hyderabad,1,tablet,0,1,1.18,0
T17531,M111,2026-07-29T11:39:14.814960,24409.93,11,0,Chennai,Bhubaneswar,1,mobile,1,1,1.22,0
T17532,M116,2026-07-29T21:52:58.814967,1452.83,21,0,Kolkata,Hyderabad,1,desktop,0,1,0.48,0
T17533,M107,2026-09-05T00:32:49.814975,4586.58,0,1,Chennai,Pune,1,tablet,1,3,9.17,1
T17534,M100,2026-07-26T09:33:05.814984,265.14,9,0,Bengaluru,Jaipur,1,desktop,0,5,0.53,0
T17535,M125,2026-08-27T21:24:15.814992,339.1,21,1,Mumbai,Ahmedabad,1,mobile,0,1,0.68,0
T17536,M129,2026-09-01T09:06:26.815000,658.59,9,0,Mumbai,Kolkata,1,desktop,0,1,1.32,0
T17537,M130,2026-07-29T12:06:52.815009,1972.03,12,0,Delhi,Chennai,1,desktop,0,1,1.31,0
T17538,M100,2026-09-05T10:45:52.815017,322.35,10,0,Kolkata,Kolkata,0,desktop,0,1,0.64,0
T17539,M114,2026-08-29T04:11:36.815025,562.71,4,1,Chennai,Ahmedabad,1,desktop,0,2,1.13,0
T17540,M125,2026-08-26T06:29:16.815033,436.45,6,1,Ahmedabad,Jaipur,1,desktop,1,1,0.87,0
T17541,M116,2026-08-09T03:38:21.815041,1880.31,3,1,Ahmedabad,Ahmedabad,0,desktop,0,1,0.63,0
T17542,M116,2026-07-25T18:14:03.815049,2982.12,18,0,Kolkata,Bhubaneswar,1,mobile,0,1,0.99,0
T17543,M107,2026-07-27T04:59:20.815057,685.16,4,1,Pune,Kolkata,1,desktop,0,5,1.37,0
T17544,M109,2026-08-14T02:04:00.815065,17979.23,2,1,Bengaluru,Chennai,1,tablet,0,1,0.9,0
T17545,M130,2026-08-14T18:54:21.815073,1230.33,18,0,Hyderabad,Hyderabad,0,tablet,0,1,0.82,0
T17546,M109,2026-08-22T08:18:57.815081,29736.31,8,1,Bengaluru,Kolkata,1,mobile,1,2,1.49,1
T17547,M105,2026-08-03T02:02:09.815091,16774.12,2,0,Mumbai,Hyderabad,1,tablet,0,2,0.84,0
T17548,M120,2026-07-26T22:36:57.815098,31753.59,22,0,Delhi,Bhubaneswar,1,mobile,1,1,10.58,0
T17549,M126,2026-08-18T10:12:30.815107,3437.93,10,0,Hyderabad,Ahmedabad,1,tablet,1,4,1.15,0
T17550,M107,2026-07-28T14:29:01.815115,375.66,14,0,Ahmedabad,Hyderabad,1,tablet,0,3,0.75,0
T17551,M104,2026-09-01T04:43:33.815124,28503.03,4,1,Bengaluru,Delhi,1,mobile,0,1,1.43,0
T17552,M126,2026-08-15T09:11:38.815131,1153.25,9,1,Jaipur,Kolkata,1,desktop,0,1,0.38,0
T17553,M129,2026-08-03T00:19:31.815139,455.51,0,1,Mumbai,Ahmedabad,1,tablet,0,2,0.91,0
T17554,M112,2026-07-27T04:16:02.815147,2129.26,4,0,Pune,Hyderabad,1,mobile,0,1,1.42,0
T17555,M119,2026-07-27T09:14:22.815155,8861.68,9,0,Pune,Ahmedabad,1,tablet,0,1,1.11,0
T17556,M108,2026-07-25T18:20:25.815163,624.74,18,0,Bengaluru,Pune,1,mobile,1,1,0.42,0
T17557,M122,2026-08-08T12:39:33.815172,245.23,12,0,Kolkata,Ahmedabad,1,tablet,0,1,0.49,0
T17558,M135,2026-08-14T07:13:51.815180,6040.25,7,0,Jaipur,Mumbai,1,tablet,0,1,2.01,0
T17559,M107,2026-08-11T00:22:54.815189,641.46,0,1,Kolkata,Delhi,1,mobile,0,1,1.28,0
T17560,M123,2026-08-01T09:43:31.815196,3901.8,9,1,Ahmedabad,Jaipur,1,mobile,0,1,0.49,0
T17561,M102,2026-08-16T16:36:18.815204,2659.83,16,0,Hyderabad,Jaipur,1,tablet,0,2,1.77,0
T17562,M108,2026-09-03T04:12:37.815212,447.07,4,1,Chennai,Chennai,0,desktop,0,1,0.3,0
T17563,M131,2026-08-20T02:45:40.815220,399.3,2,1,Bengaluru,Delhi,1,tablet,0,1,0.8,0
T17564,M134,2026-09-04T02:40:42.815227,3614.82,2,1,Hyderabad,Pune,1,desktop,0,1,1.2,0
T17565,M105,2026-08-14T14:34:58.815235,16655.26,14,0,Jaipur,Kolkata,1,mobile,0,1,0.83,0
T17566,M129,2026-08-17T03:42:15.815243,250.98,3,1,Kolkata,Jaipur,1,desktop,0,2,0.5,1
T17567,M129,2026-08-26T01:34:32.815252,733.8,1,1,Bhubaneswar,Bhubaneswar,0,desktop,0,1,1.47,0
T17568,M133,2026-08-07T15:22:36.815262,2887.32,15,0,Kolkata,Pune,1,mobile,0,1,0.96,0
T17569,M119,2026-08-17T12:17:33.815270,3689.51,12,0,Kolkata,Chennai,1,tablet,0,1,0.46,0
T17570,M105,2026-08-16T12:56:24.815278,16072.01,12,0,Kolkata,Chennai,1,mobile,0,2,0.8,0
T17571,M103,2026-08-09T17:53:20.815286,945.31,17,0,Pune,Bhubaneswar,1,desktop,0,1,1.89,0
T17572,M134,2026-08-02T20:02:03.815295,2335.92,20,0,Ahmedabad,Hyderabad,1,tablet,0,3,0.78,0
T17573,M101,2026-08-13T04:08:47.815306,3958.68,4,1,Ahmedabad,Mumbai,1,desktop,1,1,1.32,1
T17574,M105,2026-09-03T11:10:46.815314,13776.61,11,0,Kolkata,Delhi,1,mobile,0,1,0.69,0
T17575,M103,2026-08-21T13:23:06.815322,216.35,13,0,Kolkata,Mumbai,1,desktop,0,1,0.43,0
T17576,M115,2026-07-29T17:08:58.815330,7687.59,17,0,Hyderabad,Kolkata,1,tablet,0,1,0.96,0
T17577,M103,2026-07-26T23:17:05.815339,288.43,23,1,Ahmedabad,Hyderabad,1,mobile,0,1,0.58,0
T17578,M109,2026-09-03T06:55:15.815347,15119.53,6,1,Delhi,Ahmedabad,1,desktop,0,1,0.76,0
T17579,M114,2026-08-18T13:56:19.815355,527.93,13,0,Ahmedabad,Hyderabad,1,mobile,1,5,1.06,0
T17580,M121,2026-08-18T03:50:02.815363,14445.35,3,0,Bengaluru,Hyderabad,1,mobile,0,1,0.72,0
T17581,M116,2026-07-30T09:10:48.815371,3646.07,9,0,Bhubaneswar,Kolkata,1,desktop,0,2,1.22,0
T17582,M128,2026-08-05T10:47:19.815379,25343.8,10,0,Jaipur,Bhubaneswar,1,mobile,0,1,1.27,0
T17583,M100,2026-07-31T23:36:26.815387,645.15,23,1,Ahmedabad,Mumbai,1,tablet,0,2,1.29,1
T17584,M126,2026-07-24T00:40:11.815395,643.66,0,1,Hyderabad,Delhi,1,desktop,0,1,0.21,0
T17585,M115,2026-08-10T21:40:19.815403,1784.68,21,0,Hyderabad,Bhubaneswar,1,mobile,0,1,0.22,0
T17586,M121,2026-08-22T15:42:20.815411,17839.5,15,0,Ahmedabad,Pune,1,mobile,0,1,0.89,0
T17587,M115,2026-08-29T12:14:47.815420,12579.64,12,0,Pune,Jaipur,1,tablet,0,1,1.57,0
T17588,M124,2026-08-14T04:15:18.815428,465.79,4,0,Hyderabad,Ahmedabad,1,tablet,0,2,0.93,0
T17589,M115,2026-07-28T01:40:24.815436,5783.85,1,0,Kolkata,Chennai,1,desktop,0,3,0.72,0
T17590,M121,2026-08-24T19:20:04.815444,23338.94,19,0,Jaipur,Hyderabad,1,mobile,0,1,1.17,0
T17591,M102,2026-08-31T23:21:29.815452,1157.03,23,1,Delhi,Bengaluru,1,tablet,0,1,0.77,0
T17592,M139,2026-08-02T18:25:46.815460,1168.56,18,0,Mumbai,Hyderabad,1,tablet,0,1,0.78,0
T17593,M136,2026-08-20T18:12:00.815468,1117.11,18,0,Hyderabad,Chennai,1,desktop,0,1,0.74,0
T17594,M101,2026-08-10T15:06:49.815476,2749.49,15,0,Ahmedabad,Chennai,1,desktop,0,1,0.92,0
T17595,M119,2026-09-02T05:01:10.815484,61882.63,5,1,Jaipur,Ahmedabad,1,desktop,0,1,7.74,1
T17596,M112,2026-08-18T14:20:06.815493,841.5,14,0,Mumbai,Ahmedabad,1,mobile,0,2,0.56,0
T17597,M106,2026-08-18T01:55:46.815503,624.87,1,1,Mumbai,Jaipur,1,tablet,0,1,1.25,0
T17598,M138,2026-08-16T12:15:58.815511,771.41,12,0,Ahmedabad,Bhubaneswar,1,tablet,0,2,1.54,0
T17599,M108,2026-08-24T23:54:36.815519,2421.04,23,1,Mumbai,Pune,1,desktop,0,1,1.61,0
T17600,M122,2026-08-31T09:41:16.815527,593.14,9,1,Kolkata,Pune,1,mobile,1,1,1.19,1
T17601,M134,2026-07-23T08:32:40.815535,1932.43,8,1,Mumbai,Hyderabad,1,desktop,0,1,0.64,0
T17602,M127,2026-08-22T17:00:43.815543,33603.07,17,0,Mumbai,Mumbai,0,mobile,0,3,1.68,0
T17603,M102,2026-08-22T07:15:14.815551,1033.69,7,1,Jaipur,Ahmedabad,1,mobile,1,1,0.69,0
T17604,M106,2026-08-12T06:24:48.815559,652.48,6,1,Mumbai,Pune,1,tablet,0,1,1.3,0
T17605,M121,2026-09-01T14:08:35.815567,15741.22,14,0,Pune,Ahmedabad,1,tablet,0,1,0.79,0
T17606,M116,2026-08-30T14:00:09.815574,2046.84,14,0,Jaipur,Bhubaneswar,1,mobile,0,1,0.68,0
T17607,M131,2026-08-28T14:26:41.815584,537.24,14,0,Pune,Delhi,1,tablet,0,1,1.07,0
T17608,M124,2026-08-02T05:55:33.815592,582.32,5,0,Hyderabad,Bengaluru,1,tablet,0,1,1.16,0
T17609,M116,2026-08-24T13:35:48.815600,2696.55,13,0,Bhubaneswar,Ahmedabad,1,tablet,0,2,0.9,0
T17610,M131,2026-07-29T03:03:29.815607,370.08,3,1,Bengaluru,Jaipur,1,tablet,1,1,0.74,0
T17611,M133,2026-07-30T18:58:50.815615,3363.54,18,0,Delhi,Chennai,1,mobile,1,8,1.12,0
T17612,M109,2026-08-08T22:50:05.815623,20723.95,22,1,Bhubaneswar,Jaipur,1,tablet,0,1,1.04,0
T17613,M135,2026-07-25T04:40:23.815631,3147.52,4,0,Jaipur,Bengaluru,1,desktop,0,1,1.05,0
T17614,M137,2026-08-20T10:10:30.815639,5376.86,10,0,Pune,Mumbai,1,desktop,0,1,1.79,0
T17615,M109,2026-07-28T20:54:18.815647,15364.08,20,0,Jaipur,Jaipur,0,tablet,0,2,0.77,0
T17616,M105,2026-08-13T02:04:51.815655,15129.78,2,0,Bhubaneswar,Jaipur,1,desktop,1,1,0.76,0
T17617,M115,2026-09-03T13:43:03.815664,5468.93,13,0,Hyderabad,Jaipur,1,desktop,0,1,0.68,0
T17618,M129,2026-08-19T13:28:07.815673,436.12,13,0,Pune,Ahmedabad,1,mobile,0,1,0.87,0
T17619,M100,2026-08-06T06:58:27.815681,50,6,1,Chennai,Chennai,0,tablet,0,1,0.1,0
T17620,M107,2026-08-04T12:00:41.815689,460.69,12,0,Jaipur,Hyderabad,1,mobile,0,3,0.92,0
T17621,M133,2026-07-28T07:41:16.815697,3399.29,7,0,Ahmedabad,Mumbai,1,desktop,0,2,1.13,0
T17622,M106,2026-07-23T12:49:24.815705,953.43,12,0,Mumbai,Ahmedabad,1,desktop,1,1,1.91,0
T17623,M118,2026-08-28T02:23:41.815713,469.54,2,1,Mumbai,Kolkata,1,desktop,1,1,0.94,1
T17624,M118,2026-08-06T06:43:41.815723,316.42,6,1,Bengaluru,Ahmedabad,1,mobile,0,1,0.63,0
T17625,M139,2026-08-18T09:54:42.815731,2288.3,9,1,Kolkata,Kolkata,0,desktop,0,2,1.53,0
T17626,M117,2026-08-17T11:13:14.815739,1480.3,11,0,Bhubaneswar,Pune,1,desktop,0,1,0.99,0
T17627,M114,2026-08-01T23:56:43.815749,143.85,23,1,Pune,Bhubaneswar,1,tablet,0,2,0.29,0
T17628,M135,2026-08-01T01:42:19.815757,3149.94,1,0,Jaipur,Ahmedabad,1,mobile,0,1,1.05,0
T17629,M122,2026-08-12T23:33:34.815765,366.03,23,1,Bhubaneswar,Bengaluru,1,tablet,0,1,0.73,0
T17630,M129,2026-08-11T17:25:41.815773,275.46,17,0,Bhubaneswar,Ahmedabad,1,desktop,0,2,0.55,0
T17631,M117,2026-08-12T07:07:30.815781,1418.54,7,0,Ahmedabad,Kolkata,1,mobile,0,1,0.95,0
T17632,M127,2026-07-30T03:42:18.815790,8931.64,3,0,Chennai,Ahmedabad,1,tablet,0,4,0.45,0
T17633,M122,2026-08-07T15:30:53.815798,252.83,15,0,Kolkata,Bhubaneswar,1,tablet,0,1,0.51,0
T17634,M104,2026-07-28T01:46:04.815806,13034.74,1,1,Hyderabad,Hyderabad,0,desktop,1,2,0.65,0
T17635,M127,2026-07-24T10:55:12.815814,13091.91,10,0,Chennai,Chennai,0,desktop,1,1,0.65,0
T17636,M136,2026-08-25T07:49:10.815822,650.56,7,1,Chennai,Chennai,0,desktop,1,1,0.43,0
T17637,M105,2026-08-04T18:42:33.815833,196217.87,18,0,Ahmedabad,Ahmedabad,0,desktop,0,1,9.81,0
T17638,M109,2026-09-05T14:19:11.815842,9128.89,14,0,Hyderabad,Pune,1,mobile,0,5,0.46,0
T17639,M129,2026-08-11T16:27:56.815850,753.83,16,0,Ahmedabad,Hyderabad,1,tablet,0,1,1.51,0
T17640,M107,2026-08-16T18:05:57.815859,335.47,18,0,Hyderabad,Bengaluru,1,tablet,0,1,0.67,0
T17641,M129,2026-08-31T08:54:49.815868,576.46,8,1,Bhubaneswar,Hyderabad,1,tablet,0,2,1.15,0
T17642,M110,2026-08-13T16:36:46.815876,17290.91,16,0,Mumbai,Pune,1,desktop,1,2,0.86,0
T17643,M126,2026-09-05T23:05:54.815885,1441.72,23,1,Jaipur,Jaipur,0,desktop,0,4,0.48,0
T17644,M108,2026-08-31T08:23:08.815893,4238.31,8,1,Kolkata,Hyderabad,1,mobile,1,3,2.83,1
T17645,M137,2026-08-13T22:57:02.815902,2330.79,22,1,Jaipur,Bengaluru,1,desktop,0,1,0.78,0
T17646,M135,2026-08-18T16:16:03.815910,3901.63,16,0,Hyderabad,Delhi,1,mobile,0,2,1.3,0
T17647,M111,2026-08-10T03:21:51.815920,32031.75,3,0,Chennai,Mumbai,1,desktop,0,1,1.6,0
T17648,M133,2026-08-27T01:40:53.815929,3012.96,1,0,Kolkata,Jaipur,1,mobile,0,4,1.0,0
T17649,M133,2026-07-27T10:35:50.815937,2531.53,10,0,Ahmedabad,Ahmedabad,0,mobile,0,1,0.84,0
T17650,M110,2026-08-24T21:28:54.815945,9178.08,21,0,Chennai,Hyderabad,1,desktop,0,1,0.46,0
T17651,M108,2026-08-14T09:10:28.815953,1595.23,9,1,Delhi,Chennai,1,mobile,0,1,1.06,0
T17652,M121,2026-08-18T11:57:37.815961,32762.98,11,0,Pune,Hyderabad,1,mobile,0,1,1.64,0
T17653,M139,2026-09-04T13:16:50.815969,1548.44,13,0,Jaipur,Jaipur,0,desktop,0,1,1.03,0
T17654,M113,2026-07-31T17:34:30.815977,13480.56,17,0,Jaipur,Jaipur,0,tablet,0,1,0.67,0
T17655,M133,2026-07-26T03:48:02.815985,2764.69,3,0,Ahmedabad,Delhi,1,mobile,0,1,0.92,0
T17656,M134,2026-07-28T19:17:42.815994,2626.16,19,0,Bhubaneswar,Ahmedabad,1,desktop,0,1,0.88,0
T17657,M115,2026-08-02T05:41:13.816005,7565.35,5,0,Jaipur,Hyderabad,1,desktop,1,1,0.95,0
T17658,M137,2026-07-24T13:28:28.816013,2424.04,13,0,Jaipur,Delhi,1,mobile,0,1,0.81,0
T17659,M114,2026-08-25T12:03:55.816021,318.3,12,0,Delhi,Bhubaneswar,1,desktop,0,2,0.64,0
T17660,M117,2026-08-13T22:25:07.816029,1209.14,22,0,Hyderabad,Hyderabad,0,desktop,0,1,0.81,0
T17661,M110,2026-09-04T22:29:46.816042,28898.18,22,1,Bengaluru,Ahmedabad,1,mobile,1,8,1.44,1
T17662,M137,2026-09-04T23:06:25.816051,1696.01,23,1,Jaipur,Chennai,1,mobile,0,1,0.57,1
T17663,M128,2026-09-01T07:43:32.816059,21537.37,7,1,Bengaluru,Hyderabad,1,desktop,0,1,1.08,0
T17664,M116,2026-09-03T05:06:06.816067,2229.89,5,1,Bengaluru,Mumbai,1,mobile,0,3,0.74,0
T17665,M104,2026-07-29T07:59:24.816075,22707.9,7,1,Bhubaneswar,Delhi,1,tablet,0,1,1.14,1
T17666,M126,2026-08-24T20:17:51.816083,2469.39,20,1,Delhi,Bhubaneswar,1,desktop,1,2,0.82,1
T17667,M120,2026-08-24T23:10:16.816093,3185.52,23,0,Jaipur,Pune,1,tablet,0,4,1.06,0
T17668,M100,2026-07-31T18:50:28.816101,448.04,18,0,Bengaluru,Delhi,1,tablet,0,2,0.9,0
T17669,M126,2026-07-26T09:10:11.816109,2574.28,9,1,Bhubaneswar,Bengaluru,1,mobile,0,4,0.86,1
T17670,M119,2026-08-28T01:47:59.816117,8607.19,1,1,Hyderabad,Mumbai,1,tablet,0,1,1.08,0
T17671,M130,2026-09-03T18:23:07.816125,2470.25,18,0,Mumbai,Delhi,1,desktop,0,1,1.65,0
T17672,M126,2026-08-01T10:08:30.816133,3375.94,10,0,Mumbai,Pune,1,mobile,0,1,1.13,0
T17673,M106,2026-08-28T12:38:23.816141,638.39,12,0,Mumbai,Bhubaneswar,1,tablet,0,5,1.28,0
T17674,M128,2026-08-26T03:09:52.816149,8844.77,3,1,Bengaluru,Bengaluru,0,tablet,0,1,0.44,0
T17675,M126,2026-08-15T07:47:19.816157,3292.53,7,1,Chennai,Chennai,0,desktop,0,1,1.1,0
T17676,M119,2026-08-03T19:08:28.816170,11423.38,19,0,Kolkata,Ahmedabad,1,tablet,0,1,1.43,0
T17677,M133,2026-08-26T22:30:01.816181,3206.09,22,0,Chennai,Ahmedabad,1,tablet,0,3,1.07,0
T17678,M138,2026-08-31T22:00:18.816189,496.56,22,1,Mumbai,Ahmedabad,1,mobile,1,1,0.99,1
T17679,M103,2026-08-18T16:36:40.816198,369.8,16,0,Ahmedabad,Kolkata,1,desktop,1,2,0.74,0
T17680,M122,2026-08-10T12:18:36.816206,639.73,12,0,Delhi,Jaipur,1,mobile,0,1,1.28,0
T17681,M133,2026-09-01T00:06:42.816215,4623.45,0,0,Chennai,Hyderabad,1,desktop,1,1,1.54,0
T17682,M120,2026-08-23T04:45:23.816223,1839.25,4,0,Mumbai,Mumbai,0,tablet,0,1,0.61,0
T17683,M136,2026-08-14T00:47:13.816232,1415.32,0,1,Bengaluru,Bengaluru,0,mobile,0,1,0.94,0
T17684,M128,2026-09-01T04:04:35.816240,16844.67,4,1,Hyderabad,Mumbai,1,tablet,0,1,0.84,0
T17685,M127,2026-08-16T09:01:43.816248,28887.86,9,0,Chennai,Bengaluru,1,desktop,1,3,1.44,1
T17686,M127,2026-07-26T23:22:22.816256,9832.58,23,0,Pune,Pune,0,tablet,0,3,0.49,0
T17687,M110,2026-08-14T13:59:44.816266,16898.94,13,0,Ahmedabad,Jaipur,1,mobile,0,1,0.84,0
T17688,M107,2026-08-27T03:03:24.816274,425.31,3,1,Hyderabad,Jaipur,1,mobile,0,1,0.85,0
T17689,M138,2026-08-06T00:58:59.816283,710.49,0,1,Jaipur,Kolkata,1,desktop,0,1,1.42,0
T17690,M117,2026-07-26T12:26:22.816291,1034.81,12,0,Chennai,Bhubaneswar,1,tablet,0,1,0.69,0
T17691,M127,2026-09-04T10:52:59.816299,19257.28,10,0,Bengaluru,Bengaluru,0,tablet,0,1,0.96,0
T17692,M128,2026-08-21T03:56:19.816307,20264.12,3,1,Delhi,Hyderabad,1,desktop,0,1,1.01,0
T17693,M136,2026-08-13T01:25:58.816315,1446.17,1,1,Hyderabad,Jaipur,1,tablet,0,3,0.96,0
T17694,M139,2026-08-12T22:03:47.816323,1042.39,22,1,Ahmedabad,Mumbai,1,mobile,1,3,0.69,1
T17695,M130,2026-08-06T15:18:04.816331,1961.22,15,0,Bhubaneswar,Delhi,1,desktop,0,1,1.31,0
T17696,M128,2026-08-24T17:11:36.816342,19860.06,17,0,Mumbai,Jaipur,1,tablet,0,1,0.99,0
T17697,M102,2026-09-04T22:06:38.816352,1522.58,22,1,Kolkata,Ahmedabad,1,mobile,0,1,1.02,0
T17698,M135,2026-08-17T01:14:21.816361,1232.27,1,0,Mumbai,Hyderabad,1,mobile,0,2,0.41,0
T17699,M139,2026-07-26T02:47:40.816369,1172.79,2,1,Mumbai,Chennai,1,mobile,0,1,0.78,0
T17700,M125,2026-08-13T04:07:17.816377,575.51,4,1,Chennai,Mumbai,1,tablet,1,1,1.15,1
T17701,M132,2026-08-30T03:53:58.816388,55.81,3,0,Jaipur,Bengaluru,1,desktop,0,1,0.11,0
T17702,M128,2026-08-21T07:01:32.816396,21917.11,7,1,Mumbai,Delhi,1,tablet,0,1,1.1,0
T17703,M139,2026-08-07T06:24:35.816404,1837.98,6,1,Bhubaneswar,Kolkata,1,mobile,0,1,1.23,1
T17704,M104,2026-08-21T03:36:30.816412,21220.17,3,1,Jaipur,Ahmedabad,1,mobile,0,1,1.06,0
T17705,M107,2026-08-14T16:46:27.816421,6087.22,16,0,Ahmedabad,Kolkata,1,mobile,0,1,12.17,0
T17706,M106,2026-08-12T18:28:07.816430,359.54,18,0,Jaipur,Chennai,1,desktop,0,1,0.72,0
T17707,M129,2026-07-29T11:22:15.816440,422.43,11,0,Ahmedabad,Pune,1,mobile,0,2,0.84,0
T17708,M137,2026-08-25T09:57:34.816448,2924.76,9,1,Jaipur,Bengaluru,1,tablet,1,1,0.97,1
T17709,M111,2026-08-09T19:34:50.816457,8246.07,19,0,Bhubaneswar,Kolkata,1,tablet,0,1,0.41,0
T17710,M126,2026-07-24T05:34:28.816465,4979.7,5,1,Pune,Jaipur,1,desktop,0,1,1.66,1
T17711,M101,2026-08-03T12:54:52.816473,4875.05,12,0,Pune,Jaipur,1,mobile,0,2,1.63,0
T17712,M103,2026-08-12T04:28:32.816481,460.26,4,1,Ahmedabad,Ahmedabad,0,tablet,0,2,0.92,0
T17713,M127,2026-07-23T20:26:18.816489,214772.74,20,0,Hyderabad,Jaipur,1,mobile,1,3,10.74,1
T17714,M115,2026-08-26T23:27:43.816498,2731.07,23,0,Bengaluru,Hyderabad,1,desktop,1,1,0.34,0
T17715,M139,2026-08-27T04:54:17.816506,694.1,4,1,Jaipur,Ahmedabad,1,mobile,0,2,0.46,0
T17716,M124,2026-08-01T14:24:47.816514,352.63,14,0,Delhi,Kolkata,1,desktop,0,1,0.71,0
T17717,M130,2026-07-31T22:16:17.816524,697.85,22,0,Hyderabad,Pune,1,desktop,0,3,0.47,0
T17718,M121,2026-08-16T16:21:34.816532,16884.85,16,0,Bengaluru,Mumbai,1,mobile,0,1,0.84,0
T17719,M123,2026-07-23T16:20:44.816540,8405.28,16,0,Delhi,Jaipur,1,desktop,0,4,1.05,0
T17720,M103,2026-08-23T15:58:28.816548,441.65,15,0,Chennai,Bengaluru,1,mobile,0,1,0.88,0
T17721,M112,2026-08-23T08:44:39.816556,1844.43,8,0,Bhubaneswar,Bengaluru,1,tablet,0,2,1.23,0
T17722,M111,2026-08-24T20:43:19.816564,15397.97,20,0,Jaipur,Hyderabad,1,mobile,0,1,0.77,0
T17723,M115,2026-07-29T13:10:55.816572,13394.52,13,0,Ahmedabad,Kolkata,1,tablet,1,1,1.67,0
T17724,M130,2026-08-23T18:53:56.816580,1439.81,18,0,Hyderabad,Mumbai,1,tablet,0,1,0.96,0
T17725,M101,2026-09-01T18:09:26.816588,4400.59,18,0,Jaipur,Mumbai,1,tablet,0,2,1.47,0
T17726,M130,2026-08-17T14:34:04.816598,1362.06,14,0,Chennai,Hyderabad,1,tablet,0,1,0.91,0
T17727,M119,2026-08-02T15:04:29.816608,10045.77,15,0,Delhi,Delhi,0,tablet,0,2,1.26,0
T17728,M125,2026-09-03T02:34:24.816616,672.59,2,1,Pune,Mumbai,1,desktop,0,1,1.35,0
T17729,M123,2026-07-27T17:24:57.816624,9598.35,17,0,Delhi,Kolkata,1,mobile,0,2,1.2,0
T17730,M135,2026-08-28T15:00:35.816632,3793.64,15,0,Ahmedabad,Hyderabad,1,desktop,0,2,1.26,0
T17731,M115,2026-07-23T14:44:37.816640,6429.25,14,0,Bengaluru,Kolkata,1,mobile,0,1,0.8,0
T17732,M108,2026-08-11T11:31:45.816648,2130.3,11,0,Ahmedabad,Bengaluru,1,tablet,0,1,1.42,0
T17733,M119,2026-08-28T03:48:59.816656,42968.33,3,1,Ahmedabad,Pune,1,mobile,0,2,5.37,1
T17734,M136,2026-08-03T12:01:00.816664,580.61,12,0,Mumbai,Bhubaneswar,1,tablet,0,1,0.39,0
T17735,M135,2026-08-19T13:51:46.816672,1566.67,13,0,Kolkata,Chennai,1,tablet,1,1,0.52,0
T17736,M105,2026-08-28T19:40:33.816680,21428.75,19,0,Mumbai,Hyderabad,1,mobile,0,3,1.07,0
T17737,M119,2026-07-31T10:10:58.816690,6985.55,10,0,Delhi,Hyderabad,1,tablet,0,1,0.87,0
T17738,M115,2026-09-03T15:08:07.816697,10575.31,15,0,Mumbai,Chennai,1,tablet,0,3,1.32,0
T17739,M112,2026-07-24T09:27:23.816705,599.96,9,0,Bhubaneswar,Hyderabad,1,tablet,0,1,0.4,0
T17740,M111,2026-07-24T06:32:47.816713,26620.86,6,0,Mumbai,Mumbai,0,tablet,0,1,1.33,0
T17741,M105,2026-08-16T19:40:23.816721,32006.86,19,0,Mumbai,Kolkata,1,tablet,0,1,1.6,0
T17742,M117,2026-08-03T17:30:12.816730,1019.03,17,0,Hyderabad,Mumbai,1,desktop,0,1,0.68,0
T17743,M131,2026-08-12T01:43:44.816738,472.76,1,1,Mumbai,Bhubaneswar,1,desktop,0,1,0.95,0
T17744,M111,2026-08-07T18:48:34.816746,27617.4,18,0,Kolkata,Ahmedabad,1,desktop,0,1,1.38,0
T17745,M106,2026-08-05T07:20:31.816754,722.05,7,1,Mumbai,Hyderabad,1,desktop,0,1,1.44,1
T17746,M104,2026-08-30T14:18:00.816762,18890.72,14,0,Delhi,Hyderabad,1,tablet,0,1,0.94,0
T17747,M110,2026-08-21T17:10:08.816771,22837.07,17,0,Hyderabad,Ahmedabad,1,mobile,0,1,1.14,0
T17748,M111,2026-08-17T23:55:13.816780,20934.52,23,0,Jaipur,Jaipur,0,desktop,0,1,1.05,0
T17749,M134,2026-08-29T18:08:17.816788,2878.3,18,0,Delhi,Bengaluru,1,mobile,0,1,0.96,0
T17750,M117,2026-08-18T21:30:29.816796,2215.37,21,0,Pune,Pune,0,tablet,0,3,1.48,0
T17751,M102,2026-08-01T03:10:41.816804,904.12,3,1,Bengaluru,Delhi,1,tablet,0,1,0.6,0
T17752,M102,2026-08-27T05:57:58.816812,977.38,5,1,Jaipur,Chennai,1,mobile,0,2,0.65,0
T17753,M116,2026-07-23T10:01:33.816820,1186.19,10,0,Delhi,Kolkata,1,tablet,0,1,0.4,0
T17754,M104,2026-08-03T00:51:01.816828,15635.92,0,1,Kolkata,Bengaluru,1,mobile,0,1,0.78,0
T17755,M127,2026-08-08T04:25:29.816836,26643.21,4,0,Delhi,Pune,1,tablet,0,1,1.33,0
T17756,M114,2026-08-08T09:36:39.816843,289.43,9,0,Bengaluru,Ahmedabad,1,desktop,0,4,0.58,0
T17757,M138,2026-08-25T02:31:56.816853,171.59,2,1,Mumbai,Pune,1,tablet,1,1,0.34,1
T17758,M124,2026-07-27T18:42:30.816861,334.5,18,0,Kolkata,Jaipur,1,desktop,0,4,0.67,0
T17759,M127,2026-08-27T02:40:25.816870,22161.06,2,0,Chennai,Mumbai,1,tablet,0,2,1.11,0
T17760,M109,2026-08-22T20:31:00.816878,2177.4,20,0,Ahmedabad,Delhi,1,mobile,1,1,0.11,0
T17761,M109,2026-08-29T16:29:44.816886,19187.25,16,0,Pune,Jaipur,1,desktop,0,1,0.96,0
T17762,M101,2026-07-25T23:59:18.816894,3218.82,23,1,Delhi,Chennai,1,tablet,0,1,1.07,0
T17763,M121,2026-08-04T17:13:17.816903,10200.82,17,0,Delhi,Bengaluru,1,desktop,0,8,0.51,0
T17764,M126,2026-07-25T20:41:09.816912,1514.78,20,1,Jaipur,Bengaluru,1,tablet,0,1,0.5,0
T17765,M139,2026-08-07T04:18:46.816921,1881.36,4,1,Delhi,Jaipur,1,desktop,0,1,1.25,0
T17766,M137,2026-08-11T17:29:04.816928,1734.92,17,0,Pune,Bhubaneswar,1,desktop,0,1,0.58,0
T17767,M135,2026-08-14T22:06:28.816938,3135.65,22,0,Jaipur,Pune,1,desktop,0,1,1.05,0
T17768,M105,2026-08-29T08:57:32.816946,2777.96,8,0,Chennai,Jaipur,1,mobile,0,1,0.14,0
T17769,M112,2026-08-02T13:23:02.816954,1322.75,13,0,Jaipur,Ahmedabad,1,desktop,0,4,0.88,0
T17770,M128,2026-08-27T00:14:10.816962,23615.17,0,1,Delhi,Hyderabad,1,desktop,1,1,1.18,1
T17771,M114,2026-08-11T08:35:48.816969,868.28,8,1,Ahmedabad,Kolkata,1,mobile,1,1,1.74,1
T17772,M134,2026-07-30T11:58:02.816977,4800.73,11,0,Bhubaneswar,Pune,1,tablet,0,1,1.6,0
T17773,M105,2026-08-23T02:22:24.816985,16051.78,2,0,Bengaluru,Chennai,1,desktop,0,1,0.8,0
T17774,M115,2026-08-24T21:04:08.816993,9098.82,21,0,Chennai,Bengaluru,1,mobile,0,2,1.14,0
T17775,M116,2026-08-29T16:50:42.817001,2106.33,16,0,Delhi,Chennai,1,mobile,0,1,0.7,0
T17776,M103,2026-07-25T17:44:48.817008,182.46,17,0,Bhubaneswar,Bhubaneswar,0,mobile,0,5,0.36,0
T17777,M116,2026-08-25T15:26:41.817019,2671.06,15,0,Pune,Bhubaneswar,1,desktop,0,2,0.89,0
T17778,M108,2026-08-26T20:22:18.817027,1886.2,20,1,Bengaluru,Jaipur,1,mobile,1,1,1.26,1
T17779,M108,2026-08-13T11:22:33.817035,1476.52,11,0,Mumbai,Ahmedabad,1,desktop,0,1,0.98,0
T17780,M130,2026-08-11T05:16:16.817043,1387.81,5,0,Delhi,Ahmedabad,1,tablet,0,1,0.93,0
T17781,M111,2026-07-31T20:03:53.817051,25612.1,20,0,Delhi,Ahmedabad,1,tablet,1,1,1.28,1
T17782,M109,2026-08-29T00:39:56.817059,18790.86,0,1,Ahmedabad,Mumbai,1,mobile,0,1,0.94,0
T17783,M125,2026-07-23T15:20:10.817067,424.26,15,0,Delhi,Bengaluru,1,desktop,0,3,0.85,0
T17784,M136,2026-08-24T14:58:18.817075,229.83,14,0,Mumbai,Bhubaneswar,1,desktop,0,1,0.15,0
T17785,M105,2026-08-28T18:13:51.817083,15874.66,18,0,Bhubaneswar,Ahmedabad,1,mobile,0,1,0.79,0
T17786,M111,2026-08-08T17:46:48.817091,36798.09,17,0,Delhi,Pune,1,desktop,0,1,1.84,0
T17787,M117,2026-08-24T11:23:27.817100,505.72,11,0,Pune,Mumbai,1,desktop,0,2,0.34,0
T17788,M126,2026-07-30T18:13:45.817108,2142.57,18,0,Ahmedabad,Chennai,1,tablet,0,1,0.71,0
T17789,M130,2026-07-26T16:44:51.817117,1451.81,16,0,Delhi,Hyderabad,1,tablet,0,1,0.97,0
T17790,M107,2026-08-03T06:36:29.817125,504.0,6,1,Ahmedabad,Mumbai,1,desktop,0,2,1.01,0
T17791,M133,2026-08-30T07:22:51.817133,3599.77,7,0,Bhubaneswar,Bhubaneswar,0,mobile,0,1,1.2,0
T17792,M105,2026-07-23T20:53:34.817141,20891.17,20,0,Ahmedabad,Bhubaneswar,1,tablet,0,1,1.04,0
T17793,M100,2026-07-30T19:10:39.817149,823.52,19,0,Kolkata,Ahmedabad,1,mobile,0,2,1.65,0
T17794,M138,2026-08-02T04:12:17.817157,518.86,4,1,Ahmedabad,Kolkata,1,tablet,0,1,1.04,0
T17795,M137,2026-08-27T23:03:10.817165,1136.25,23,1,Mumbai,Mumbai,0,desktop,0,1,0.38,0
T17796,M131,2026-08-05T14:56:46.817173,748.03,14,0,Pune,Delhi,1,desktop,0,1,1.5,0
T17797,M115,2026-08-28T23:34:59.817182,8973.72,23,0,Jaipur,Bengaluru,1,desktop,0,1,1.12,0
T17798,M122,2026-08-08T15:48:20.817190,588.47,15,0,Jaipur,Mumbai,1,desktop,0,2,1.18,0
T17799,M132,2026-08-19T08:46:19.817199,6540.34,8,0,Hyderabad,Jaipur,1,tablet,0,1,13.08,0
T17800,M106,2026-07-23T02:54:31.817208,392.88,2,1,Pune,Mumbai,1,desktop,0,2,0.79,0
T17801,M116,2026-08-16T23:24:25.817216,4482.73,23,1,Ahmedabad,Delhi,1,tablet,0,1,1.49,1
T17802,M115,2026-09-02T14:03:44.817224,8277.37,14,0,Bhubaneswar,Bengaluru,1,mobile,0,1,1.03,0
T17803,M133,2026-08-21T04:51:11.817232,3666.72,4,0,Kolkata,Jaipur,1,desktop,0,3,1.22,0
T17804,M132,2026-09-01T18:30:04.817240,321.39,18,0,Jaipur,Hyderabad,1,tablet,1,1,0.64,0
T17805,M138,2026-07-23T12:48:45.817248,366.53,12,0,Kolkata,Delhi,1,mobile,0,1,0.73,0
T17806,M133,2026-08-27T06:41:11.817255,4159.96,6,0,Hyderabad,Jaipur,1,tablet,0,2,1.39,0
T17807,M129,2026-08-07T08:54:56.817265,785.38,8,1,Ahmedabad,Bengaluru,1,desktop,0,1,1.57,0
T17808,M120,2026-07-24T08:34:46.817273,1287.31,8,0,Jaipur,Ahmedabad,1,mobile,0,1,0.43,0
T17809,M128,2026-08-16T02:01:57.817281,4141.82,2,1,Ahmedabad,Jaipur,1,tablet,0,1,0.21,0
T17810,M116,2026-08-31T15:54:12.817289,3789.4,15,0,Mumbai,Mumbai,0,desktop,0,2,1.26,0
T17811,M127,2026-08-16T15:48:30.817297,18380.23,15,0,Kolkata,Pune,1,desktop,1,1,0.92,0
T17812,M115,2026-08-11T10:39:25.817305,22121.1,10,0,Bhubaneswar,Ahmedabad,1,desktop,0,1,2.77,0
T17813,M119,2026-08-23T10:54:11.817314,9267.73,10,0,Hyderabad,Jaipur,1,tablet,0,1,1.16,0
T17814,M122,2026-09-05T12:23:43.817322,833.77,12,0,Hyderabad,Pune,1,tablet,0,1,1.67,0
T17815,M135,2026-08-06T05:33:18.817330,3079.65,5,0,Pune,Pune,0,desktop,1,1,1.03,0
T17816,M128,2026-08-17T06:25:02.817338,14716.58,6,1,Ahmedabad,Kolkata,1,mobile,0,1,0.74,1
T17817,M111,2026-08-29T19:25:48.817347,35715.6,19,0,Bhubaneswar,Jaipur,1,mobile,0,4,1.79,0
T17818,M114,2026-08-23T06:55:20.817355,545.93,6,1,Kolkata,Bhubaneswar,1,mobile,0,2,1.09,0
T17819,M111,2026-08-07T22:01:16.817363,15835.54,22,0,Bhubaneswar,Mumbai,1,desktop,0,2,0.79,0
T17820,M104,2026-08-21T19:36:21.817371,36347.07,19,0,Jaipur,Bhubaneswar,1,tablet,0,1,1.82,0
T17821,M115,2026-08-26T17:04:09.817379,4954.23,17,0,Chennai,Pune,1,desktop,0,2,0.62,0
T17822,M111,2026-08-07T06:44:19.817387,10504.61,6,0,Bengaluru,Jaipur,1,desktop,0,2,0.53,0
T17823,M114,2026-09-03T10:53:22.817396,347.49,10,0,Jaipur,Bengaluru,1,mobile,0,5,0.69,0
T17824,M135,2026-08-30T10:55:14.817404,25091.09,10,0,Hyderabad,Pune,1,tablet,0,1,8.36,0
T17825,M122,2026-09-02T04:38:33.817413,574.97,4,1,Mumbai,Chennai,1,desktop,0,2,1.15,0
T17826,M109,2026-07-30T04:51:45.817421,18998.43,4,1,Bengaluru,Pune,1,tablet,0,1,0.95,0
T17827,M120,2026-09-04T17:31:09.817430,3808.85,17,0,Bhubaneswar,Hyderabad,1,tablet,0,1,1.27,0
T17828,M100,2026-08-18T09:05:45.817442,461.88,9,0,Kolkata,Bengaluru,1,desktop,0,2,0.92,0
T17829,M115,2026-09-01T21:27:22.817452,8747.61,21,0,Hyderabad,Bhubaneswar,1,desktop,0,4,1.09,0
T17830,M107,2026-08-14T13:27:54.817460,981.47,13,0,Hyderabad,Kolkata,1,tablet,0,1,1.96,0
T17831,M138,2026-08-29T22:53:25.817468,429.04,22,1,Hyderabad,Kolkata,1,mobile,0,3,0.86,0
T17832,M111,2026-08-14T21:24:14.817476,39056.51,21,0,Jaipur,Delhi,1,mobile,0,1,1.95,0
T17833,M137,2026-09-02T08:12:37.817485,5929.58,8,1,Delhi,Jaipur,1,desktop,0,1,1.98,0
T17834,M110,2026-08-08T14:21:07.817493,26203.44,14,0,Bengaluru,Pune,1,desktop,0,1,1.31,0
T17835,M111,2026-07-30T14:09:56.817502,2680.64,14,0,Mumbai,Hyderabad,1,desktop,0,2,0.13,0
T17836,M119,2026-07-25T00:55:09.817509,9906.8,0,1,Chennai,Mumbai,1,mobile,1,1,1.24,1
T17837,M129,2026-08-18T08:33:32.817519,351.05,8,1,Mumbai,Kolkata,1,mobile,0,1,0.7,0
T17838,M104,2026-08-22T02:36:07.817527,12725.45,2,1,Delhi,Mumbai,1,mobile,0,2,0.64,1
T17839,M104,2026-08-31T11:25:14.817536,18318.31,11,0,Kolkata,Pune,1,desktop,0,1,0.92,0
T17840,M113,2026-07-31T09:49:41.817543,24726.68,9,0,Kolkata,Delhi,1,desktop,0,1,1.24,0
T17841,M138,2026-08-31T08:17:37.817551,474.89,8,1,Ahmedabad,Bhubaneswar,1,tablet,0,2,0.95,0
T17842,M119,2026-08-14T14:49:17.817559,7481.4,14,0,Kolkata,Bengaluru,1,mobile,0,1,0.94,0
T17843,M128,2026-08-31T12:11:25.817567,18436.48,12,0,Bhubaneswar,Delhi,1,desktop,0,1,0.92,0
T17844,M102,2026-08-21T02:59:37.817575,1860.39,2,1,Hyderabad,Kolkata,1,mobile,0,2,1.24,0
T17845,M129,2026-08-27T06:16:19.817583,442.19,6,1,Mumbai,Kolkata,1,desktop,0,1,0.88,0
T17846,M120,2026-07-29T04:55:28.817591,1447.83,4,0,Jaipur,Hyderabad,1,mobile,0,2,0.48,0
T17847,M137,2026-08-16T10:27:15.817600,3270.15,10,0,Bengaluru,Delhi,1,tablet,0,2,1.09,0
T17848,M107,2026-08-12T22:55:32.817608,790.25,22,1,Chennai,Pune,1,mobile,1,1,1.58,0
T17849,M131,2026-07-23T16:43:20.817617,411.78,16,0,Mumbai,Jaipur,1,tablet,0,1,0.82,0
T17850,M107,2026-08-07T09:59:47.817625,418.93,9,0,Ahmedabad,Chennai,1,mobile,1,1,0.84,0
T17851,M107,2026-09-02T14:19:45.817633,150.21,14,0,Kolkata,Pune,1,desktop,0,1,0.3,0
T17852,M126,2026-07-29T12:36:40.817641,4685.51,12,0,Ahmedabad,Bhubaneswar,1,desktop,0,1,1.56,0
T17853,M128,2026-07-30T14:42:41.817649,24028.39,14,0,Bhubaneswar,Hyderabad,1,mobile,0,1,1.2,0
T17854,M101,2026-07-30T04:44:21.817657,4186.04,4,1,Bengaluru,Mumbai,1,desktop,0,1,1.4,0
T17855,M121,2026-08-30T07:40:34.817665,22580.27,7,0,Delhi,Hyderabad,1,desktop,0,1,1.13,0
T17856,M128,2026-08-07T11:11:18.817673,30189.37,11,0,Bengaluru,Kolkata,1,desktop,0,1,1.51,0
T17857,M107,2026-07-28T18:19:37.817682,214.01,18,0,Bengaluru,Mumbai,1,desktop,0,2,0.43,0
T17858,M120,2026-07-26T04:29:19.817690,3120.27,4,0,Bhubaneswar,Bhubaneswar,0,desktop,0,2,1.04,0
T17859,M126,2026-08-06T02:32:57.817698,5467.37,2,1,Ahmedabad,Ahmedabad,0,mobile,0,1,1.82,0
T17860,M111,2026-07-26T11:58:59.817706,15573.25,11,0,Chennai,Bengaluru,1,mobile,1,1,0.78,0
T17861,M122,2026-08-28T19:49:13.817714,640.9,19,1,Bhubaneswar,Chennai,1,mobile,0,1,1.28,0
T17862,M116,2026-09-01T23:44:23.817722,1855.87,23,1,Ahmedabad,Jaipur,1,tablet,0,2,0.62,0
T17863,M139,2026-08-16T08:25:37.817730,1211.01,8,1,Kolkata,Kolkata,0,mobile,0,3,0.81,0
T17864,M128,2026-09-03T08:42:29.817738,21226.95,8,1,Jaipur,Bhubaneswar,1,mobile,0,1,1.06,0
T17865,M102,2026-09-05T08:05:12.817746,1534.76,8,1,Pune,Pune,0,desktop,0,3,1.02,0
T17866,M111,2026-07-28T14:00:04.817754,28188.68,14,0,Bengaluru,Chennai,1,tablet,1,1,1.41,0
T17867,M101,2026-08-13T20:46:23.817764,2876.75,20,0,Pune,Chennai,1,desktop,1,1,0.96,0
T17868,M120,2026-08-30T11:45:39.817772,2383.97,11,0,Ahmedabad,Ahmedabad,0,desktop,0,4,0.79,0
T17869,M119,2026-07-29T11:10:10.817780,9718.36,11,0,Jaipur,Mumbai,1,desktop,0,2,1.21,0
T17870,M100,2026-08-29T21:44:11.817788,727.59,21,0,Hyderabad,Kolkata,1,mobile,0,1,1.46,0
T17871,M115,2026-07-31T13:52:28.817796,17543.17,13,0,Bhubaneswar,Delhi,1,desktop,1,1,2.19,0
T17872,M106,2026-08-15T15:45:42.817804,229.3,15,0,Jaipur,Chennai,1,mobile,0,1,0.46,0
T17873,M119,2026-08-11T22:02:44.817812,5315.84,22,1,Bhubaneswar,Mumbai,1,mobile,0,2,0.66,0
T17874,M103,2026-08-23T17:57:19.817820,617.44,17,0,Hyderabad,Bhubaneswar,1,mobile,0,3,1.23,0
T17875,M122,2026-08-25T20:36:32.817828,937.76,20,1,Mumbai,Ahmedabad,1,mobile,0,1,1.88,0
T17876,M126,2026-08-15T18:15:07.817835,3801.52,18,0,Hyderabad,Jaipur,1,desktop,0,1,1.27,0
T17877,M101,2026-08-30T05:52:48.817845,2056.84,5,1,Kolkata,Delhi,1,tablet,0,1,0.69,0
T17878,M113,2026-08-17T09:58:12.817853,10246.25,9,0,Bengaluru,Kolkata,1,mobile,0,1,0.51,0
T17879,M118,2026-08-28T16:39:36.817861,600.38,16,0,Pune,Delhi,1,desktop,0,2,1.2,0
T17880,M114,2026-07-30T14:16:07.817871,642.44,14,0,Jaipur,Delhi,1,mobile,0,1,1.28,0
T17881,M104,2026-08-31T05:58:15.817881,33730.01,5,1,Delhi,Ahmedabad,1,desktop,0,1,1.69,1
T17882,M133,2026-08-01T01:34:37.817889,3697.88,1,0,Delhi,Ahmedabad,1,tablet,0,1,1.23,0
T17883,M135,2026-08-13T05:40:11.817897,1858.11,5,0,Kolkata,Delhi,1,mobile,0,1,0.62,0
T17884,M118,2026-08-27T07:11:34.817905,495.06,7,1,Pune,Ahmedabad,1,desktop,1,1,0.99,1
T17885,M130,2026-09-04T07:29:30.817914,1786.98,7,0,Bhubaneswar,Jaipur,1,mobile,0,1,1.19,0
T17886,M134,2026-08-30T06:23:33.817922,16760.74,6,1,Bengaluru,Bhubaneswar,1,tablet,0,1,5.59,1
T17887,M120,2026-08-13T17:06:17.817933,2543.88,17,0,Pune,Bengaluru,1,desktop,0,1,0.85,0
T17888,M119,2026-09-02T06:51:28.817941,5097.34,6,1,Mumbai,Chennai,1,desktop,0,3,0.64,0
T17889,M103,2026-08-27T08:31:28.817949,313.5,8,1,Kolkata,Chennai,1,desktop,0,1,0.63,0
T17890,M136,2026-07-25T17:13:20.817957,1583.98,17,0,Delhi,Bengaluru,1,tablet,0,1,1.06,0
T17891,M125,2026-08-29T09:52:00.817965,865.56,9,1,Ahmedabad,Mumbai,1,tablet,0,4,1.73,0
T17892,M104,2026-08-02T14:07:21.817974,25067.71,14,0,Delhi,Bengaluru,1,mobile,0,1,1.25,0
T17893,M106,2026-08-09T00:53:13.817982,257.95,0,1,Bengaluru,Pune,1,tablet,1,1,0.52,1
T17894,M130,2026-08-25T15:11:34.817990,1391.9,15,0,Jaipur,Pune,1,tablet,0,1,0.93,0
T17895,M113,2026-07-31T07:24:15.817999,24849.46,7,0,Pune,Ahmedabad,1,mobile,1,1,1.24,0
T17896,M128,2026-09-02T11:00:25.818006,34735.48,11,0,Chennai,Jaipur,1,desktop,1,1,1.74,0
T17897,M128,2026-08-23T16:18:20.818016,33369.89,16,0,Delhi,Jaipur,1,desktop,0,1,1.67,0
T17898,M120,2026-07-29T12:53:33.818023,1932.97,12,0,Jaipur,Chennai,1,tablet,0,3,0.64,0
T17899,M137,2026-07-30T10:08:08.818032,2299.37,10,0,Ahmedabad,Pune,1,tablet,0,1,0.77,0
T17900,M109,2026-08-13T20:41:51.818044,18053.88,20,0,Mumbai,Mumbai,0,mobile,0,1,0.9,0
T17901,M108,2026-08-16T20:11:10.818053,1032.5,20,1,Delhi,Delhi,0,desktop,0,1,0.69,0
T17902,M131,2026-08-18T09:46:39.818061,148.77,9,0,Ahmedabad,Chennai,1,tablet,0,1,0.3,0
T17903,M129,2026-08-27T08:13:42.818069,170.92,8,1,Hyderabad,Bhubaneswar,1,desktop,0,2,0.34,0
T17904,M114,2026-07-29T01:00:13.818077,267.2,1,1,Delhi,Mumbai,1,desktop,0,1,0.53,0
T17905,M131,2026-08-13T01:45:46.818086,622.43,1,1,Chennai,Delhi,1,tablet,1,1,1.24,0
T17906,M117,2026-08-18T14:26:40.818094,1100.97,14,0,Jaipur,Jaipur,0,tablet,0,1,0.73,0
T17907,M108,2026-08-05T22:01:58.818104,2144.04,22,1,Chennai,Bhubaneswar,1,tablet,0,1,1.43,1
T17908,M114,2026-08-16T08:45:30.818112,50,8,1,Pune,Delhi,1,mobile,1,1,0.1,1
T17909,M126,2026-08-12T10:59:16.818120,4677.72,10,0,Ahmedabad,Hyderabad,1,mobile,0,1,1.56,0
T17910,M105,2026-08-25T17:46:35.818129,10267.19,17,0,Bengaluru,Delhi,1,mobile,1,1,0.51,0
T17911,M135,2026-08-12T00:13:38.818137,3315.06,0,0,Mumbai,Kolkata,1,mobile,1,1,1.11,0
T17912,M121,2026-08-12T05:18:46.818147,19775.39,5,0,Delhi,Mumbai,1,desktop,1,1,0.99,0
T17913,M135,2026-07-31T21:41:43.818155,1398.24,21,0,Hyderabad,Chennai,1,mobile,0,2,0.47,0
T17914,M111,2026-08-17T17:53:25.818163,88333.98,17,0,Bengaluru,Pune,1,mobile,0,2,4.42,0
T17915,M111,2026-08-07T21:21:29.818172,11917.39,21,0,Kolkata,Delhi,1,tablet,0,1,0.6,0
T17916,M135,2026-08-05T06:09:21.818180,4888.7,6,0,Bengaluru,Kolkata,1,mobile,0,1,1.63,0
T17917,M110,2026-07-26T07:42:37.818189,17211.47,7,1,Kolkata,Bengaluru,1,desktop,0,1,0.86,0
T17918,M111,2026-07-24T14:20:32.818197,23535.35,14,0,Bhubaneswar,Hyderabad,1,desktop,0,1,1.18,0
T17919,M130,2026-08-29T18:12:15.818206,1541.19,18,0,Jaipur,Mumbai,1,mobile,0,3,1.03,0
T17920,M122,2026-07-30T18:12:18.818214,525.39,18,0,Pune,Bhubaneswar,1,desktop,0,1,1.05,0
T17921,M133,2026-08-06T22:39:57.818222,5392.84,22,0,Ahmedabad,Chennai,1,tablet,0,5,1.8,0
T17922,M133,2026-09-02T05:59:08.818230,3760.25,5,0,Hyderabad,Bhubaneswar,1,desktop,0,2,1.25,0
T17923,M130,2026-08-23T08:30:36.818238,1874.85,8,0,Delhi,Mumbai,1,desktop,0,1,1.25,0
T17924,M135,2026-08-04T14:27:57.818245,1863.69,14,0,Hyderabad,Hyderabad,0,mobile,0,2,0.62,0
T17925,M127,2026-08-18T13:04:50.818254,25999.85,13,0,Pune,Hyderabad,1,tablet,1,2,1.3,0
T17926,M117,2026-07-24T01:24:28.818261,318.23,1,0,Ahmedabad,Bengaluru,1,desktop,0,1,0.21,0
T17927,M139,2026-09-03T08:02:15.818270,1325.98,8,1,Ahmedabad,Delhi,1,desktop,0,1,0.88,0
T17928,M118,2026-08-30T12:50:52.818278,389.81,12,0,Bhubaneswar,Jaipur,1,mobile,0,4,0.78,0
T17929,M133,2026-08-08T08:32:15.818286,3645.57,8,0,Pune,Bengaluru,1,desktop,0,3,1.22,0
T17930,M118,2026-09-04T15:30:11.818296,527.03,15,0,Delhi,Delhi,0,tablet,0,1,1.05,0
T17931,M138,2026-08-07T19:37:03.818304,545.63,19,1,Jaipur,Pune,1,mobile,1,1,1.09,0
T17932,M108,2026-07-28T10:52:22.818312,2397.31,10,0,Chennai,Kolkata,1,mobile,0,1,1.6,0
T17933,M130,2026-08-19T15:06:32.818320,1283.43,15,0,Chennai,Bengaluru,1,desktop,1,5,0.86,1
T17934,M106,2026-08-14T15:49:44.818328,91.18,15,0,Mumbai,Pune,1,mobile,0,3,0.18,0
T17935,M138,2026-08-22T18:12:58.818336,585.52,18,0,Hyderabad,Bhubaneswar,1,tablet,0,1,1.17,0
T17936,M121,2026-09-05T14:49:49.818344,25726.7,14,0,Hyderabad,Kolkata,1,desktop,0,1,1.29,0
T17937,M136,2026-07-25T16:33:01.818353,1678.89,16,0,Pune,Bengaluru,1,mobile,0,1,1.12,0
T17938,M130,2026-07-29T00:37:11.818361,1703.67,0,0,Chennai,Mumbai,1,desktop,0,2,1.14,0
T17939,M115,2026-08-31T08:23:13.818369,10586.39,8,0,Ahmedabad,Hyderabad,1,desktop,0,3,1.32,0
T17940,M131,2026-08-20T05:00:29.818377,351.58,5,1,Ahmedabad,Kolkata,1,tablet,0,1,0.7,0
T17941,M138,2026-08-25T12:43:47.818385,537.94,12,0,Pune,Bhubaneswar,1,mobile,0,1,1.08,0
T17942,M136,2026-08-07T11:41:01.818392,5649.0,11,0,Mumbai,Bhubaneswar,1,desktop,0,1,3.77,0
T17943,M131,2026-09-04T14:55:47.818401,734.83,14,0,Bhubaneswar,Pune,1,tablet,0,1,1.47,0
T17944,M116,2026-07-29T04:32:37.818409,3393.12,4,1,Delhi,Bengaluru,1,tablet,0,1,1.13,1
T17945,M130,2026-07-24T03:06:14.818417,1111.18,3,0,Pune,Bengaluru,1,desktop,0,3,0.74,0
T17946,M130,2026-08-09T06:55:01.818425,1610.94,6,0,Bhubaneswar,Delhi,1,mobile,0,1,1.07,0
T17947,M114,2026-08-03T09:44:37.818435,767.13,9,0,Kolkata,Kolkata,0,mobile,0,1,1.53,0
T17948,M133,2026-07-28T01:03:59.818443,3305.54,1,0,Bengaluru,Pune,1,mobile,0,1,1.1,0
T17949,M107,2026-09-02T18:54:13.818451,284.4,18,0,Hyderabad,Bengaluru,1,desktop,0,1,0.57,0
T17950,M114,2026-08-21T09:05:43.818458,1318.46,9,0,Chennai,Bengaluru,1,mobile,0,2,2.64,0
T17951,M115,2026-08-21T14:46:21.818467,7614.41,14,0,Kolkata,Mumbai,1,mobile,0,2,0.95,0
T17952,M136,2026-08-29T06:01:07.818477,1535.61,6,1,Kolkata,Delhi,1,desktop,1,1,1.02,1
T17953,M108,2026-07-24T12:43:17.818485,955.53,12,0,Delhi,Delhi,0,mobile,0,1,0.64,0
T17954,M128,2026-08-20T16:28:54.818493,1515.02,16,0,Hyderabad,Bengaluru,1,mobile,0,1,0.08,0
T17955,M114,2026-08-24T22:49:34.818502,758.58,22,1,Delhi,Pune,1,tablet,0,1,1.52,0
T17956,M119,2026-08-02T03:20:47.818512,9647.06,3,1,Ahmedabad,Chennai,1,mobile,1,1,1.21,1
T17957,M119,2026-08-03T20:10:39.818521,7337.14,20,0,Delhi,Chennai,1,mobile,0,1,0.92,0
T17958,M114,2026-08-12T08:24:11.818529,823.41,8,1,Hyderabad,Chennai,1,mobile,0,1,1.65,1
T17959,M112,2026-07-24T18:14:11.818538,5341.73,18,0,Hyderabad,Bhubaneswar,1,desktop,0,1,3.56,0
T17960,M132,2026-07-31T06:24:03.818546,553.81,6,0,Delhi,Kolkata,1,mobile,0,1,1.11,0
T17961,M135,2026-07-26T04:05:49.818555,5195.82,4,0,Pune,Chennai,1,tablet,0,5,1.73,0
T17962,M115,2026-08-02T15:37:47.818563,4174.46,15,0,Delhi,Pune,1,desktop,0,1,0.52,0
T17963,M110,2026-08-06T14:25:16.818571,34250.64,14,0,Ahmedabad,Chennai,1,desktop,0,4,1.71,0
T17964,M136,2026-07-29T10:17:41.818579,1742.8,10,0,Delhi,Hyderabad,1,desktop,0,1,1.16,0
T17965,M137,2026-08-13T22:09:42.818587,2851.92,22,1,Bhubaneswar,Ahmedabad,1,tablet,1,5,0.95,1
T17966,M132,2026-08-22T18:34:26.818595,566.43,18,0,Kolkata,Ahmedabad,1,tablet,0,1,1.13,0
T17967,M113,2026-08-13T03:02:35.818604,17461.59,3,0,Bhubaneswar,Chennai,1,tablet,0,2,0.87,0
T17968,M131,2026-07-31T23:32:41.818612,563.81,23,1,Bengaluru,Delhi,1,mobile,1,1,1.13,0
T17969,M116,2026-08-12T06:06:10.818620,3072.6,6,1,Delhi,Hyderabad,1,tablet,0,2,1.02,0
T17970,M114,2026-08-03T19:52:57.818628,718.1,19,0,Chennai,Bhubaneswar,1,mobile,0,1,1.44,0
T17971,M108,2026-08-28T02:59:08.818636,1825.21,2,1,Hyderabad,Ahmedabad,1,tablet,0,2,1.22,0
T17972,M129,2026-08-11T07:26:03.818644,673.96,7,1,Delhi,Mumbai,1,mobile,1,1,1.35,1
T17973,M104,2026-08-11T23:33:01.818652,36488.72,23,1,Mumbai,Chennai,1,mobile,0,1,1.82,0
T17974,M125,2026-07-29T06:33:21.818660,683.53,6,1,Kolkata,Bhubaneswar,1,mobile,0,1,1.37,0
T17975,M105,2026-07-28T05:24:21.818668,26502.93,5,0,Jaipur,Bengaluru,1,mobile,0,1,1.33,0
T17976,M100,2026-08-10T05:35:28.818676,807.43,5,1,Delhi,Jaipur,1,desktop,0,2,1.61,1
T17977,M126,2026-08-27T12:04:37.818685,5429.42,12,0,Delhi,Pune,1,mobile,0,1,1.81,0
T17978,M121,2026-08-10T17:20:05.818693,16641.77,17,0,Chennai,Hyderabad,1,mobile,0,1,0.83,0
T17979,M106,2026-08-04T13:46:48.818701,485.69,13,0,Bhubaneswar,Bengaluru,1,tablet,0,1,0.97,0
T17980,M123,2026-08-26T04:08:38.818708,5497.09,4,1,Ahmedabad,Bengaluru,1,desktop,0,1,0.69,0
T17981,M138,2026-08-29T00:32:49.818718,371.2,0,1,Bhubaneswar,Delhi,1,desktop,1,1,0.74,1
T17982,M128,2026-09-02T14:29:34.818727,19888.79,14,0,Bengaluru,Chennai,1,mobile,0,1,0.99,0
T17983,M102,2026-07-23T14:14:44.818735,1100.16,14,0,Bengaluru,Pune,1,tablet,0,1,0.73,0
T17984,M124,2026-08-24T11:33:49.818743,686.4,11,0,Ahmedabad,Bengaluru,1,desktop,1,2,1.37,0
T17985,M114,2026-07-30T14:46:03.818751,404.22,14,0,Bengaluru,Hyderabad,1,tablet,0,1,0.81,0
T17986,M116,2026-07-28T06:11:51.818758,28385.44,6,1,Pune,Bhubaneswar,1,mobile,0,1,9.46,1
T17987,M100,2026-08-03T13:07:16.818768,2829.3,13,0,Jaipur,Hyderabad,1,desktop,0,1,5.66,0
T17988,M124,2026-08-12T14:32:32.818777,582.31,14,0,Mumbai,Kolkata,1,desktop,0,1,1.16,0
T17989,M118,2026-08-29T12:46:54.818785,755.41,12,0,Mumbai,Kolkata,1,desktop,0,2,1.51,0
T17990,M123,2026-07-26T05:24:28.818793,7303.8,5,1,Bengaluru,Hyderabad,1,mobile,0,1,0.91,0
T17991,M117,2026-08-20T01:21:26.818804,1732.49,1,0,Bengaluru,Jaipur,1,desktop,0,2,1.15,0
T17992,M102,2026-08-15T01:34:37.818812,1181.65,1,1,Bhubaneswar,Jaipur,1,mobile,0,3,0.79,1
T17993,M137,2026-08-25T05:03:50.818820,4605.32,5,1,Mumbai,Mumbai,0,mobile,1,1,1.54,0
T17994,M133,2026-09-04T20:11:15.818828,1778.87,20,0,Hyderabad,Kolkata,1,desktop,0,3,0.59,0
T17995,M108,2026-08-24T11:49:55.818837,1178.88,11,0,Delhi,Kolkata,1,tablet,0,1,0.79,0
T17996,M110,2026-08-25T17:37:45.818844,9695.43,17,0,Ahmedabad,Bhubaneswar,1,mobile,0,2,0.48,0
T17997,M139,2026-08-12T23:39:52.818856,1499.81,23,1,Hyderabad,Pune,1,desktop,0,1,1.0,0
T17998,M105,2026-08-07T07:48:22.818864,34403.6,7,0,Pune,Ahmedabad,1,tablet,0,1,1.72,0
T17999,M133,2026-07-28T19:04:29.818872,5206.2,19,0,Mumbai,Delhi,1,tablet,0,1,1.74,0
